/*
 Navicat MySQL Data Transfer

 Source Server         : localhost
 Source Server Type    : MySQL
 Source Server Version : 80021
 Source Host           : localhost:3306
 Source Schema         : suse_shops

 Target Server Type    : MySQL
 Target Server Version : 80021
 File Encoding         : 65001

 Date: 25/08/2022 09:55:38
*/

SET NAMES utf8mb4;
SET FOREIGN_KEY_CHECKS = 0;

-- ----------------------------
-- Table structure for tz_addr
-- ----------------------------
DROP TABLE IF EXISTS `tz_addr`;
CREATE TABLE `tz_addr`  (
  `id` int(0) NOT NULL,
  `address` varchar(255) CHARACTER SET utf8mb4 COLLATE utf8mb4_0900_ai_ci NULL DEFAULT NULL COMMENT '地址',
  `remark` varchar(255) CHARACTER SET utf8mb4 COLLATE utf8mb4_0900_ai_ci NULL DEFAULT NULL COMMENT '备注',
  PRIMARY KEY (`id`) USING BTREE
) ENGINE = InnoDB CHARACTER SET = utf8mb4 COLLATE = utf8mb4_0900_ai_ci ROW_FORMAT = Dynamic;

-- ----------------------------
-- Records of tz_addr
-- ----------------------------
INSERT INTO `tz_addr` VALUES (1, '宜宾校区-白酒学院', NULL);
INSERT INTO `tz_addr` VALUES (2, '自贡-汇南校区', NULL);
INSERT INTO `tz_addr` VALUES (3, '自贡-汇北校区', NULL);
INSERT INTO `tz_addr` VALUES (4, '自贡-李白河校区', NULL);

-- ----------------------------
-- Table structure for tz_addr_prod
-- ----------------------------
DROP TABLE IF EXISTS `tz_addr_prod`;
CREATE TABLE `tz_addr_prod`  (
  `id` int(0) NOT NULL AUTO_INCREMENT,
  `prod_id` bigint(0) NULL DEFAULT NULL COMMENT '商品ID',
  `addr_id` int(0) NULL DEFAULT NULL COMMENT '地址ID',
  PRIMARY KEY (`id`) USING BTREE
) ENGINE = InnoDB AUTO_INCREMENT = 17 CHARACTER SET = utf8mb4 COLLATE = utf8mb4_0900_ai_ci ROW_FORMAT = Dynamic;

-- ----------------------------
-- Records of tz_addr_prod
-- ----------------------------
INSERT INTO `tz_addr_prod` VALUES (1, 86, 1);
INSERT INTO `tz_addr_prod` VALUES (2, 88, 2);
INSERT INTO `tz_addr_prod` VALUES (3, 89, 1);
INSERT INTO `tz_addr_prod` VALUES (4, 90, 3);
INSERT INTO `tz_addr_prod` VALUES (5, 91, 2);
INSERT INTO `tz_addr_prod` VALUES (6, 92, 1);
INSERT INTO `tz_addr_prod` VALUES (7, 93, 1);
INSERT INTO `tz_addr_prod` VALUES (8, 94, 2);
INSERT INTO `tz_addr_prod` VALUES (9, 95, 3);
INSERT INTO `tz_addr_prod` VALUES (10, 96, 2);
INSERT INTO `tz_addr_prod` VALUES (11, 97, 2);
INSERT INTO `tz_addr_prod` VALUES (12, 98, 1);
INSERT INTO `tz_addr_prod` VALUES (13, 99, 1);
INSERT INTO `tz_addr_prod` VALUES (14, 100, 2);
INSERT INTO `tz_addr_prod` VALUES (15, 101, 2);
INSERT INTO `tz_addr_prod` VALUES (16, 102, 3);
INSERT INTO `tz_addr_prod` VALUES (17, 108, 2);

-- ----------------------------
-- Table structure for tz_address_template
-- ----------------------------
DROP TABLE IF EXISTS `tz_address_template`;
CREATE TABLE `tz_address_template`  (
  `id` int(0) NOT NULL,
  `address` varchar(255) CHARACTER SET utf8mb4 COLLATE utf8mb4_0900_ai_ci NULL DEFAULT NULL,
  `datail_address` varchar(500) CHARACTER SET utf8mb4 COLLATE utf8mb4_0900_ai_ci NULL DEFAULT NULL,
  PRIMARY KEY (`id`) USING BTREE
) ENGINE = InnoDB CHARACTER SET = utf8mb4 COLLATE = utf8mb4_0900_ai_ci ROW_FORMAT = Dynamic;

-- ----------------------------
-- Records of tz_address_template
-- ----------------------------

-- ----------------------------
-- Table structure for tz_area
-- ----------------------------
DROP TABLE IF EXISTS `tz_area`;
CREATE TABLE `tz_area`  (
  `area_id` bigint(0) NOT NULL AUTO_INCREMENT,
  `area_name` varchar(50) CHARACTER SET utf8 COLLATE utf8_general_ci NULL DEFAULT NULL,
  `parent_id` bigint(0) NULL DEFAULT NULL,
  `level` int(0) NULL DEFAULT NULL,
  PRIMARY KEY (`area_id`) USING BTREE,
  INDEX `parent_id`(`parent_id`) USING BTREE COMMENT '上级id'
) ENGINE = InnoDB AUTO_INCREMENT = 659006000000 CHARACTER SET = utf8 COLLATE = utf8_general_ci ROW_FORMAT = Dynamic;

-- ----------------------------
-- Records of tz_area
-- ----------------------------
INSERT INTO `tz_area` VALUES (110000000000, '北京市', 0, 1);
INSERT INTO `tz_area` VALUES (110100000000, '市辖区', 110000000000, 2);
INSERT INTO `tz_area` VALUES (110101000000, '东城区', 110100000000, 3);
INSERT INTO `tz_area` VALUES (110102000000, '西城区', 110100000000, 3);
INSERT INTO `tz_area` VALUES (110105000000, '朝阳区', 110100000000, 3);
INSERT INTO `tz_area` VALUES (110106000000, '丰台区', 110100000000, 3);
INSERT INTO `tz_area` VALUES (110107000000, '石景山区', 110100000000, 3);
INSERT INTO `tz_area` VALUES (110108000000, '海淀区', 110100000000, 3);
INSERT INTO `tz_area` VALUES (110109000000, '门头沟区', 110100000000, 3);
INSERT INTO `tz_area` VALUES (110111000000, '房山区', 110100000000, 3);
INSERT INTO `tz_area` VALUES (110112000000, '通州区', 110100000000, 3);
INSERT INTO `tz_area` VALUES (110113000000, '顺义区', 110100000000, 3);
INSERT INTO `tz_area` VALUES (110114000000, '昌平区', 110100000000, 3);
INSERT INTO `tz_area` VALUES (110115000000, '大兴区', 110100000000, 3);
INSERT INTO `tz_area` VALUES (110116000000, '怀柔区', 110100000000, 3);
INSERT INTO `tz_area` VALUES (110117000000, '平谷区', 110100000000, 3);
INSERT INTO `tz_area` VALUES (110118000000, '密云区', 110100000000, 3);
INSERT INTO `tz_area` VALUES (110119000000, '延庆区', 110100000000, 3);
INSERT INTO `tz_area` VALUES (120000000000, '天津市', 0, 1);
INSERT INTO `tz_area` VALUES (120100000000, '市辖区', 120000000000, 2);
INSERT INTO `tz_area` VALUES (120101000000, '和平区', 120100000000, 3);
INSERT INTO `tz_area` VALUES (120102000000, '河东区', 120100000000, 3);
INSERT INTO `tz_area` VALUES (120103000000, '河西区', 120100000000, 3);
INSERT INTO `tz_area` VALUES (120104000000, '南开区', 120100000000, 3);
INSERT INTO `tz_area` VALUES (120105000000, '河北区', 120100000000, 3);
INSERT INTO `tz_area` VALUES (120106000000, '红桥区', 120100000000, 3);
INSERT INTO `tz_area` VALUES (120110000000, '东丽区', 120100000000, 3);
INSERT INTO `tz_area` VALUES (120111000000, '西青区', 120100000000, 3);
INSERT INTO `tz_area` VALUES (120112000000, '津南区', 120100000000, 3);
INSERT INTO `tz_area` VALUES (120113000000, '北辰区', 120100000000, 3);
INSERT INTO `tz_area` VALUES (120114000000, '武清区', 120100000000, 3);
INSERT INTO `tz_area` VALUES (120115000000, '宝坻区', 120100000000, 3);
INSERT INTO `tz_area` VALUES (120116000000, '滨海新区', 120100000000, 3);
INSERT INTO `tz_area` VALUES (120117000000, '宁河区', 120100000000, 3);
INSERT INTO `tz_area` VALUES (120118000000, '静海区', 120100000000, 3);
INSERT INTO `tz_area` VALUES (120119000000, '蓟州区', 120100000000, 3);
INSERT INTO `tz_area` VALUES (130000000000, '河北省', 0, 1);
INSERT INTO `tz_area` VALUES (130100000000, '石家庄市', 130000000000, 2);
INSERT INTO `tz_area` VALUES (130101000000, '市辖区', 130100000000, 3);
INSERT INTO `tz_area` VALUES (130102000000, '长安区', 130100000000, 3);
INSERT INTO `tz_area` VALUES (130104000000, '桥西区', 130100000000, 3);
INSERT INTO `tz_area` VALUES (130105000000, '新华区', 130100000000, 3);
INSERT INTO `tz_area` VALUES (130107000000, '井陉矿区', 130100000000, 3);
INSERT INTO `tz_area` VALUES (130108000000, '裕华区', 130100000000, 3);
INSERT INTO `tz_area` VALUES (130109000000, '藁城区', 130100000000, 3);
INSERT INTO `tz_area` VALUES (130110000000, '鹿泉区', 130100000000, 3);
INSERT INTO `tz_area` VALUES (130111000000, '栾城区', 130100000000, 3);
INSERT INTO `tz_area` VALUES (130121000000, '井陉县', 130100000000, 3);
INSERT INTO `tz_area` VALUES (130123000000, '正定县', 130100000000, 3);
INSERT INTO `tz_area` VALUES (130125000000, '行唐县', 130100000000, 3);
INSERT INTO `tz_area` VALUES (130126000000, '灵寿县', 130100000000, 3);
INSERT INTO `tz_area` VALUES (130127000000, '高邑县', 130100000000, 3);
INSERT INTO `tz_area` VALUES (130128000000, '深泽县', 130100000000, 3);
INSERT INTO `tz_area` VALUES (130129000000, '赞皇县', 130100000000, 3);
INSERT INTO `tz_area` VALUES (130130000000, '无极县', 130100000000, 3);
INSERT INTO `tz_area` VALUES (130131000000, '平山县', 130100000000, 3);
INSERT INTO `tz_area` VALUES (130132000000, '元氏县', 130100000000, 3);
INSERT INTO `tz_area` VALUES (130133000000, '赵县', 130100000000, 3);
INSERT INTO `tz_area` VALUES (130171000000, '石家庄高新技术产业开发区', 130100000000, 3);
INSERT INTO `tz_area` VALUES (130172000000, '石家庄循环化工园区', 130100000000, 3);
INSERT INTO `tz_area` VALUES (130181000000, '辛集市', 130100000000, 3);
INSERT INTO `tz_area` VALUES (130183000000, '晋州市', 130100000000, 3);
INSERT INTO `tz_area` VALUES (130184000000, '新乐市', 130100000000, 3);
INSERT INTO `tz_area` VALUES (130200000000, '唐山市', 130000000000, 2);
INSERT INTO `tz_area` VALUES (130201000000, '市辖区', 130200000000, 3);
INSERT INTO `tz_area` VALUES (130202000000, '路南区', 130200000000, 3);
INSERT INTO `tz_area` VALUES (130203000000, '路北区', 130200000000, 3);
INSERT INTO `tz_area` VALUES (130204000000, '古冶区', 130200000000, 3);
INSERT INTO `tz_area` VALUES (130205000000, '开平区', 130200000000, 3);
INSERT INTO `tz_area` VALUES (130207000000, '丰南区', 130200000000, 3);
INSERT INTO `tz_area` VALUES (130208000000, '丰润区', 130200000000, 3);
INSERT INTO `tz_area` VALUES (130209000000, '曹妃甸区', 130200000000, 3);
INSERT INTO `tz_area` VALUES (130224000000, '滦南县', 130200000000, 3);
INSERT INTO `tz_area` VALUES (130225000000, '乐亭县', 130200000000, 3);
INSERT INTO `tz_area` VALUES (130227000000, '迁西县', 130200000000, 3);
INSERT INTO `tz_area` VALUES (130229000000, '玉田县', 130200000000, 3);
INSERT INTO `tz_area` VALUES (130271000000, '唐山市芦台经济技术开发区', 130200000000, 3);
INSERT INTO `tz_area` VALUES (130272000000, '唐山市汉沽管理区', 130200000000, 3);
INSERT INTO `tz_area` VALUES (130273000000, '唐山高新技术产业开发区', 130200000000, 3);
INSERT INTO `tz_area` VALUES (130274000000, '河北唐山海港经济开发区', 130200000000, 3);
INSERT INTO `tz_area` VALUES (130281000000, '遵化市', 130200000000, 3);
INSERT INTO `tz_area` VALUES (130283000000, '迁安市', 130200000000, 3);
INSERT INTO `tz_area` VALUES (130284000000, '滦州市', 130200000000, 3);
INSERT INTO `tz_area` VALUES (130300000000, '秦皇岛市', 130000000000, 2);
INSERT INTO `tz_area` VALUES (130301000000, '市辖区', 130300000000, 3);
INSERT INTO `tz_area` VALUES (130302000000, '海港区', 130300000000, 3);
INSERT INTO `tz_area` VALUES (130303000000, '山海关区', 130300000000, 3);
INSERT INTO `tz_area` VALUES (130304000000, '北戴河区', 130300000000, 3);
INSERT INTO `tz_area` VALUES (130306000000, '抚宁区', 130300000000, 3);
INSERT INTO `tz_area` VALUES (130321000000, '青龙满族自治县', 130300000000, 3);
INSERT INTO `tz_area` VALUES (130322000000, '昌黎县', 130300000000, 3);
INSERT INTO `tz_area` VALUES (130324000000, '卢龙县', 130300000000, 3);
INSERT INTO `tz_area` VALUES (130371000000, '秦皇岛市经济技术开发区', 130300000000, 3);
INSERT INTO `tz_area` VALUES (130372000000, '北戴河新区', 130300000000, 3);
INSERT INTO `tz_area` VALUES (130400000000, '邯郸市', 130000000000, 2);
INSERT INTO `tz_area` VALUES (130401000000, '市辖区', 130400000000, 3);
INSERT INTO `tz_area` VALUES (130402000000, '邯山区', 130400000000, 3);
INSERT INTO `tz_area` VALUES (130403000000, '丛台区', 130400000000, 3);
INSERT INTO `tz_area` VALUES (130404000000, '复兴区', 130400000000, 3);
INSERT INTO `tz_area` VALUES (130406000000, '峰峰矿区', 130400000000, 3);
INSERT INTO `tz_area` VALUES (130407000000, '肥乡区', 130400000000, 3);
INSERT INTO `tz_area` VALUES (130408000000, '永年区', 130400000000, 3);
INSERT INTO `tz_area` VALUES (130423000000, '临漳县', 130400000000, 3);
INSERT INTO `tz_area` VALUES (130424000000, '成安县', 130400000000, 3);
INSERT INTO `tz_area` VALUES (130425000000, '大名县', 130400000000, 3);
INSERT INTO `tz_area` VALUES (130426000000, '涉县', 130400000000, 3);
INSERT INTO `tz_area` VALUES (130427000000, '磁县', 130400000000, 3);
INSERT INTO `tz_area` VALUES (130430000000, '邱县', 130400000000, 3);
INSERT INTO `tz_area` VALUES (130431000000, '鸡泽县', 130400000000, 3);
INSERT INTO `tz_area` VALUES (130432000000, '广平县', 130400000000, 3);
INSERT INTO `tz_area` VALUES (130433000000, '馆陶县', 130400000000, 3);
INSERT INTO `tz_area` VALUES (130434000000, '魏县', 130400000000, 3);
INSERT INTO `tz_area` VALUES (130435000000, '曲周县', 130400000000, 3);
INSERT INTO `tz_area` VALUES (130471000000, '邯郸经济技术开发区', 130400000000, 3);
INSERT INTO `tz_area` VALUES (130473000000, '邯郸冀南新区', 130400000000, 3);
INSERT INTO `tz_area` VALUES (130481000000, '武安市', 130400000000, 3);
INSERT INTO `tz_area` VALUES (130500000000, '邢台市', 130000000000, 2);
INSERT INTO `tz_area` VALUES (130501000000, '市辖区', 130500000000, 3);
INSERT INTO `tz_area` VALUES (130502000000, '桥东区', 130500000000, 3);
INSERT INTO `tz_area` VALUES (130503000000, '桥西区', 130500000000, 3);
INSERT INTO `tz_area` VALUES (130521000000, '邢台县', 130500000000, 3);
INSERT INTO `tz_area` VALUES (130522000000, '临城县', 130500000000, 3);
INSERT INTO `tz_area` VALUES (130523000000, '内丘县', 130500000000, 3);
INSERT INTO `tz_area` VALUES (130524000000, '柏乡县', 130500000000, 3);
INSERT INTO `tz_area` VALUES (130525000000, '隆尧县', 130500000000, 3);
INSERT INTO `tz_area` VALUES (130526000000, '任县', 130500000000, 3);
INSERT INTO `tz_area` VALUES (130527000000, '南和县', 130500000000, 3);
INSERT INTO `tz_area` VALUES (130528000000, '宁晋县', 130500000000, 3);
INSERT INTO `tz_area` VALUES (130529000000, '巨鹿县', 130500000000, 3);
INSERT INTO `tz_area` VALUES (130530000000, '新河县', 130500000000, 3);
INSERT INTO `tz_area` VALUES (130531000000, '广宗县', 130500000000, 3);
INSERT INTO `tz_area` VALUES (130532000000, '平乡县', 130500000000, 3);
INSERT INTO `tz_area` VALUES (130533000000, '威县', 130500000000, 3);
INSERT INTO `tz_area` VALUES (130534000000, '清河县', 130500000000, 3);
INSERT INTO `tz_area` VALUES (130535000000, '临西县', 130500000000, 3);
INSERT INTO `tz_area` VALUES (130571000000, '河北邢台经济开发区', 130500000000, 3);
INSERT INTO `tz_area` VALUES (130581000000, '南宫市', 130500000000, 3);
INSERT INTO `tz_area` VALUES (130582000000, '沙河市', 130500000000, 3);
INSERT INTO `tz_area` VALUES (130600000000, '保定市', 130000000000, 2);
INSERT INTO `tz_area` VALUES (130601000000, '市辖区', 130600000000, 3);
INSERT INTO `tz_area` VALUES (130602000000, '竞秀区', 130600000000, 3);
INSERT INTO `tz_area` VALUES (130606000000, '莲池区', 130600000000, 3);
INSERT INTO `tz_area` VALUES (130607000000, '满城区', 130600000000, 3);
INSERT INTO `tz_area` VALUES (130608000000, '清苑区', 130600000000, 3);
INSERT INTO `tz_area` VALUES (130609000000, '徐水区', 130600000000, 3);
INSERT INTO `tz_area` VALUES (130623000000, '涞水县', 130600000000, 3);
INSERT INTO `tz_area` VALUES (130624000000, '阜平县', 130600000000, 3);
INSERT INTO `tz_area` VALUES (130626000000, '定兴县', 130600000000, 3);
INSERT INTO `tz_area` VALUES (130627000000, '唐县', 130600000000, 3);
INSERT INTO `tz_area` VALUES (130628000000, '高阳县', 130600000000, 3);
INSERT INTO `tz_area` VALUES (130629000000, '容城县', 130600000000, 3);
INSERT INTO `tz_area` VALUES (130630000000, '涞源县', 130600000000, 3);
INSERT INTO `tz_area` VALUES (130631000000, '望都县', 130600000000, 3);
INSERT INTO `tz_area` VALUES (130632000000, '安新县', 130600000000, 3);
INSERT INTO `tz_area` VALUES (130633000000, '易县', 130600000000, 3);
INSERT INTO `tz_area` VALUES (130634000000, '曲阳县', 130600000000, 3);
INSERT INTO `tz_area` VALUES (130635000000, '蠡县', 130600000000, 3);
INSERT INTO `tz_area` VALUES (130636000000, '顺平县', 130600000000, 3);
INSERT INTO `tz_area` VALUES (130637000000, '博野县', 130600000000, 3);
INSERT INTO `tz_area` VALUES (130638000000, '雄县', 130600000000, 3);
INSERT INTO `tz_area` VALUES (130671000000, '保定高新技术产业开发区', 130600000000, 3);
INSERT INTO `tz_area` VALUES (130672000000, '保定白沟新城', 130600000000, 3);
INSERT INTO `tz_area` VALUES (130681000000, '涿州市', 130600000000, 3);
INSERT INTO `tz_area` VALUES (130682000000, '定州市', 130600000000, 3);
INSERT INTO `tz_area` VALUES (130683000000, '安国市', 130600000000, 3);
INSERT INTO `tz_area` VALUES (130684000000, '高碑店市', 130600000000, 3);
INSERT INTO `tz_area` VALUES (130700000000, '张家口市', 130000000000, 2);
INSERT INTO `tz_area` VALUES (130701000000, '市辖区', 130700000000, 3);
INSERT INTO `tz_area` VALUES (130702000000, '桥东区', 130700000000, 3);
INSERT INTO `tz_area` VALUES (130703000000, '桥西区', 130700000000, 3);
INSERT INTO `tz_area` VALUES (130705000000, '宣化区', 130700000000, 3);
INSERT INTO `tz_area` VALUES (130706000000, '下花园区', 130700000000, 3);
INSERT INTO `tz_area` VALUES (130708000000, '万全区', 130700000000, 3);
INSERT INTO `tz_area` VALUES (130709000000, '崇礼区', 130700000000, 3);
INSERT INTO `tz_area` VALUES (130722000000, '张北县', 130700000000, 3);
INSERT INTO `tz_area` VALUES (130723000000, '康保县', 130700000000, 3);
INSERT INTO `tz_area` VALUES (130724000000, '沽源县', 130700000000, 3);
INSERT INTO `tz_area` VALUES (130725000000, '尚义县', 130700000000, 3);
INSERT INTO `tz_area` VALUES (130726000000, '蔚县', 130700000000, 3);
INSERT INTO `tz_area` VALUES (130727000000, '阳原县', 130700000000, 3);
INSERT INTO `tz_area` VALUES (130728000000, '怀安县', 130700000000, 3);
INSERT INTO `tz_area` VALUES (130730000000, '怀来县', 130700000000, 3);
INSERT INTO `tz_area` VALUES (130731000000, '涿鹿县', 130700000000, 3);
INSERT INTO `tz_area` VALUES (130732000000, '赤城县', 130700000000, 3);
INSERT INTO `tz_area` VALUES (130771000000, '张家口市高新技术产业开发区', 130700000000, 3);
INSERT INTO `tz_area` VALUES (130772000000, '张家口市察北管理区', 130700000000, 3);
INSERT INTO `tz_area` VALUES (130773000000, '张家口市塞北管理区', 130700000000, 3);
INSERT INTO `tz_area` VALUES (130800000000, '承德市', 130000000000, 2);
INSERT INTO `tz_area` VALUES (130801000000, '市辖区', 130800000000, 3);
INSERT INTO `tz_area` VALUES (130802000000, '双桥区', 130800000000, 3);
INSERT INTO `tz_area` VALUES (130803000000, '双滦区', 130800000000, 3);
INSERT INTO `tz_area` VALUES (130804000000, '鹰手营子矿区', 130800000000, 3);
INSERT INTO `tz_area` VALUES (130821000000, '承德县', 130800000000, 3);
INSERT INTO `tz_area` VALUES (130822000000, '兴隆县', 130800000000, 3);
INSERT INTO `tz_area` VALUES (130824000000, '滦平县', 130800000000, 3);
INSERT INTO `tz_area` VALUES (130825000000, '隆化县', 130800000000, 3);
INSERT INTO `tz_area` VALUES (130826000000, '丰宁满族自治县', 130800000000, 3);
INSERT INTO `tz_area` VALUES (130827000000, '宽城满族自治县', 130800000000, 3);
INSERT INTO `tz_area` VALUES (130828000000, '围场满族蒙古族自治县', 130800000000, 3);
INSERT INTO `tz_area` VALUES (130871000000, '承德高新技术产业开发区', 130800000000, 3);
INSERT INTO `tz_area` VALUES (130881000000, '平泉市', 130800000000, 3);
INSERT INTO `tz_area` VALUES (130900000000, '沧州市', 130000000000, 2);
INSERT INTO `tz_area` VALUES (130901000000, '市辖区', 130900000000, 3);
INSERT INTO `tz_area` VALUES (130902000000, '新华区', 130900000000, 3);
INSERT INTO `tz_area` VALUES (130903000000, '运河区', 130900000000, 3);
INSERT INTO `tz_area` VALUES (130921000000, '沧县', 130900000000, 3);
INSERT INTO `tz_area` VALUES (130922000000, '青县', 130900000000, 3);
INSERT INTO `tz_area` VALUES (130923000000, '东光县', 130900000000, 3);
INSERT INTO `tz_area` VALUES (130924000000, '海兴县', 130900000000, 3);
INSERT INTO `tz_area` VALUES (130925000000, '盐山县', 130900000000, 3);
INSERT INTO `tz_area` VALUES (130926000000, '肃宁县', 130900000000, 3);
INSERT INTO `tz_area` VALUES (130927000000, '南皮县', 130900000000, 3);
INSERT INTO `tz_area` VALUES (130928000000, '吴桥县', 130900000000, 3);
INSERT INTO `tz_area` VALUES (130929000000, '献县', 130900000000, 3);
INSERT INTO `tz_area` VALUES (130930000000, '孟村回族自治县', 130900000000, 3);
INSERT INTO `tz_area` VALUES (130971000000, '河北沧州经济开发区', 130900000000, 3);
INSERT INTO `tz_area` VALUES (130972000000, '沧州高新技术产业开发区', 130900000000, 3);
INSERT INTO `tz_area` VALUES (130973000000, '沧州渤海新区', 130900000000, 3);
INSERT INTO `tz_area` VALUES (130981000000, '泊头市', 130900000000, 3);
INSERT INTO `tz_area` VALUES (130982000000, '任丘市', 130900000000, 3);
INSERT INTO `tz_area` VALUES (130983000000, '黄骅市', 130900000000, 3);
INSERT INTO `tz_area` VALUES (130984000000, '河间市', 130900000000, 3);
INSERT INTO `tz_area` VALUES (131000000000, '廊坊市', 130000000000, 2);
INSERT INTO `tz_area` VALUES (131001000000, '市辖区', 131000000000, 3);
INSERT INTO `tz_area` VALUES (131002000000, '安次区', 131000000000, 3);
INSERT INTO `tz_area` VALUES (131003000000, '广阳区', 131000000000, 3);
INSERT INTO `tz_area` VALUES (131022000000, '固安县', 131000000000, 3);
INSERT INTO `tz_area` VALUES (131023000000, '永清县', 131000000000, 3);
INSERT INTO `tz_area` VALUES (131024000000, '香河县', 131000000000, 3);
INSERT INTO `tz_area` VALUES (131025000000, '大城县', 131000000000, 3);
INSERT INTO `tz_area` VALUES (131026000000, '文安县', 131000000000, 3);
INSERT INTO `tz_area` VALUES (131028000000, '大厂回族自治县', 131000000000, 3);
INSERT INTO `tz_area` VALUES (131071000000, '廊坊经济技术开发区', 131000000000, 3);
INSERT INTO `tz_area` VALUES (131081000000, '霸州市', 131000000000, 3);
INSERT INTO `tz_area` VALUES (131082000000, '三河市', 131000000000, 3);
INSERT INTO `tz_area` VALUES (131100000000, '衡水市', 130000000000, 2);
INSERT INTO `tz_area` VALUES (131101000000, '市辖区', 131100000000, 3);
INSERT INTO `tz_area` VALUES (131102000000, '桃城区', 131100000000, 3);
INSERT INTO `tz_area` VALUES (131103000000, '冀州区', 131100000000, 3);
INSERT INTO `tz_area` VALUES (131121000000, '枣强县', 131100000000, 3);
INSERT INTO `tz_area` VALUES (131122000000, '武邑县', 131100000000, 3);
INSERT INTO `tz_area` VALUES (131123000000, '武强县', 131100000000, 3);
INSERT INTO `tz_area` VALUES (131124000000, '饶阳县', 131100000000, 3);
INSERT INTO `tz_area` VALUES (131125000000, '安平县', 131100000000, 3);
INSERT INTO `tz_area` VALUES (131126000000, '故城县', 131100000000, 3);
INSERT INTO `tz_area` VALUES (131127000000, '景县', 131100000000, 3);
INSERT INTO `tz_area` VALUES (131128000000, '阜城县', 131100000000, 3);
INSERT INTO `tz_area` VALUES (131171000000, '河北衡水高新技术产业开发区', 131100000000, 3);
INSERT INTO `tz_area` VALUES (131172000000, '衡水滨湖新区', 131100000000, 3);
INSERT INTO `tz_area` VALUES (131182000000, '深州市', 131100000000, 3);
INSERT INTO `tz_area` VALUES (140000000000, '山西省', 0, 1);
INSERT INTO `tz_area` VALUES (140100000000, '太原市', 140000000000, 2);
INSERT INTO `tz_area` VALUES (140101000000, '市辖区', 140100000000, 3);
INSERT INTO `tz_area` VALUES (140105000000, '小店区', 140100000000, 3);
INSERT INTO `tz_area` VALUES (140106000000, '迎泽区', 140100000000, 3);
INSERT INTO `tz_area` VALUES (140107000000, '杏花岭区', 140100000000, 3);
INSERT INTO `tz_area` VALUES (140108000000, '尖草坪区', 140100000000, 3);
INSERT INTO `tz_area` VALUES (140109000000, '万柏林区', 140100000000, 3);
INSERT INTO `tz_area` VALUES (140110000000, '晋源区', 140100000000, 3);
INSERT INTO `tz_area` VALUES (140121000000, '清徐县', 140100000000, 3);
INSERT INTO `tz_area` VALUES (140122000000, '阳曲县', 140100000000, 3);
INSERT INTO `tz_area` VALUES (140123000000, '娄烦县', 140100000000, 3);
INSERT INTO `tz_area` VALUES (140171000000, '山西转型综合改革示范区', 140100000000, 3);
INSERT INTO `tz_area` VALUES (140181000000, '古交市', 140100000000, 3);
INSERT INTO `tz_area` VALUES (140200000000, '大同市', 140000000000, 2);
INSERT INTO `tz_area` VALUES (140201000000, '市辖区', 140200000000, 3);
INSERT INTO `tz_area` VALUES (140212000000, '新荣区', 140200000000, 3);
INSERT INTO `tz_area` VALUES (140213000000, '平城区', 140200000000, 3);
INSERT INTO `tz_area` VALUES (140214000000, '云冈区', 140200000000, 3);
INSERT INTO `tz_area` VALUES (140215000000, '云州区', 140200000000, 3);
INSERT INTO `tz_area` VALUES (140221000000, '阳高县', 140200000000, 3);
INSERT INTO `tz_area` VALUES (140222000000, '天镇县', 140200000000, 3);
INSERT INTO `tz_area` VALUES (140223000000, '广灵县', 140200000000, 3);
INSERT INTO `tz_area` VALUES (140224000000, '灵丘县', 140200000000, 3);
INSERT INTO `tz_area` VALUES (140225000000, '浑源县', 140200000000, 3);
INSERT INTO `tz_area` VALUES (140226000000, '左云县', 140200000000, 3);
INSERT INTO `tz_area` VALUES (140271000000, '山西大同经济开发区', 140200000000, 3);
INSERT INTO `tz_area` VALUES (140300000000, '阳泉市', 140000000000, 2);
INSERT INTO `tz_area` VALUES (140301000000, '市辖区', 140300000000, 3);
INSERT INTO `tz_area` VALUES (140302000000, '城区', 140300000000, 3);
INSERT INTO `tz_area` VALUES (140303000000, '矿区', 140300000000, 3);
INSERT INTO `tz_area` VALUES (140311000000, '郊区', 140300000000, 3);
INSERT INTO `tz_area` VALUES (140321000000, '平定县', 140300000000, 3);
INSERT INTO `tz_area` VALUES (140322000000, '盂县', 140300000000, 3);
INSERT INTO `tz_area` VALUES (140400000000, '长治市', 140000000000, 2);
INSERT INTO `tz_area` VALUES (140401000000, '市辖区', 140400000000, 3);
INSERT INTO `tz_area` VALUES (140412000000, '潞州区', 140400000000, 3);
INSERT INTO `tz_area` VALUES (140413000000, '上党区', 140400000000, 3);
INSERT INTO `tz_area` VALUES (140414000000, '屯留区', 140400000000, 3);
INSERT INTO `tz_area` VALUES (140415000000, '潞城区', 140400000000, 3);
INSERT INTO `tz_area` VALUES (140423000000, '襄垣县', 140400000000, 3);
INSERT INTO `tz_area` VALUES (140425000000, '平顺县', 140400000000, 3);
INSERT INTO `tz_area` VALUES (140426000000, '黎城县', 140400000000, 3);
INSERT INTO `tz_area` VALUES (140427000000, '壶关县', 140400000000, 3);
INSERT INTO `tz_area` VALUES (140428000000, '长子县', 140400000000, 3);
INSERT INTO `tz_area` VALUES (140429000000, '武乡县', 140400000000, 3);
INSERT INTO `tz_area` VALUES (140430000000, '沁县', 140400000000, 3);
INSERT INTO `tz_area` VALUES (140431000000, '沁源县', 140400000000, 3);
INSERT INTO `tz_area` VALUES (140471000000, '山西长治高新技术产业园区', 140400000000, 3);
INSERT INTO `tz_area` VALUES (140500000000, '晋城市', 140000000000, 2);
INSERT INTO `tz_area` VALUES (140501000000, '市辖区', 140500000000, 3);
INSERT INTO `tz_area` VALUES (140502000000, '城区', 140500000000, 3);
INSERT INTO `tz_area` VALUES (140521000000, '沁水县', 140500000000, 3);
INSERT INTO `tz_area` VALUES (140522000000, '阳城县', 140500000000, 3);
INSERT INTO `tz_area` VALUES (140524000000, '陵川县', 140500000000, 3);
INSERT INTO `tz_area` VALUES (140525000000, '泽州县', 140500000000, 3);
INSERT INTO `tz_area` VALUES (140581000000, '高平市', 140500000000, 3);
INSERT INTO `tz_area` VALUES (140600000000, '朔州市', 140000000000, 2);
INSERT INTO `tz_area` VALUES (140601000000, '市辖区', 140600000000, 3);
INSERT INTO `tz_area` VALUES (140602000000, '朔城区', 140600000000, 3);
INSERT INTO `tz_area` VALUES (140603000000, '平鲁区', 140600000000, 3);
INSERT INTO `tz_area` VALUES (140621000000, '山阴县', 140600000000, 3);
INSERT INTO `tz_area` VALUES (140622000000, '应县', 140600000000, 3);
INSERT INTO `tz_area` VALUES (140623000000, '右玉县', 140600000000, 3);
INSERT INTO `tz_area` VALUES (140671000000, '山西朔州经济开发区', 140600000000, 3);
INSERT INTO `tz_area` VALUES (140681000000, '怀仁市', 140600000000, 3);
INSERT INTO `tz_area` VALUES (140700000000, '晋中市', 140000000000, 2);
INSERT INTO `tz_area` VALUES (140701000000, '市辖区', 140700000000, 3);
INSERT INTO `tz_area` VALUES (140702000000, '榆次区', 140700000000, 3);
INSERT INTO `tz_area` VALUES (140721000000, '榆社县', 140700000000, 3);
INSERT INTO `tz_area` VALUES (140722000000, '左权县', 140700000000, 3);
INSERT INTO `tz_area` VALUES (140723000000, '和顺县', 140700000000, 3);
INSERT INTO `tz_area` VALUES (140724000000, '昔阳县', 140700000000, 3);
INSERT INTO `tz_area` VALUES (140725000000, '寿阳县', 140700000000, 3);
INSERT INTO `tz_area` VALUES (140726000000, '太谷县', 140700000000, 3);
INSERT INTO `tz_area` VALUES (140727000000, '祁县', 140700000000, 3);
INSERT INTO `tz_area` VALUES (140728000000, '平遥县', 140700000000, 3);
INSERT INTO `tz_area` VALUES (140729000000, '灵石县', 140700000000, 3);
INSERT INTO `tz_area` VALUES (140781000000, '介休市', 140700000000, 3);
INSERT INTO `tz_area` VALUES (140800000000, '运城市', 140000000000, 2);
INSERT INTO `tz_area` VALUES (140801000000, '市辖区', 140800000000, 3);
INSERT INTO `tz_area` VALUES (140802000000, '盐湖区', 140800000000, 3);
INSERT INTO `tz_area` VALUES (140821000000, '临猗县', 140800000000, 3);
INSERT INTO `tz_area` VALUES (140822000000, '万荣县', 140800000000, 3);
INSERT INTO `tz_area` VALUES (140823000000, '闻喜县', 140800000000, 3);
INSERT INTO `tz_area` VALUES (140824000000, '稷山县', 140800000000, 3);
INSERT INTO `tz_area` VALUES (140825000000, '新绛县', 140800000000, 3);
INSERT INTO `tz_area` VALUES (140826000000, '绛县', 140800000000, 3);
INSERT INTO `tz_area` VALUES (140827000000, '垣曲县', 140800000000, 3);
INSERT INTO `tz_area` VALUES (140828000000, '夏县', 140800000000, 3);
INSERT INTO `tz_area` VALUES (140829000000, '平陆县', 140800000000, 3);
INSERT INTO `tz_area` VALUES (140830000000, '芮城县', 140800000000, 3);
INSERT INTO `tz_area` VALUES (140881000000, '永济市', 140800000000, 3);
INSERT INTO `tz_area` VALUES (140882000000, '河津市', 140800000000, 3);
INSERT INTO `tz_area` VALUES (140900000000, '忻州市', 140000000000, 2);
INSERT INTO `tz_area` VALUES (140901000000, '市辖区', 140900000000, 3);
INSERT INTO `tz_area` VALUES (140902000000, '忻府区', 140900000000, 3);
INSERT INTO `tz_area` VALUES (140921000000, '定襄县', 140900000000, 3);
INSERT INTO `tz_area` VALUES (140922000000, '五台县', 140900000000, 3);
INSERT INTO `tz_area` VALUES (140923000000, '代县', 140900000000, 3);
INSERT INTO `tz_area` VALUES (140924000000, '繁峙县', 140900000000, 3);
INSERT INTO `tz_area` VALUES (140925000000, '宁武县', 140900000000, 3);
INSERT INTO `tz_area` VALUES (140926000000, '静乐县', 140900000000, 3);
INSERT INTO `tz_area` VALUES (140927000000, '神池县', 140900000000, 3);
INSERT INTO `tz_area` VALUES (140928000000, '五寨县', 140900000000, 3);
INSERT INTO `tz_area` VALUES (140929000000, '岢岚县', 140900000000, 3);
INSERT INTO `tz_area` VALUES (140930000000, '河曲县', 140900000000, 3);
INSERT INTO `tz_area` VALUES (140931000000, '保德县', 140900000000, 3);
INSERT INTO `tz_area` VALUES (140932000000, '偏关县', 140900000000, 3);
INSERT INTO `tz_area` VALUES (140971000000, '五台山风景名胜区', 140900000000, 3);
INSERT INTO `tz_area` VALUES (140981000000, '原平市', 140900000000, 3);
INSERT INTO `tz_area` VALUES (141000000000, '临汾市', 140000000000, 2);
INSERT INTO `tz_area` VALUES (141001000000, '市辖区', 141000000000, 3);
INSERT INTO `tz_area` VALUES (141002000000, '尧都区', 141000000000, 3);
INSERT INTO `tz_area` VALUES (141021000000, '曲沃县', 141000000000, 3);
INSERT INTO `tz_area` VALUES (141022000000, '翼城县', 141000000000, 3);
INSERT INTO `tz_area` VALUES (141023000000, '襄汾县', 141000000000, 3);
INSERT INTO `tz_area` VALUES (141024000000, '洪洞县', 141000000000, 3);
INSERT INTO `tz_area` VALUES (141025000000, '古县', 141000000000, 3);
INSERT INTO `tz_area` VALUES (141026000000, '安泽县', 141000000000, 3);
INSERT INTO `tz_area` VALUES (141027000000, '浮山县', 141000000000, 3);
INSERT INTO `tz_area` VALUES (141028000000, '吉县', 141000000000, 3);
INSERT INTO `tz_area` VALUES (141029000000, '乡宁县', 141000000000, 3);
INSERT INTO `tz_area` VALUES (141030000000, '大宁县', 141000000000, 3);
INSERT INTO `tz_area` VALUES (141031000000, '隰县', 141000000000, 3);
INSERT INTO `tz_area` VALUES (141032000000, '永和县', 141000000000, 3);
INSERT INTO `tz_area` VALUES (141033000000, '蒲县', 141000000000, 3);
INSERT INTO `tz_area` VALUES (141034000000, '汾西县', 141000000000, 3);
INSERT INTO `tz_area` VALUES (141081000000, '侯马市', 141000000000, 3);
INSERT INTO `tz_area` VALUES (141082000000, '霍州市', 141000000000, 3);
INSERT INTO `tz_area` VALUES (141100000000, '吕梁市', 140000000000, 2);
INSERT INTO `tz_area` VALUES (141101000000, '市辖区', 141100000000, 3);
INSERT INTO `tz_area` VALUES (141102000000, '离石区', 141100000000, 3);
INSERT INTO `tz_area` VALUES (141121000000, '文水县', 141100000000, 3);
INSERT INTO `tz_area` VALUES (141122000000, '交城县', 141100000000, 3);
INSERT INTO `tz_area` VALUES (141123000000, '兴县', 141100000000, 3);
INSERT INTO `tz_area` VALUES (141124000000, '临县', 141100000000, 3);
INSERT INTO `tz_area` VALUES (141125000000, '柳林县', 141100000000, 3);
INSERT INTO `tz_area` VALUES (141126000000, '石楼县', 141100000000, 3);
INSERT INTO `tz_area` VALUES (141127000000, '岚县', 141100000000, 3);
INSERT INTO `tz_area` VALUES (141128000000, '方山县', 141100000000, 3);
INSERT INTO `tz_area` VALUES (141129000000, '中阳县', 141100000000, 3);
INSERT INTO `tz_area` VALUES (141130000000, '交口县', 141100000000, 3);
INSERT INTO `tz_area` VALUES (141181000000, '孝义市', 141100000000, 3);
INSERT INTO `tz_area` VALUES (141182000000, '汾阳市', 141100000000, 3);
INSERT INTO `tz_area` VALUES (150000000000, '内蒙古自治区', 0, 1);
INSERT INTO `tz_area` VALUES (150100000000, '呼和浩特市', 150000000000, 2);
INSERT INTO `tz_area` VALUES (150101000000, '市辖区', 150100000000, 3);
INSERT INTO `tz_area` VALUES (150102000000, '新城区', 150100000000, 3);
INSERT INTO `tz_area` VALUES (150103000000, '回民区', 150100000000, 3);
INSERT INTO `tz_area` VALUES (150104000000, '玉泉区', 150100000000, 3);
INSERT INTO `tz_area` VALUES (150105000000, '赛罕区', 150100000000, 3);
INSERT INTO `tz_area` VALUES (150121000000, '土默特左旗', 150100000000, 3);
INSERT INTO `tz_area` VALUES (150122000000, '托克托县', 150100000000, 3);
INSERT INTO `tz_area` VALUES (150123000000, '和林格尔县', 150100000000, 3);
INSERT INTO `tz_area` VALUES (150124000000, '清水河县', 150100000000, 3);
INSERT INTO `tz_area` VALUES (150125000000, '武川县', 150100000000, 3);
INSERT INTO `tz_area` VALUES (150171000000, '呼和浩特金海工业园区', 150100000000, 3);
INSERT INTO `tz_area` VALUES (150172000000, '呼和浩特经济技术开发区', 150100000000, 3);
INSERT INTO `tz_area` VALUES (150200000000, '包头市', 150000000000, 2);
INSERT INTO `tz_area` VALUES (150201000000, '市辖区', 150200000000, 3);
INSERT INTO `tz_area` VALUES (150202000000, '东河区', 150200000000, 3);
INSERT INTO `tz_area` VALUES (150203000000, '昆都仑区', 150200000000, 3);
INSERT INTO `tz_area` VALUES (150204000000, '青山区', 150200000000, 3);
INSERT INTO `tz_area` VALUES (150205000000, '石拐区', 150200000000, 3);
INSERT INTO `tz_area` VALUES (150206000000, '白云鄂博矿区', 150200000000, 3);
INSERT INTO `tz_area` VALUES (150207000000, '九原区', 150200000000, 3);
INSERT INTO `tz_area` VALUES (150221000000, '土默特右旗', 150200000000, 3);
INSERT INTO `tz_area` VALUES (150222000000, '固阳县', 150200000000, 3);
INSERT INTO `tz_area` VALUES (150223000000, '达尔罕茂明安联合旗', 150200000000, 3);
INSERT INTO `tz_area` VALUES (150271000000, '包头稀土高新技术产业开发区', 150200000000, 3);
INSERT INTO `tz_area` VALUES (150300000000, '乌海市', 150000000000, 2);
INSERT INTO `tz_area` VALUES (150301000000, '市辖区', 150300000000, 3);
INSERT INTO `tz_area` VALUES (150302000000, '海勃湾区', 150300000000, 3);
INSERT INTO `tz_area` VALUES (150303000000, '海南区', 150300000000, 3);
INSERT INTO `tz_area` VALUES (150304000000, '乌达区', 150300000000, 3);
INSERT INTO `tz_area` VALUES (150400000000, '赤峰市', 150000000000, 2);
INSERT INTO `tz_area` VALUES (150401000000, '市辖区', 150400000000, 3);
INSERT INTO `tz_area` VALUES (150402000000, '红山区', 150400000000, 3);
INSERT INTO `tz_area` VALUES (150403000000, '元宝山区', 150400000000, 3);
INSERT INTO `tz_area` VALUES (150404000000, '松山区', 150400000000, 3);
INSERT INTO `tz_area` VALUES (150421000000, '阿鲁科尔沁旗', 150400000000, 3);
INSERT INTO `tz_area` VALUES (150422000000, '巴林左旗', 150400000000, 3);
INSERT INTO `tz_area` VALUES (150423000000, '巴林右旗', 150400000000, 3);
INSERT INTO `tz_area` VALUES (150424000000, '林西县', 150400000000, 3);
INSERT INTO `tz_area` VALUES (150425000000, '克什克腾旗', 150400000000, 3);
INSERT INTO `tz_area` VALUES (150426000000, '翁牛特旗', 150400000000, 3);
INSERT INTO `tz_area` VALUES (150428000000, '喀喇沁旗', 150400000000, 3);
INSERT INTO `tz_area` VALUES (150429000000, '宁城县', 150400000000, 3);
INSERT INTO `tz_area` VALUES (150430000000, '敖汉旗', 150400000000, 3);
INSERT INTO `tz_area` VALUES (150500000000, '通辽市', 150000000000, 2);
INSERT INTO `tz_area` VALUES (150501000000, '市辖区', 150500000000, 3);
INSERT INTO `tz_area` VALUES (150502000000, '科尔沁区', 150500000000, 3);
INSERT INTO `tz_area` VALUES (150521000000, '科尔沁左翼中旗', 150500000000, 3);
INSERT INTO `tz_area` VALUES (150522000000, '科尔沁左翼后旗', 150500000000, 3);
INSERT INTO `tz_area` VALUES (150523000000, '开鲁县', 150500000000, 3);
INSERT INTO `tz_area` VALUES (150524000000, '库伦旗', 150500000000, 3);
INSERT INTO `tz_area` VALUES (150525000000, '奈曼旗', 150500000000, 3);
INSERT INTO `tz_area` VALUES (150526000000, '扎鲁特旗', 150500000000, 3);
INSERT INTO `tz_area` VALUES (150571000000, '通辽经济技术开发区', 150500000000, 3);
INSERT INTO `tz_area` VALUES (150581000000, '霍林郭勒市', 150500000000, 3);
INSERT INTO `tz_area` VALUES (150600000000, '鄂尔多斯市', 150000000000, 2);
INSERT INTO `tz_area` VALUES (150601000000, '市辖区', 150600000000, 3);
INSERT INTO `tz_area` VALUES (150602000000, '东胜区', 150600000000, 3);
INSERT INTO `tz_area` VALUES (150603000000, '康巴什区', 150600000000, 3);
INSERT INTO `tz_area` VALUES (150621000000, '达拉特旗', 150600000000, 3);
INSERT INTO `tz_area` VALUES (150622000000, '准格尔旗', 150600000000, 3);
INSERT INTO `tz_area` VALUES (150623000000, '鄂托克前旗', 150600000000, 3);
INSERT INTO `tz_area` VALUES (150624000000, '鄂托克旗', 150600000000, 3);
INSERT INTO `tz_area` VALUES (150625000000, '杭锦旗', 150600000000, 3);
INSERT INTO `tz_area` VALUES (150626000000, '乌审旗', 150600000000, 3);
INSERT INTO `tz_area` VALUES (150627000000, '伊金霍洛旗', 150600000000, 3);
INSERT INTO `tz_area` VALUES (150700000000, '呼伦贝尔市', 150000000000, 2);
INSERT INTO `tz_area` VALUES (150701000000, '市辖区', 150700000000, 3);
INSERT INTO `tz_area` VALUES (150702000000, '海拉尔区', 150700000000, 3);
INSERT INTO `tz_area` VALUES (150703000000, '扎赉诺尔区', 150700000000, 3);
INSERT INTO `tz_area` VALUES (150721000000, '阿荣旗', 150700000000, 3);
INSERT INTO `tz_area` VALUES (150722000000, '莫力达瓦达斡尔族自治旗', 150700000000, 3);
INSERT INTO `tz_area` VALUES (150723000000, '鄂伦春自治旗', 150700000000, 3);
INSERT INTO `tz_area` VALUES (150724000000, '鄂温克族自治旗', 150700000000, 3);
INSERT INTO `tz_area` VALUES (150725000000, '陈巴尔虎旗', 150700000000, 3);
INSERT INTO `tz_area` VALUES (150726000000, '新巴尔虎左旗', 150700000000, 3);
INSERT INTO `tz_area` VALUES (150727000000, '新巴尔虎右旗', 150700000000, 3);
INSERT INTO `tz_area` VALUES (150781000000, '满洲里市', 150700000000, 3);
INSERT INTO `tz_area` VALUES (150782000000, '牙克石市', 150700000000, 3);
INSERT INTO `tz_area` VALUES (150783000000, '扎兰屯市', 150700000000, 3);
INSERT INTO `tz_area` VALUES (150784000000, '额尔古纳市', 150700000000, 3);
INSERT INTO `tz_area` VALUES (150785000000, '根河市', 150700000000, 3);
INSERT INTO `tz_area` VALUES (150800000000, '巴彦淖尔市', 150000000000, 2);
INSERT INTO `tz_area` VALUES (150801000000, '市辖区', 150800000000, 3);
INSERT INTO `tz_area` VALUES (150802000000, '临河区', 150800000000, 3);
INSERT INTO `tz_area` VALUES (150821000000, '五原县', 150800000000, 3);
INSERT INTO `tz_area` VALUES (150822000000, '磴口县', 150800000000, 3);
INSERT INTO `tz_area` VALUES (150823000000, '乌拉特前旗', 150800000000, 3);
INSERT INTO `tz_area` VALUES (150824000000, '乌拉特中旗', 150800000000, 3);
INSERT INTO `tz_area` VALUES (150825000000, '乌拉特后旗', 150800000000, 3);
INSERT INTO `tz_area` VALUES (150826000000, '杭锦后旗', 150800000000, 3);
INSERT INTO `tz_area` VALUES (150900000000, '乌兰察布市', 150000000000, 2);
INSERT INTO `tz_area` VALUES (150901000000, '市辖区', 150900000000, 3);
INSERT INTO `tz_area` VALUES (150902000000, '集宁区', 150900000000, 3);
INSERT INTO `tz_area` VALUES (150921000000, '卓资县', 150900000000, 3);
INSERT INTO `tz_area` VALUES (150922000000, '化德县', 150900000000, 3);
INSERT INTO `tz_area` VALUES (150923000000, '商都县', 150900000000, 3);
INSERT INTO `tz_area` VALUES (150924000000, '兴和县', 150900000000, 3);
INSERT INTO `tz_area` VALUES (150925000000, '凉城县', 150900000000, 3);
INSERT INTO `tz_area` VALUES (150926000000, '察哈尔右翼前旗', 150900000000, 3);
INSERT INTO `tz_area` VALUES (150927000000, '察哈尔右翼中旗', 150900000000, 3);
INSERT INTO `tz_area` VALUES (150928000000, '察哈尔右翼后旗', 150900000000, 3);
INSERT INTO `tz_area` VALUES (150929000000, '四子王旗', 150900000000, 3);
INSERT INTO `tz_area` VALUES (150981000000, '丰镇市', 150900000000, 3);
INSERT INTO `tz_area` VALUES (152200000000, '兴安盟', 150000000000, 2);
INSERT INTO `tz_area` VALUES (152201000000, '乌兰浩特市', 152200000000, 3);
INSERT INTO `tz_area` VALUES (152202000000, '阿尔山市', 152200000000, 3);
INSERT INTO `tz_area` VALUES (152221000000, '科尔沁右翼前旗', 152200000000, 3);
INSERT INTO `tz_area` VALUES (152222000000, '科尔沁右翼中旗', 152200000000, 3);
INSERT INTO `tz_area` VALUES (152223000000, '扎赉特旗', 152200000000, 3);
INSERT INTO `tz_area` VALUES (152224000000, '突泉县', 152200000000, 3);
INSERT INTO `tz_area` VALUES (152500000000, '锡林郭勒盟', 150000000000, 2);
INSERT INTO `tz_area` VALUES (152501000000, '二连浩特市', 152500000000, 3);
INSERT INTO `tz_area` VALUES (152502000000, '锡林浩特市', 152500000000, 3);
INSERT INTO `tz_area` VALUES (152522000000, '阿巴嘎旗', 152500000000, 3);
INSERT INTO `tz_area` VALUES (152523000000, '苏尼特左旗', 152500000000, 3);
INSERT INTO `tz_area` VALUES (152524000000, '苏尼特右旗', 152500000000, 3);
INSERT INTO `tz_area` VALUES (152525000000, '东乌珠穆沁旗', 152500000000, 3);
INSERT INTO `tz_area` VALUES (152526000000, '西乌珠穆沁旗', 152500000000, 3);
INSERT INTO `tz_area` VALUES (152527000000, '太仆寺旗', 152500000000, 3);
INSERT INTO `tz_area` VALUES (152528000000, '镶黄旗', 152500000000, 3);
INSERT INTO `tz_area` VALUES (152529000000, '正镶白旗', 152500000000, 3);
INSERT INTO `tz_area` VALUES (152530000000, '正蓝旗', 152500000000, 3);
INSERT INTO `tz_area` VALUES (152531000000, '多伦县', 152500000000, 3);
INSERT INTO `tz_area` VALUES (152571000000, '乌拉盖管委会', 152500000000, 3);
INSERT INTO `tz_area` VALUES (152900000000, '阿拉善盟', 150000000000, 2);
INSERT INTO `tz_area` VALUES (152921000000, '阿拉善左旗', 152900000000, 3);
INSERT INTO `tz_area` VALUES (152922000000, '阿拉善右旗', 152900000000, 3);
INSERT INTO `tz_area` VALUES (152923000000, '额济纳旗', 152900000000, 3);
INSERT INTO `tz_area` VALUES (152971000000, '内蒙古阿拉善经济开发区', 152900000000, 3);
INSERT INTO `tz_area` VALUES (210000000000, '辽宁省', 0, 1);
INSERT INTO `tz_area` VALUES (210100000000, '沈阳市', 210000000000, 2);
INSERT INTO `tz_area` VALUES (210101000000, '市辖区', 210100000000, 3);
INSERT INTO `tz_area` VALUES (210102000000, '和平区', 210100000000, 3);
INSERT INTO `tz_area` VALUES (210103000000, '沈河区', 210100000000, 3);
INSERT INTO `tz_area` VALUES (210104000000, '大东区', 210100000000, 3);
INSERT INTO `tz_area` VALUES (210105000000, '皇姑区', 210100000000, 3);
INSERT INTO `tz_area` VALUES (210106000000, '铁西区', 210100000000, 3);
INSERT INTO `tz_area` VALUES (210111000000, '苏家屯区', 210100000000, 3);
INSERT INTO `tz_area` VALUES (210112000000, '浑南区', 210100000000, 3);
INSERT INTO `tz_area` VALUES (210113000000, '沈北新区', 210100000000, 3);
INSERT INTO `tz_area` VALUES (210114000000, '于洪区', 210100000000, 3);
INSERT INTO `tz_area` VALUES (210115000000, '辽中区', 210100000000, 3);
INSERT INTO `tz_area` VALUES (210123000000, '康平县', 210100000000, 3);
INSERT INTO `tz_area` VALUES (210124000000, '法库县', 210100000000, 3);
INSERT INTO `tz_area` VALUES (210181000000, '新民市', 210100000000, 3);
INSERT INTO `tz_area` VALUES (210200000000, '大连市', 210000000000, 2);
INSERT INTO `tz_area` VALUES (210201000000, '市辖区', 210200000000, 3);
INSERT INTO `tz_area` VALUES (210202000000, '中山区', 210200000000, 3);
INSERT INTO `tz_area` VALUES (210203000000, '西岗区', 210200000000, 3);
INSERT INTO `tz_area` VALUES (210204000000, '沙河口区', 210200000000, 3);
INSERT INTO `tz_area` VALUES (210211000000, '甘井子区', 210200000000, 3);
INSERT INTO `tz_area` VALUES (210212000000, '旅顺口区', 210200000000, 3);
INSERT INTO `tz_area` VALUES (210213000000, '金州区', 210200000000, 3);
INSERT INTO `tz_area` VALUES (210214000000, '普兰店区', 210200000000, 3);
INSERT INTO `tz_area` VALUES (210224000000, '长海县', 210200000000, 3);
INSERT INTO `tz_area` VALUES (210281000000, '瓦房店市', 210200000000, 3);
INSERT INTO `tz_area` VALUES (210283000000, '庄河市', 210200000000, 3);
INSERT INTO `tz_area` VALUES (210300000000, '鞍山市', 210000000000, 2);
INSERT INTO `tz_area` VALUES (210301000000, '市辖区', 210300000000, 3);
INSERT INTO `tz_area` VALUES (210302000000, '铁东区', 210300000000, 3);
INSERT INTO `tz_area` VALUES (210303000000, '铁西区', 210300000000, 3);
INSERT INTO `tz_area` VALUES (210304000000, '立山区', 210300000000, 3);
INSERT INTO `tz_area` VALUES (210311000000, '千山区', 210300000000, 3);
INSERT INTO `tz_area` VALUES (210321000000, '台安县', 210300000000, 3);
INSERT INTO `tz_area` VALUES (210323000000, '岫岩满族自治县', 210300000000, 3);
INSERT INTO `tz_area` VALUES (210381000000, '海城市', 210300000000, 3);
INSERT INTO `tz_area` VALUES (210400000000, '抚顺市', 210000000000, 2);
INSERT INTO `tz_area` VALUES (210401000000, '市辖区', 210400000000, 3);
INSERT INTO `tz_area` VALUES (210402000000, '新抚区', 210400000000, 3);
INSERT INTO `tz_area` VALUES (210403000000, '东洲区', 210400000000, 3);
INSERT INTO `tz_area` VALUES (210404000000, '望花区', 210400000000, 3);
INSERT INTO `tz_area` VALUES (210411000000, '顺城区', 210400000000, 3);
INSERT INTO `tz_area` VALUES (210421000000, '抚顺县', 210400000000, 3);
INSERT INTO `tz_area` VALUES (210422000000, '新宾满族自治县', 210400000000, 3);
INSERT INTO `tz_area` VALUES (210423000000, '清原满族自治县', 210400000000, 3);
INSERT INTO `tz_area` VALUES (210500000000, '本溪市', 210000000000, 2);
INSERT INTO `tz_area` VALUES (210501000000, '市辖区', 210500000000, 3);
INSERT INTO `tz_area` VALUES (210502000000, '平山区', 210500000000, 3);
INSERT INTO `tz_area` VALUES (210503000000, '溪湖区', 210500000000, 3);
INSERT INTO `tz_area` VALUES (210504000000, '明山区', 210500000000, 3);
INSERT INTO `tz_area` VALUES (210505000000, '南芬区', 210500000000, 3);
INSERT INTO `tz_area` VALUES (210521000000, '本溪满族自治县', 210500000000, 3);
INSERT INTO `tz_area` VALUES (210522000000, '桓仁满族自治县', 210500000000, 3);
INSERT INTO `tz_area` VALUES (210600000000, '丹东市', 210000000000, 2);
INSERT INTO `tz_area` VALUES (210601000000, '市辖区', 210600000000, 3);
INSERT INTO `tz_area` VALUES (210602000000, '元宝区', 210600000000, 3);
INSERT INTO `tz_area` VALUES (210603000000, '振兴区', 210600000000, 3);
INSERT INTO `tz_area` VALUES (210604000000, '振安区', 210600000000, 3);
INSERT INTO `tz_area` VALUES (210624000000, '宽甸满族自治县', 210600000000, 3);
INSERT INTO `tz_area` VALUES (210681000000, '东港市', 210600000000, 3);
INSERT INTO `tz_area` VALUES (210682000000, '凤城市', 210600000000, 3);
INSERT INTO `tz_area` VALUES (210700000000, '锦州市', 210000000000, 2);
INSERT INTO `tz_area` VALUES (210701000000, '市辖区', 210700000000, 3);
INSERT INTO `tz_area` VALUES (210702000000, '古塔区', 210700000000, 3);
INSERT INTO `tz_area` VALUES (210703000000, '凌河区', 210700000000, 3);
INSERT INTO `tz_area` VALUES (210711000000, '太和区', 210700000000, 3);
INSERT INTO `tz_area` VALUES (210726000000, '黑山县', 210700000000, 3);
INSERT INTO `tz_area` VALUES (210727000000, '义县', 210700000000, 3);
INSERT INTO `tz_area` VALUES (210781000000, '凌海市', 210700000000, 3);
INSERT INTO `tz_area` VALUES (210782000000, '北镇市', 210700000000, 3);
INSERT INTO `tz_area` VALUES (210800000000, '营口市', 210000000000, 2);
INSERT INTO `tz_area` VALUES (210801000000, '市辖区', 210800000000, 3);
INSERT INTO `tz_area` VALUES (210802000000, '站前区', 210800000000, 3);
INSERT INTO `tz_area` VALUES (210803000000, '西市区', 210800000000, 3);
INSERT INTO `tz_area` VALUES (210804000000, '鲅鱼圈区', 210800000000, 3);
INSERT INTO `tz_area` VALUES (210811000000, '老边区', 210800000000, 3);
INSERT INTO `tz_area` VALUES (210881000000, '盖州市', 210800000000, 3);
INSERT INTO `tz_area` VALUES (210882000000, '大石桥市', 210800000000, 3);
INSERT INTO `tz_area` VALUES (210900000000, '阜新市', 210000000000, 2);
INSERT INTO `tz_area` VALUES (210901000000, '市辖区', 210900000000, 3);
INSERT INTO `tz_area` VALUES (210902000000, '海州区', 210900000000, 3);
INSERT INTO `tz_area` VALUES (210903000000, '新邱区', 210900000000, 3);
INSERT INTO `tz_area` VALUES (210904000000, '太平区', 210900000000, 3);
INSERT INTO `tz_area` VALUES (210905000000, '清河门区', 210900000000, 3);
INSERT INTO `tz_area` VALUES (210911000000, '细河区', 210900000000, 3);
INSERT INTO `tz_area` VALUES (210921000000, '阜新蒙古族自治县', 210900000000, 3);
INSERT INTO `tz_area` VALUES (210922000000, '彰武县', 210900000000, 3);
INSERT INTO `tz_area` VALUES (211000000000, '辽阳市', 210000000000, 2);
INSERT INTO `tz_area` VALUES (211001000000, '市辖区', 211000000000, 3);
INSERT INTO `tz_area` VALUES (211002000000, '白塔区', 211000000000, 3);
INSERT INTO `tz_area` VALUES (211003000000, '文圣区', 211000000000, 3);
INSERT INTO `tz_area` VALUES (211004000000, '宏伟区', 211000000000, 3);
INSERT INTO `tz_area` VALUES (211005000000, '弓长岭区', 211000000000, 3);
INSERT INTO `tz_area` VALUES (211011000000, '太子河区', 211000000000, 3);
INSERT INTO `tz_area` VALUES (211021000000, '辽阳县', 211000000000, 3);
INSERT INTO `tz_area` VALUES (211081000000, '灯塔市', 211000000000, 3);
INSERT INTO `tz_area` VALUES (211100000000, '盘锦市', 210000000000, 2);
INSERT INTO `tz_area` VALUES (211101000000, '市辖区', 211100000000, 3);
INSERT INTO `tz_area` VALUES (211102000000, '双台子区', 211100000000, 3);
INSERT INTO `tz_area` VALUES (211103000000, '兴隆台区', 211100000000, 3);
INSERT INTO `tz_area` VALUES (211104000000, '大洼区', 211100000000, 3);
INSERT INTO `tz_area` VALUES (211122000000, '盘山县', 211100000000, 3);
INSERT INTO `tz_area` VALUES (211200000000, '铁岭市', 210000000000, 2);
INSERT INTO `tz_area` VALUES (211201000000, '市辖区', 211200000000, 3);
INSERT INTO `tz_area` VALUES (211202000000, '银州区', 211200000000, 3);
INSERT INTO `tz_area` VALUES (211204000000, '清河区', 211200000000, 3);
INSERT INTO `tz_area` VALUES (211221000000, '铁岭县', 211200000000, 3);
INSERT INTO `tz_area` VALUES (211223000000, '西丰县', 211200000000, 3);
INSERT INTO `tz_area` VALUES (211224000000, '昌图县', 211200000000, 3);
INSERT INTO `tz_area` VALUES (211281000000, '调兵山市', 211200000000, 3);
INSERT INTO `tz_area` VALUES (211282000000, '开原市', 211200000000, 3);
INSERT INTO `tz_area` VALUES (211300000000, '朝阳市', 210000000000, 2);
INSERT INTO `tz_area` VALUES (211301000000, '市辖区', 211300000000, 3);
INSERT INTO `tz_area` VALUES (211302000000, '双塔区', 211300000000, 3);
INSERT INTO `tz_area` VALUES (211303000000, '龙城区', 211300000000, 3);
INSERT INTO `tz_area` VALUES (211321000000, '朝阳县', 211300000000, 3);
INSERT INTO `tz_area` VALUES (211322000000, '建平县', 211300000000, 3);
INSERT INTO `tz_area` VALUES (211324000000, '喀喇沁左翼蒙古族自治县', 211300000000, 3);
INSERT INTO `tz_area` VALUES (211381000000, '北票市', 211300000000, 3);
INSERT INTO `tz_area` VALUES (211382000000, '凌源市', 211300000000, 3);
INSERT INTO `tz_area` VALUES (211400000000, '葫芦岛市', 210000000000, 2);
INSERT INTO `tz_area` VALUES (211401000000, '市辖区', 211400000000, 3);
INSERT INTO `tz_area` VALUES (211402000000, '连山区', 211400000000, 3);
INSERT INTO `tz_area` VALUES (211403000000, '龙港区', 211400000000, 3);
INSERT INTO `tz_area` VALUES (211404000000, '南票区', 211400000000, 3);
INSERT INTO `tz_area` VALUES (211421000000, '绥中县', 211400000000, 3);
INSERT INTO `tz_area` VALUES (211422000000, '建昌县', 211400000000, 3);
INSERT INTO `tz_area` VALUES (211481000000, '兴城市', 211400000000, 3);
INSERT INTO `tz_area` VALUES (220000000000, '吉林省', 0, 1);
INSERT INTO `tz_area` VALUES (220100000000, '长春市', 220000000000, 2);
INSERT INTO `tz_area` VALUES (220101000000, '市辖区', 220100000000, 3);
INSERT INTO `tz_area` VALUES (220102000000, '南关区', 220100000000, 3);
INSERT INTO `tz_area` VALUES (220103000000, '宽城区', 220100000000, 3);
INSERT INTO `tz_area` VALUES (220104000000, '朝阳区', 220100000000, 3);
INSERT INTO `tz_area` VALUES (220105000000, '二道区', 220100000000, 3);
INSERT INTO `tz_area` VALUES (220106000000, '绿园区', 220100000000, 3);
INSERT INTO `tz_area` VALUES (220112000000, '双阳区', 220100000000, 3);
INSERT INTO `tz_area` VALUES (220113000000, '九台区', 220100000000, 3);
INSERT INTO `tz_area` VALUES (220122000000, '农安县', 220100000000, 3);
INSERT INTO `tz_area` VALUES (220171000000, '长春经济技术开发区', 220100000000, 3);
INSERT INTO `tz_area` VALUES (220172000000, '长春净月高新技术产业开发区', 220100000000, 3);
INSERT INTO `tz_area` VALUES (220173000000, '长春高新技术产业开发区', 220100000000, 3);
INSERT INTO `tz_area` VALUES (220174000000, '长春汽车经济技术开发区', 220100000000, 3);
INSERT INTO `tz_area` VALUES (220182000000, '榆树市', 220100000000, 3);
INSERT INTO `tz_area` VALUES (220183000000, '德惠市', 220100000000, 3);
INSERT INTO `tz_area` VALUES (220200000000, '吉林市', 220000000000, 2);
INSERT INTO `tz_area` VALUES (220201000000, '市辖区', 220200000000, 3);
INSERT INTO `tz_area` VALUES (220202000000, '昌邑区', 220200000000, 3);
INSERT INTO `tz_area` VALUES (220203000000, '龙潭区', 220200000000, 3);
INSERT INTO `tz_area` VALUES (220204000000, '船营区', 220200000000, 3);
INSERT INTO `tz_area` VALUES (220211000000, '丰满区', 220200000000, 3);
INSERT INTO `tz_area` VALUES (220221000000, '永吉县', 220200000000, 3);
INSERT INTO `tz_area` VALUES (220271000000, '吉林经济开发区', 220200000000, 3);
INSERT INTO `tz_area` VALUES (220272000000, '吉林高新技术产业开发区', 220200000000, 3);
INSERT INTO `tz_area` VALUES (220273000000, '吉林中国新加坡食品区', 220200000000, 3);
INSERT INTO `tz_area` VALUES (220281000000, '蛟河市', 220200000000, 3);
INSERT INTO `tz_area` VALUES (220282000000, '桦甸市', 220200000000, 3);
INSERT INTO `tz_area` VALUES (220283000000, '舒兰市', 220200000000, 3);
INSERT INTO `tz_area` VALUES (220284000000, '磐石市', 220200000000, 3);
INSERT INTO `tz_area` VALUES (220300000000, '四平市', 220000000000, 2);
INSERT INTO `tz_area` VALUES (220301000000, '市辖区', 220300000000, 3);
INSERT INTO `tz_area` VALUES (220302000000, '铁西区', 220300000000, 3);
INSERT INTO `tz_area` VALUES (220303000000, '铁东区', 220300000000, 3);
INSERT INTO `tz_area` VALUES (220322000000, '梨树县', 220300000000, 3);
INSERT INTO `tz_area` VALUES (220323000000, '伊通满族自治县', 220300000000, 3);
INSERT INTO `tz_area` VALUES (220381000000, '公主岭市', 220300000000, 3);
INSERT INTO `tz_area` VALUES (220382000000, '双辽市', 220300000000, 3);
INSERT INTO `tz_area` VALUES (220400000000, '辽源市', 220000000000, 2);
INSERT INTO `tz_area` VALUES (220401000000, '市辖区', 220400000000, 3);
INSERT INTO `tz_area` VALUES (220402000000, '龙山区', 220400000000, 3);
INSERT INTO `tz_area` VALUES (220403000000, '西安区', 220400000000, 3);
INSERT INTO `tz_area` VALUES (220421000000, '东丰县', 220400000000, 3);
INSERT INTO `tz_area` VALUES (220422000000, '东辽县', 220400000000, 3);
INSERT INTO `tz_area` VALUES (220500000000, '通化市', 220000000000, 2);
INSERT INTO `tz_area` VALUES (220501000000, '市辖区', 220500000000, 3);
INSERT INTO `tz_area` VALUES (220502000000, '东昌区', 220500000000, 3);
INSERT INTO `tz_area` VALUES (220503000000, '二道江区', 220500000000, 3);
INSERT INTO `tz_area` VALUES (220521000000, '通化县', 220500000000, 3);
INSERT INTO `tz_area` VALUES (220523000000, '辉南县', 220500000000, 3);
INSERT INTO `tz_area` VALUES (220524000000, '柳河县', 220500000000, 3);
INSERT INTO `tz_area` VALUES (220581000000, '梅河口市', 220500000000, 3);
INSERT INTO `tz_area` VALUES (220582000000, '集安市', 220500000000, 3);
INSERT INTO `tz_area` VALUES (220600000000, '白山市', 220000000000, 2);
INSERT INTO `tz_area` VALUES (220601000000, '市辖区', 220600000000, 3);
INSERT INTO `tz_area` VALUES (220602000000, '浑江区', 220600000000, 3);
INSERT INTO `tz_area` VALUES (220605000000, '江源区', 220600000000, 3);
INSERT INTO `tz_area` VALUES (220621000000, '抚松县', 220600000000, 3);
INSERT INTO `tz_area` VALUES (220622000000, '靖宇县', 220600000000, 3);
INSERT INTO `tz_area` VALUES (220623000000, '长白朝鲜族自治县', 220600000000, 3);
INSERT INTO `tz_area` VALUES (220681000000, '临江市', 220600000000, 3);
INSERT INTO `tz_area` VALUES (220700000000, '松原市', 220000000000, 2);
INSERT INTO `tz_area` VALUES (220701000000, '市辖区', 220700000000, 3);
INSERT INTO `tz_area` VALUES (220702000000, '宁江区', 220700000000, 3);
INSERT INTO `tz_area` VALUES (220721000000, '前郭尔罗斯蒙古族自治县', 220700000000, 3);
INSERT INTO `tz_area` VALUES (220722000000, '长岭县', 220700000000, 3);
INSERT INTO `tz_area` VALUES (220723000000, '乾安县', 220700000000, 3);
INSERT INTO `tz_area` VALUES (220771000000, '吉林松原经济开发区', 220700000000, 3);
INSERT INTO `tz_area` VALUES (220781000000, '扶余市', 220700000000, 3);
INSERT INTO `tz_area` VALUES (220800000000, '白城市', 220000000000, 2);
INSERT INTO `tz_area` VALUES (220801000000, '市辖区', 220800000000, 3);
INSERT INTO `tz_area` VALUES (220802000000, '洮北区', 220800000000, 3);
INSERT INTO `tz_area` VALUES (220821000000, '镇赉县', 220800000000, 3);
INSERT INTO `tz_area` VALUES (220822000000, '通榆县', 220800000000, 3);
INSERT INTO `tz_area` VALUES (220871000000, '吉林白城经济开发区', 220800000000, 3);
INSERT INTO `tz_area` VALUES (220881000000, '洮南市', 220800000000, 3);
INSERT INTO `tz_area` VALUES (220882000000, '大安市', 220800000000, 3);
INSERT INTO `tz_area` VALUES (222400000000, '延边朝鲜族自治州', 220000000000, 2);
INSERT INTO `tz_area` VALUES (222401000000, '延吉市', 222400000000, 3);
INSERT INTO `tz_area` VALUES (222402000000, '图们市', 222400000000, 3);
INSERT INTO `tz_area` VALUES (222403000000, '敦化市', 222400000000, 3);
INSERT INTO `tz_area` VALUES (222404000000, '珲春市', 222400000000, 3);
INSERT INTO `tz_area` VALUES (222405000000, '龙井市', 222400000000, 3);
INSERT INTO `tz_area` VALUES (222406000000, '和龙市', 222400000000, 3);
INSERT INTO `tz_area` VALUES (222424000000, '汪清县', 222400000000, 3);
INSERT INTO `tz_area` VALUES (222426000000, '安图县', 222400000000, 3);
INSERT INTO `tz_area` VALUES (230000000000, '黑龙江省', 0, 1);
INSERT INTO `tz_area` VALUES (230100000000, '哈尔滨市', 230000000000, 2);
INSERT INTO `tz_area` VALUES (230101000000, '市辖区', 230100000000, 3);
INSERT INTO `tz_area` VALUES (230102000000, '道里区', 230100000000, 3);
INSERT INTO `tz_area` VALUES (230103000000, '南岗区', 230100000000, 3);
INSERT INTO `tz_area` VALUES (230104000000, '道外区', 230100000000, 3);
INSERT INTO `tz_area` VALUES (230108000000, '平房区', 230100000000, 3);
INSERT INTO `tz_area` VALUES (230109000000, '松北区', 230100000000, 3);
INSERT INTO `tz_area` VALUES (230110000000, '香坊区', 230100000000, 3);
INSERT INTO `tz_area` VALUES (230111000000, '呼兰区', 230100000000, 3);
INSERT INTO `tz_area` VALUES (230112000000, '阿城区', 230100000000, 3);
INSERT INTO `tz_area` VALUES (230113000000, '双城区', 230100000000, 3);
INSERT INTO `tz_area` VALUES (230123000000, '依兰县', 230100000000, 3);
INSERT INTO `tz_area` VALUES (230124000000, '方正县', 230100000000, 3);
INSERT INTO `tz_area` VALUES (230125000000, '宾县', 230100000000, 3);
INSERT INTO `tz_area` VALUES (230126000000, '巴彦县', 230100000000, 3);
INSERT INTO `tz_area` VALUES (230127000000, '木兰县', 230100000000, 3);
INSERT INTO `tz_area` VALUES (230128000000, '通河县', 230100000000, 3);
INSERT INTO `tz_area` VALUES (230129000000, '延寿县', 230100000000, 3);
INSERT INTO `tz_area` VALUES (230183000000, '尚志市', 230100000000, 3);
INSERT INTO `tz_area` VALUES (230184000000, '五常市', 230100000000, 3);
INSERT INTO `tz_area` VALUES (230200000000, '齐齐哈尔市', 230000000000, 2);
INSERT INTO `tz_area` VALUES (230201000000, '市辖区', 230200000000, 3);
INSERT INTO `tz_area` VALUES (230202000000, '龙沙区', 230200000000, 3);
INSERT INTO `tz_area` VALUES (230203000000, '建华区', 230200000000, 3);
INSERT INTO `tz_area` VALUES (230204000000, '铁锋区', 230200000000, 3);
INSERT INTO `tz_area` VALUES (230205000000, '昂昂溪区', 230200000000, 3);
INSERT INTO `tz_area` VALUES (230206000000, '富拉尔基区', 230200000000, 3);
INSERT INTO `tz_area` VALUES (230207000000, '碾子山区', 230200000000, 3);
INSERT INTO `tz_area` VALUES (230208000000, '梅里斯达斡尔族区', 230200000000, 3);
INSERT INTO `tz_area` VALUES (230221000000, '龙江县', 230200000000, 3);
INSERT INTO `tz_area` VALUES (230223000000, '依安县', 230200000000, 3);
INSERT INTO `tz_area` VALUES (230224000000, '泰来县', 230200000000, 3);
INSERT INTO `tz_area` VALUES (230225000000, '甘南县', 230200000000, 3);
INSERT INTO `tz_area` VALUES (230227000000, '富裕县', 230200000000, 3);
INSERT INTO `tz_area` VALUES (230229000000, '克山县', 230200000000, 3);
INSERT INTO `tz_area` VALUES (230230000000, '克东县', 230200000000, 3);
INSERT INTO `tz_area` VALUES (230231000000, '拜泉县', 230200000000, 3);
INSERT INTO `tz_area` VALUES (230281000000, '讷河市', 230200000000, 3);
INSERT INTO `tz_area` VALUES (230300000000, '鸡西市', 230000000000, 2);
INSERT INTO `tz_area` VALUES (230301000000, '市辖区', 230300000000, 3);
INSERT INTO `tz_area` VALUES (230302000000, '鸡冠区', 230300000000, 3);
INSERT INTO `tz_area` VALUES (230303000000, '恒山区', 230300000000, 3);
INSERT INTO `tz_area` VALUES (230304000000, '滴道区', 230300000000, 3);
INSERT INTO `tz_area` VALUES (230305000000, '梨树区', 230300000000, 3);
INSERT INTO `tz_area` VALUES (230306000000, '城子河区', 230300000000, 3);
INSERT INTO `tz_area` VALUES (230307000000, '麻山区', 230300000000, 3);
INSERT INTO `tz_area` VALUES (230321000000, '鸡东县', 230300000000, 3);
INSERT INTO `tz_area` VALUES (230381000000, '虎林市', 230300000000, 3);
INSERT INTO `tz_area` VALUES (230382000000, '密山市', 230300000000, 3);
INSERT INTO `tz_area` VALUES (230400000000, '鹤岗市', 230000000000, 2);
INSERT INTO `tz_area` VALUES (230401000000, '市辖区', 230400000000, 3);
INSERT INTO `tz_area` VALUES (230402000000, '向阳区', 230400000000, 3);
INSERT INTO `tz_area` VALUES (230403000000, '工农区', 230400000000, 3);
INSERT INTO `tz_area` VALUES (230404000000, '南山区', 230400000000, 3);
INSERT INTO `tz_area` VALUES (230405000000, '兴安区', 230400000000, 3);
INSERT INTO `tz_area` VALUES (230406000000, '东山区', 230400000000, 3);
INSERT INTO `tz_area` VALUES (230407000000, '兴山区', 230400000000, 3);
INSERT INTO `tz_area` VALUES (230421000000, '萝北县', 230400000000, 3);
INSERT INTO `tz_area` VALUES (230422000000, '绥滨县', 230400000000, 3);
INSERT INTO `tz_area` VALUES (230500000000, '双鸭山市', 230000000000, 2);
INSERT INTO `tz_area` VALUES (230501000000, '市辖区', 230500000000, 3);
INSERT INTO `tz_area` VALUES (230502000000, '尖山区', 230500000000, 3);
INSERT INTO `tz_area` VALUES (230503000000, '岭东区', 230500000000, 3);
INSERT INTO `tz_area` VALUES (230505000000, '四方台区', 230500000000, 3);
INSERT INTO `tz_area` VALUES (230506000000, '宝山区', 230500000000, 3);
INSERT INTO `tz_area` VALUES (230521000000, '集贤县', 230500000000, 3);
INSERT INTO `tz_area` VALUES (230522000000, '友谊县', 230500000000, 3);
INSERT INTO `tz_area` VALUES (230523000000, '宝清县', 230500000000, 3);
INSERT INTO `tz_area` VALUES (230524000000, '饶河县', 230500000000, 3);
INSERT INTO `tz_area` VALUES (230600000000, '大庆市', 230000000000, 2);
INSERT INTO `tz_area` VALUES (230601000000, '市辖区', 230600000000, 3);
INSERT INTO `tz_area` VALUES (230602000000, '萨尔图区', 230600000000, 3);
INSERT INTO `tz_area` VALUES (230603000000, '龙凤区', 230600000000, 3);
INSERT INTO `tz_area` VALUES (230604000000, '让胡路区', 230600000000, 3);
INSERT INTO `tz_area` VALUES (230605000000, '红岗区', 230600000000, 3);
INSERT INTO `tz_area` VALUES (230606000000, '大同区', 230600000000, 3);
INSERT INTO `tz_area` VALUES (230621000000, '肇州县', 230600000000, 3);
INSERT INTO `tz_area` VALUES (230622000000, '肇源县', 230600000000, 3);
INSERT INTO `tz_area` VALUES (230623000000, '林甸县', 230600000000, 3);
INSERT INTO `tz_area` VALUES (230624000000, '杜尔伯特蒙古族自治县', 230600000000, 3);
INSERT INTO `tz_area` VALUES (230671000000, '大庆高新技术产业开发区', 230600000000, 3);
INSERT INTO `tz_area` VALUES (230700000000, '伊春市', 230000000000, 2);
INSERT INTO `tz_area` VALUES (230701000000, '市辖区', 230700000000, 3);
INSERT INTO `tz_area` VALUES (230702000000, '伊春区', 230700000000, 3);
INSERT INTO `tz_area` VALUES (230703000000, '南岔区', 230700000000, 3);
INSERT INTO `tz_area` VALUES (230704000000, '友好区', 230700000000, 3);
INSERT INTO `tz_area` VALUES (230705000000, '西林区', 230700000000, 3);
INSERT INTO `tz_area` VALUES (230706000000, '翠峦区', 230700000000, 3);
INSERT INTO `tz_area` VALUES (230707000000, '新青区', 230700000000, 3);
INSERT INTO `tz_area` VALUES (230708000000, '美溪区', 230700000000, 3);
INSERT INTO `tz_area` VALUES (230709000000, '金山屯区', 230700000000, 3);
INSERT INTO `tz_area` VALUES (230710000000, '五营区', 230700000000, 3);
INSERT INTO `tz_area` VALUES (230711000000, '乌马河区', 230700000000, 3);
INSERT INTO `tz_area` VALUES (230712000000, '汤旺河区', 230700000000, 3);
INSERT INTO `tz_area` VALUES (230713000000, '带岭区', 230700000000, 3);
INSERT INTO `tz_area` VALUES (230714000000, '乌伊岭区', 230700000000, 3);
INSERT INTO `tz_area` VALUES (230715000000, '红星区', 230700000000, 3);
INSERT INTO `tz_area` VALUES (230716000000, '上甘岭区', 230700000000, 3);
INSERT INTO `tz_area` VALUES (230722000000, '嘉荫县', 230700000000, 3);
INSERT INTO `tz_area` VALUES (230781000000, '铁力市', 230700000000, 3);
INSERT INTO `tz_area` VALUES (230800000000, '佳木斯市', 230000000000, 2);
INSERT INTO `tz_area` VALUES (230801000000, '市辖区', 230800000000, 3);
INSERT INTO `tz_area` VALUES (230803000000, '向阳区', 230800000000, 3);
INSERT INTO `tz_area` VALUES (230804000000, '前进区', 230800000000, 3);
INSERT INTO `tz_area` VALUES (230805000000, '东风区', 230800000000, 3);
INSERT INTO `tz_area` VALUES (230811000000, '郊区', 230800000000, 3);
INSERT INTO `tz_area` VALUES (230822000000, '桦南县', 230800000000, 3);
INSERT INTO `tz_area` VALUES (230826000000, '桦川县', 230800000000, 3);
INSERT INTO `tz_area` VALUES (230828000000, '汤原县', 230800000000, 3);
INSERT INTO `tz_area` VALUES (230881000000, '同江市', 230800000000, 3);
INSERT INTO `tz_area` VALUES (230882000000, '富锦市', 230800000000, 3);
INSERT INTO `tz_area` VALUES (230883000000, '抚远市', 230800000000, 3);
INSERT INTO `tz_area` VALUES (230900000000, '七台河市', 230000000000, 2);
INSERT INTO `tz_area` VALUES (230901000000, '市辖区', 230900000000, 3);
INSERT INTO `tz_area` VALUES (230902000000, '新兴区', 230900000000, 3);
INSERT INTO `tz_area` VALUES (230903000000, '桃山区', 230900000000, 3);
INSERT INTO `tz_area` VALUES (230904000000, '茄子河区', 230900000000, 3);
INSERT INTO `tz_area` VALUES (230921000000, '勃利县', 230900000000, 3);
INSERT INTO `tz_area` VALUES (231000000000, '牡丹江市', 230000000000, 2);
INSERT INTO `tz_area` VALUES (231001000000, '市辖区', 231000000000, 3);
INSERT INTO `tz_area` VALUES (231002000000, '东安区', 231000000000, 3);
INSERT INTO `tz_area` VALUES (231003000000, '阳明区', 231000000000, 3);
INSERT INTO `tz_area` VALUES (231004000000, '爱民区', 231000000000, 3);
INSERT INTO `tz_area` VALUES (231005000000, '西安区', 231000000000, 3);
INSERT INTO `tz_area` VALUES (231025000000, '林口县', 231000000000, 3);
INSERT INTO `tz_area` VALUES (231071000000, '牡丹江经济技术开发区', 231000000000, 3);
INSERT INTO `tz_area` VALUES (231081000000, '绥芬河市', 231000000000, 3);
INSERT INTO `tz_area` VALUES (231083000000, '海林市', 231000000000, 3);
INSERT INTO `tz_area` VALUES (231084000000, '宁安市', 231000000000, 3);
INSERT INTO `tz_area` VALUES (231085000000, '穆棱市', 231000000000, 3);
INSERT INTO `tz_area` VALUES (231086000000, '东宁市', 231000000000, 3);
INSERT INTO `tz_area` VALUES (231100000000, '黑河市', 230000000000, 2);
INSERT INTO `tz_area` VALUES (231101000000, '市辖区', 231100000000, 3);
INSERT INTO `tz_area` VALUES (231102000000, '爱辉区', 231100000000, 3);
INSERT INTO `tz_area` VALUES (231121000000, '嫩江县', 231100000000, 3);
INSERT INTO `tz_area` VALUES (231123000000, '逊克县', 231100000000, 3);
INSERT INTO `tz_area` VALUES (231124000000, '孙吴县', 231100000000, 3);
INSERT INTO `tz_area` VALUES (231181000000, '北安市', 231100000000, 3);
INSERT INTO `tz_area` VALUES (231182000000, '五大连池市', 231100000000, 3);
INSERT INTO `tz_area` VALUES (231200000000, '绥化市', 230000000000, 2);
INSERT INTO `tz_area` VALUES (231201000000, '市辖区', 231200000000, 3);
INSERT INTO `tz_area` VALUES (231202000000, '北林区', 231200000000, 3);
INSERT INTO `tz_area` VALUES (231221000000, '望奎县', 231200000000, 3);
INSERT INTO `tz_area` VALUES (231222000000, '兰西县', 231200000000, 3);
INSERT INTO `tz_area` VALUES (231223000000, '青冈县', 231200000000, 3);
INSERT INTO `tz_area` VALUES (231224000000, '庆安县', 231200000000, 3);
INSERT INTO `tz_area` VALUES (231225000000, '明水县', 231200000000, 3);
INSERT INTO `tz_area` VALUES (231226000000, '绥棱县', 231200000000, 3);
INSERT INTO `tz_area` VALUES (231281000000, '安达市', 231200000000, 3);
INSERT INTO `tz_area` VALUES (231282000000, '肇东市', 231200000000, 3);
INSERT INTO `tz_area` VALUES (231283000000, '海伦市', 231200000000, 3);
INSERT INTO `tz_area` VALUES (232700000000, '大兴安岭地区', 230000000000, 2);
INSERT INTO `tz_area` VALUES (232701000000, '漠河市', 232700000000, 3);
INSERT INTO `tz_area` VALUES (232721000000, '呼玛县', 232700000000, 3);
INSERT INTO `tz_area` VALUES (232722000000, '塔河县', 232700000000, 3);
INSERT INTO `tz_area` VALUES (232761000000, '加格达奇区', 232700000000, 3);
INSERT INTO `tz_area` VALUES (232762000000, '松岭区', 232700000000, 3);
INSERT INTO `tz_area` VALUES (232763000000, '新林区', 232700000000, 3);
INSERT INTO `tz_area` VALUES (232764000000, '呼中区', 232700000000, 3);
INSERT INTO `tz_area` VALUES (310000000000, '上海市', 0, 1);
INSERT INTO `tz_area` VALUES (310100000000, '市辖区', 310000000000, 2);
INSERT INTO `tz_area` VALUES (310101000000, '黄浦区', 310100000000, 3);
INSERT INTO `tz_area` VALUES (310104000000, '徐汇区', 310100000000, 3);
INSERT INTO `tz_area` VALUES (310105000000, '长宁区', 310100000000, 3);
INSERT INTO `tz_area` VALUES (310106000000, '静安区', 310100000000, 3);
INSERT INTO `tz_area` VALUES (310107000000, '普陀区', 310100000000, 3);
INSERT INTO `tz_area` VALUES (310109000000, '虹口区', 310100000000, 3);
INSERT INTO `tz_area` VALUES (310110000000, '杨浦区', 310100000000, 3);
INSERT INTO `tz_area` VALUES (310112000000, '闵行区', 310100000000, 3);
INSERT INTO `tz_area` VALUES (310113000000, '宝山区', 310100000000, 3);
INSERT INTO `tz_area` VALUES (310114000000, '嘉定区', 310100000000, 3);
INSERT INTO `tz_area` VALUES (310115000000, '浦东新区', 310100000000, 3);
INSERT INTO `tz_area` VALUES (310116000000, '金山区', 310100000000, 3);
INSERT INTO `tz_area` VALUES (310117000000, '松江区', 310100000000, 3);
INSERT INTO `tz_area` VALUES (310118000000, '青浦区', 310100000000, 3);
INSERT INTO `tz_area` VALUES (310120000000, '奉贤区', 310100000000, 3);
INSERT INTO `tz_area` VALUES (310151000000, '崇明区', 310100000000, 3);
INSERT INTO `tz_area` VALUES (320000000000, '江苏省', 0, 1);
INSERT INTO `tz_area` VALUES (320100000000, '南京市', 320000000000, 2);
INSERT INTO `tz_area` VALUES (320101000000, '市辖区', 320100000000, 3);
INSERT INTO `tz_area` VALUES (320102000000, '玄武区', 320100000000, 3);
INSERT INTO `tz_area` VALUES (320104000000, '秦淮区', 320100000000, 3);
INSERT INTO `tz_area` VALUES (320105000000, '建邺区', 320100000000, 3);
INSERT INTO `tz_area` VALUES (320106000000, '鼓楼区', 320100000000, 3);
INSERT INTO `tz_area` VALUES (320111000000, '浦口区', 320100000000, 3);
INSERT INTO `tz_area` VALUES (320113000000, '栖霞区', 320100000000, 3);
INSERT INTO `tz_area` VALUES (320114000000, '雨花台区', 320100000000, 3);
INSERT INTO `tz_area` VALUES (320115000000, '江宁区', 320100000000, 3);
INSERT INTO `tz_area` VALUES (320116000000, '六合区', 320100000000, 3);
INSERT INTO `tz_area` VALUES (320117000000, '溧水区', 320100000000, 3);
INSERT INTO `tz_area` VALUES (320118000000, '高淳区', 320100000000, 3);
INSERT INTO `tz_area` VALUES (320200000000, '无锡市', 320000000000, 2);
INSERT INTO `tz_area` VALUES (320201000000, '市辖区', 320200000000, 3);
INSERT INTO `tz_area` VALUES (320205000000, '锡山区', 320200000000, 3);
INSERT INTO `tz_area` VALUES (320206000000, '惠山区', 320200000000, 3);
INSERT INTO `tz_area` VALUES (320211000000, '滨湖区', 320200000000, 3);
INSERT INTO `tz_area` VALUES (320213000000, '梁溪区', 320200000000, 3);
INSERT INTO `tz_area` VALUES (320214000000, '新吴区', 320200000000, 3);
INSERT INTO `tz_area` VALUES (320281000000, '江阴市', 320200000000, 3);
INSERT INTO `tz_area` VALUES (320282000000, '宜兴市', 320200000000, 3);
INSERT INTO `tz_area` VALUES (320300000000, '徐州市', 320000000000, 2);
INSERT INTO `tz_area` VALUES (320301000000, '市辖区', 320300000000, 3);
INSERT INTO `tz_area` VALUES (320302000000, '鼓楼区', 320300000000, 3);
INSERT INTO `tz_area` VALUES (320303000000, '云龙区', 320300000000, 3);
INSERT INTO `tz_area` VALUES (320305000000, '贾汪区', 320300000000, 3);
INSERT INTO `tz_area` VALUES (320311000000, '泉山区', 320300000000, 3);
INSERT INTO `tz_area` VALUES (320312000000, '铜山区', 320300000000, 3);
INSERT INTO `tz_area` VALUES (320321000000, '丰县', 320300000000, 3);
INSERT INTO `tz_area` VALUES (320322000000, '沛县', 320300000000, 3);
INSERT INTO `tz_area` VALUES (320324000000, '睢宁县', 320300000000, 3);
INSERT INTO `tz_area` VALUES (320371000000, '徐州经济技术开发区', 320300000000, 3);
INSERT INTO `tz_area` VALUES (320381000000, '新沂市', 320300000000, 3);
INSERT INTO `tz_area` VALUES (320382000000, '邳州市', 320300000000, 3);
INSERT INTO `tz_area` VALUES (320400000000, '常州市', 320000000000, 2);
INSERT INTO `tz_area` VALUES (320401000000, '市辖区', 320400000000, 3);
INSERT INTO `tz_area` VALUES (320402000000, '天宁区', 320400000000, 3);
INSERT INTO `tz_area` VALUES (320404000000, '钟楼区', 320400000000, 3);
INSERT INTO `tz_area` VALUES (320411000000, '新北区', 320400000000, 3);
INSERT INTO `tz_area` VALUES (320412000000, '武进区', 320400000000, 3);
INSERT INTO `tz_area` VALUES (320413000000, '金坛区', 320400000000, 3);
INSERT INTO `tz_area` VALUES (320481000000, '溧阳市', 320400000000, 3);
INSERT INTO `tz_area` VALUES (320500000000, '苏州市', 320000000000, 2);
INSERT INTO `tz_area` VALUES (320501000000, '市辖区', 320500000000, 3);
INSERT INTO `tz_area` VALUES (320505000000, '虎丘区', 320500000000, 3);
INSERT INTO `tz_area` VALUES (320506000000, '吴中区', 320500000000, 3);
INSERT INTO `tz_area` VALUES (320507000000, '相城区', 320500000000, 3);
INSERT INTO `tz_area` VALUES (320508000000, '姑苏区', 320500000000, 3);
INSERT INTO `tz_area` VALUES (320509000000, '吴江区', 320500000000, 3);
INSERT INTO `tz_area` VALUES (320571000000, '苏州工业园区', 320500000000, 3);
INSERT INTO `tz_area` VALUES (320581000000, '常熟市', 320500000000, 3);
INSERT INTO `tz_area` VALUES (320582000000, '张家港市', 320500000000, 3);
INSERT INTO `tz_area` VALUES (320583000000, '昆山市', 320500000000, 3);
INSERT INTO `tz_area` VALUES (320585000000, '太仓市', 320500000000, 3);
INSERT INTO `tz_area` VALUES (320600000000, '南通市', 320000000000, 2);
INSERT INTO `tz_area` VALUES (320601000000, '市辖区', 320600000000, 3);
INSERT INTO `tz_area` VALUES (320602000000, '崇川区', 320600000000, 3);
INSERT INTO `tz_area` VALUES (320611000000, '港闸区', 320600000000, 3);
INSERT INTO `tz_area` VALUES (320612000000, '通州区', 320600000000, 3);
INSERT INTO `tz_area` VALUES (320623000000, '如东县', 320600000000, 3);
INSERT INTO `tz_area` VALUES (320671000000, '南通经济技术开发区', 320600000000, 3);
INSERT INTO `tz_area` VALUES (320681000000, '启东市', 320600000000, 3);
INSERT INTO `tz_area` VALUES (320682000000, '如皋市', 320600000000, 3);
INSERT INTO `tz_area` VALUES (320684000000, '海门市', 320600000000, 3);
INSERT INTO `tz_area` VALUES (320685000000, '海安市', 320600000000, 3);
INSERT INTO `tz_area` VALUES (320700000000, '连云港市', 320000000000, 2);
INSERT INTO `tz_area` VALUES (320701000000, '市辖区', 320700000000, 3);
INSERT INTO `tz_area` VALUES (320703000000, '连云区', 320700000000, 3);
INSERT INTO `tz_area` VALUES (320706000000, '海州区', 320700000000, 3);
INSERT INTO `tz_area` VALUES (320707000000, '赣榆区', 320700000000, 3);
INSERT INTO `tz_area` VALUES (320722000000, '东海县', 320700000000, 3);
INSERT INTO `tz_area` VALUES (320723000000, '灌云县', 320700000000, 3);
INSERT INTO `tz_area` VALUES (320724000000, '灌南县', 320700000000, 3);
INSERT INTO `tz_area` VALUES (320771000000, '连云港经济技术开发区', 320700000000, 3);
INSERT INTO `tz_area` VALUES (320772000000, '连云港高新技术产业开发区', 320700000000, 3);
INSERT INTO `tz_area` VALUES (320800000000, '淮安市', 320000000000, 2);
INSERT INTO `tz_area` VALUES (320801000000, '市辖区', 320800000000, 3);
INSERT INTO `tz_area` VALUES (320803000000, '淮安区', 320800000000, 3);
INSERT INTO `tz_area` VALUES (320804000000, '淮阴区', 320800000000, 3);
INSERT INTO `tz_area` VALUES (320812000000, '清江浦区', 320800000000, 3);
INSERT INTO `tz_area` VALUES (320813000000, '洪泽区', 320800000000, 3);
INSERT INTO `tz_area` VALUES (320826000000, '涟水县', 320800000000, 3);
INSERT INTO `tz_area` VALUES (320830000000, '盱眙县', 320800000000, 3);
INSERT INTO `tz_area` VALUES (320831000000, '金湖县', 320800000000, 3);
INSERT INTO `tz_area` VALUES (320871000000, '淮安经济技术开发区', 320800000000, 3);
INSERT INTO `tz_area` VALUES (320900000000, '盐城市', 320000000000, 2);
INSERT INTO `tz_area` VALUES (320901000000, '市辖区', 320900000000, 3);
INSERT INTO `tz_area` VALUES (320902000000, '亭湖区', 320900000000, 3);
INSERT INTO `tz_area` VALUES (320903000000, '盐都区', 320900000000, 3);
INSERT INTO `tz_area` VALUES (320904000000, '大丰区', 320900000000, 3);
INSERT INTO `tz_area` VALUES (320921000000, '响水县', 320900000000, 3);
INSERT INTO `tz_area` VALUES (320922000000, '滨海县', 320900000000, 3);
INSERT INTO `tz_area` VALUES (320923000000, '阜宁县', 320900000000, 3);
INSERT INTO `tz_area` VALUES (320924000000, '射阳县', 320900000000, 3);
INSERT INTO `tz_area` VALUES (320925000000, '建湖县', 320900000000, 3);
INSERT INTO `tz_area` VALUES (320971000000, '盐城经济技术开发区', 320900000000, 3);
INSERT INTO `tz_area` VALUES (320981000000, '东台市', 320900000000, 3);
INSERT INTO `tz_area` VALUES (321000000000, '扬州市', 320000000000, 2);
INSERT INTO `tz_area` VALUES (321001000000, '市辖区', 321000000000, 3);
INSERT INTO `tz_area` VALUES (321002000000, '广陵区', 321000000000, 3);
INSERT INTO `tz_area` VALUES (321003000000, '邗江区', 321000000000, 3);
INSERT INTO `tz_area` VALUES (321012000000, '江都区', 321000000000, 3);
INSERT INTO `tz_area` VALUES (321023000000, '宝应县', 321000000000, 3);
INSERT INTO `tz_area` VALUES (321071000000, '扬州经济技术开发区', 321000000000, 3);
INSERT INTO `tz_area` VALUES (321081000000, '仪征市', 321000000000, 3);
INSERT INTO `tz_area` VALUES (321084000000, '高邮市', 321000000000, 3);
INSERT INTO `tz_area` VALUES (321100000000, '镇江市', 320000000000, 2);
INSERT INTO `tz_area` VALUES (321101000000, '市辖区', 321100000000, 3);
INSERT INTO `tz_area` VALUES (321102000000, '京口区', 321100000000, 3);
INSERT INTO `tz_area` VALUES (321111000000, '润州区', 321100000000, 3);
INSERT INTO `tz_area` VALUES (321112000000, '丹徒区', 321100000000, 3);
INSERT INTO `tz_area` VALUES (321171000000, '镇江新区', 321100000000, 3);
INSERT INTO `tz_area` VALUES (321181000000, '丹阳市', 321100000000, 3);
INSERT INTO `tz_area` VALUES (321182000000, '扬中市', 321100000000, 3);
INSERT INTO `tz_area` VALUES (321183000000, '句容市', 321100000000, 3);
INSERT INTO `tz_area` VALUES (321200000000, '泰州市', 320000000000, 2);
INSERT INTO `tz_area` VALUES (321201000000, '市辖区', 321200000000, 3);
INSERT INTO `tz_area` VALUES (321202000000, '海陵区', 321200000000, 3);
INSERT INTO `tz_area` VALUES (321203000000, '高港区', 321200000000, 3);
INSERT INTO `tz_area` VALUES (321204000000, '姜堰区', 321200000000, 3);
INSERT INTO `tz_area` VALUES (321271000000, '泰州医药高新技术产业开发区', 321200000000, 3);
INSERT INTO `tz_area` VALUES (321281000000, '兴化市', 321200000000, 3);
INSERT INTO `tz_area` VALUES (321282000000, '靖江市', 321200000000, 3);
INSERT INTO `tz_area` VALUES (321283000000, '泰兴市', 321200000000, 3);
INSERT INTO `tz_area` VALUES (321300000000, '宿迁市', 320000000000, 2);
INSERT INTO `tz_area` VALUES (321301000000, '市辖区', 321300000000, 3);
INSERT INTO `tz_area` VALUES (321302000000, '宿城区', 321300000000, 3);
INSERT INTO `tz_area` VALUES (321311000000, '宿豫区', 321300000000, 3);
INSERT INTO `tz_area` VALUES (321322000000, '沭阳县', 321300000000, 3);
INSERT INTO `tz_area` VALUES (321323000000, '泗阳县', 321300000000, 3);
INSERT INTO `tz_area` VALUES (321324000000, '泗洪县', 321300000000, 3);
INSERT INTO `tz_area` VALUES (321371000000, '宿迁经济技术开发区', 321300000000, 3);
INSERT INTO `tz_area` VALUES (330000000000, '浙江省', 0, 1);
INSERT INTO `tz_area` VALUES (330100000000, '杭州市', 330000000000, 2);
INSERT INTO `tz_area` VALUES (330101000000, '市辖区', 330100000000, 3);
INSERT INTO `tz_area` VALUES (330102000000, '上城区', 330100000000, 3);
INSERT INTO `tz_area` VALUES (330103000000, '下城区', 330100000000, 3);
INSERT INTO `tz_area` VALUES (330104000000, '江干区', 330100000000, 3);
INSERT INTO `tz_area` VALUES (330105000000, '拱墅区', 330100000000, 3);
INSERT INTO `tz_area` VALUES (330106000000, '西湖区', 330100000000, 3);
INSERT INTO `tz_area` VALUES (330108000000, '滨江区', 330100000000, 3);
INSERT INTO `tz_area` VALUES (330109000000, '萧山区', 330100000000, 3);
INSERT INTO `tz_area` VALUES (330110000000, '余杭区', 330100000000, 3);
INSERT INTO `tz_area` VALUES (330111000000, '富阳区', 330100000000, 3);
INSERT INTO `tz_area` VALUES (330112000000, '临安区', 330100000000, 3);
INSERT INTO `tz_area` VALUES (330122000000, '桐庐县', 330100000000, 3);
INSERT INTO `tz_area` VALUES (330127000000, '淳安县', 330100000000, 3);
INSERT INTO `tz_area` VALUES (330182000000, '建德市', 330100000000, 3);
INSERT INTO `tz_area` VALUES (330200000000, '宁波市', 330000000000, 2);
INSERT INTO `tz_area` VALUES (330201000000, '市辖区', 330200000000, 3);
INSERT INTO `tz_area` VALUES (330203000000, '海曙区', 330200000000, 3);
INSERT INTO `tz_area` VALUES (330205000000, '江北区', 330200000000, 3);
INSERT INTO `tz_area` VALUES (330206000000, '北仑区', 330200000000, 3);
INSERT INTO `tz_area` VALUES (330211000000, '镇海区', 330200000000, 3);
INSERT INTO `tz_area` VALUES (330212000000, '鄞州区', 330200000000, 3);
INSERT INTO `tz_area` VALUES (330213000000, '奉化区', 330200000000, 3);
INSERT INTO `tz_area` VALUES (330225000000, '象山县', 330200000000, 3);
INSERT INTO `tz_area` VALUES (330226000000, '宁海县', 330200000000, 3);
INSERT INTO `tz_area` VALUES (330281000000, '余姚市', 330200000000, 3);
INSERT INTO `tz_area` VALUES (330282000000, '慈溪市', 330200000000, 3);
INSERT INTO `tz_area` VALUES (330300000000, '温州市', 330000000000, 2);
INSERT INTO `tz_area` VALUES (330301000000, '市辖区', 330300000000, 3);
INSERT INTO `tz_area` VALUES (330302000000, '鹿城区', 330300000000, 3);
INSERT INTO `tz_area` VALUES (330303000000, '龙湾区', 330300000000, 3);
INSERT INTO `tz_area` VALUES (330304000000, '瓯海区', 330300000000, 3);
INSERT INTO `tz_area` VALUES (330305000000, '洞头区', 330300000000, 3);
INSERT INTO `tz_area` VALUES (330324000000, '永嘉县', 330300000000, 3);
INSERT INTO `tz_area` VALUES (330326000000, '平阳县', 330300000000, 3);
INSERT INTO `tz_area` VALUES (330327000000, '苍南县', 330300000000, 3);
INSERT INTO `tz_area` VALUES (330328000000, '文成县', 330300000000, 3);
INSERT INTO `tz_area` VALUES (330329000000, '泰顺县', 330300000000, 3);
INSERT INTO `tz_area` VALUES (330371000000, '温州经济技术开发区', 330300000000, 3);
INSERT INTO `tz_area` VALUES (330381000000, '瑞安市', 330300000000, 3);
INSERT INTO `tz_area` VALUES (330382000000, '乐清市', 330300000000, 3);
INSERT INTO `tz_area` VALUES (330400000000, '嘉兴市', 330000000000, 2);
INSERT INTO `tz_area` VALUES (330401000000, '市辖区', 330400000000, 3);
INSERT INTO `tz_area` VALUES (330402000000, '南湖区', 330400000000, 3);
INSERT INTO `tz_area` VALUES (330411000000, '秀洲区', 330400000000, 3);
INSERT INTO `tz_area` VALUES (330421000000, '嘉善县', 330400000000, 3);
INSERT INTO `tz_area` VALUES (330424000000, '海盐县', 330400000000, 3);
INSERT INTO `tz_area` VALUES (330481000000, '海宁市', 330400000000, 3);
INSERT INTO `tz_area` VALUES (330482000000, '平湖市', 330400000000, 3);
INSERT INTO `tz_area` VALUES (330483000000, '桐乡市', 330400000000, 3);
INSERT INTO `tz_area` VALUES (330500000000, '湖州市', 330000000000, 2);
INSERT INTO `tz_area` VALUES (330501000000, '市辖区', 330500000000, 3);
INSERT INTO `tz_area` VALUES (330502000000, '吴兴区', 330500000000, 3);
INSERT INTO `tz_area` VALUES (330503000000, '南浔区', 330500000000, 3);
INSERT INTO `tz_area` VALUES (330521000000, '德清县', 330500000000, 3);
INSERT INTO `tz_area` VALUES (330522000000, '长兴县', 330500000000, 3);
INSERT INTO `tz_area` VALUES (330523000000, '安吉县', 330500000000, 3);
INSERT INTO `tz_area` VALUES (330600000000, '绍兴市', 330000000000, 2);
INSERT INTO `tz_area` VALUES (330601000000, '市辖区', 330600000000, 3);
INSERT INTO `tz_area` VALUES (330602000000, '越城区', 330600000000, 3);
INSERT INTO `tz_area` VALUES (330603000000, '柯桥区', 330600000000, 3);
INSERT INTO `tz_area` VALUES (330604000000, '上虞区', 330600000000, 3);
INSERT INTO `tz_area` VALUES (330624000000, '新昌县', 330600000000, 3);
INSERT INTO `tz_area` VALUES (330681000000, '诸暨市', 330600000000, 3);
INSERT INTO `tz_area` VALUES (330683000000, '嵊州市', 330600000000, 3);
INSERT INTO `tz_area` VALUES (330700000000, '金华市', 330000000000, 2);
INSERT INTO `tz_area` VALUES (330701000000, '市辖区', 330700000000, 3);
INSERT INTO `tz_area` VALUES (330702000000, '婺城区', 330700000000, 3);
INSERT INTO `tz_area` VALUES (330703000000, '金东区', 330700000000, 3);
INSERT INTO `tz_area` VALUES (330723000000, '武义县', 330700000000, 3);
INSERT INTO `tz_area` VALUES (330726000000, '浦江县', 330700000000, 3);
INSERT INTO `tz_area` VALUES (330727000000, '磐安县', 330700000000, 3);
INSERT INTO `tz_area` VALUES (330781000000, '兰溪市', 330700000000, 3);
INSERT INTO `tz_area` VALUES (330782000000, '义乌市', 330700000000, 3);
INSERT INTO `tz_area` VALUES (330783000000, '东阳市', 330700000000, 3);
INSERT INTO `tz_area` VALUES (330784000000, '永康市', 330700000000, 3);
INSERT INTO `tz_area` VALUES (330800000000, '衢州市', 330000000000, 2);
INSERT INTO `tz_area` VALUES (330801000000, '市辖区', 330800000000, 3);
INSERT INTO `tz_area` VALUES (330802000000, '柯城区', 330800000000, 3);
INSERT INTO `tz_area` VALUES (330803000000, '衢江区', 330800000000, 3);
INSERT INTO `tz_area` VALUES (330822000000, '常山县', 330800000000, 3);
INSERT INTO `tz_area` VALUES (330824000000, '开化县', 330800000000, 3);
INSERT INTO `tz_area` VALUES (330825000000, '龙游县', 330800000000, 3);
INSERT INTO `tz_area` VALUES (330881000000, '江山市', 330800000000, 3);
INSERT INTO `tz_area` VALUES (330900000000, '舟山市', 330000000000, 2);
INSERT INTO `tz_area` VALUES (330901000000, '市辖区', 330900000000, 3);
INSERT INTO `tz_area` VALUES (330902000000, '定海区', 330900000000, 3);
INSERT INTO `tz_area` VALUES (330903000000, '普陀区', 330900000000, 3);
INSERT INTO `tz_area` VALUES (330921000000, '岱山县', 330900000000, 3);
INSERT INTO `tz_area` VALUES (330922000000, '嵊泗县', 330900000000, 3);
INSERT INTO `tz_area` VALUES (331000000000, '台州市', 330000000000, 2);
INSERT INTO `tz_area` VALUES (331001000000, '市辖区', 331000000000, 3);
INSERT INTO `tz_area` VALUES (331002000000, '椒江区', 331000000000, 3);
INSERT INTO `tz_area` VALUES (331003000000, '黄岩区', 331000000000, 3);
INSERT INTO `tz_area` VALUES (331004000000, '路桥区', 331000000000, 3);
INSERT INTO `tz_area` VALUES (331022000000, '三门县', 331000000000, 3);
INSERT INTO `tz_area` VALUES (331023000000, '天台县', 331000000000, 3);
INSERT INTO `tz_area` VALUES (331024000000, '仙居县', 331000000000, 3);
INSERT INTO `tz_area` VALUES (331081000000, '温岭市', 331000000000, 3);
INSERT INTO `tz_area` VALUES (331082000000, '临海市', 331000000000, 3);
INSERT INTO `tz_area` VALUES (331083000000, '玉环市', 331000000000, 3);
INSERT INTO `tz_area` VALUES (331100000000, '丽水市', 330000000000, 2);
INSERT INTO `tz_area` VALUES (331101000000, '市辖区', 331100000000, 3);
INSERT INTO `tz_area` VALUES (331102000000, '莲都区', 331100000000, 3);
INSERT INTO `tz_area` VALUES (331121000000, '青田县', 331100000000, 3);
INSERT INTO `tz_area` VALUES (331122000000, '缙云县', 331100000000, 3);
INSERT INTO `tz_area` VALUES (331123000000, '遂昌县', 331100000000, 3);
INSERT INTO `tz_area` VALUES (331124000000, '松阳县', 331100000000, 3);
INSERT INTO `tz_area` VALUES (331125000000, '云和县', 331100000000, 3);
INSERT INTO `tz_area` VALUES (331126000000, '庆元县', 331100000000, 3);
INSERT INTO `tz_area` VALUES (331127000000, '景宁畲族自治县', 331100000000, 3);
INSERT INTO `tz_area` VALUES (331181000000, '龙泉市', 331100000000, 3);
INSERT INTO `tz_area` VALUES (340000000000, '安徽省', 0, 1);
INSERT INTO `tz_area` VALUES (340100000000, '合肥市', 340000000000, 2);
INSERT INTO `tz_area` VALUES (340101000000, '市辖区', 340100000000, 3);
INSERT INTO `tz_area` VALUES (340102000000, '瑶海区', 340100000000, 3);
INSERT INTO `tz_area` VALUES (340103000000, '庐阳区', 340100000000, 3);
INSERT INTO `tz_area` VALUES (340104000000, '蜀山区', 340100000000, 3);
INSERT INTO `tz_area` VALUES (340111000000, '包河区', 340100000000, 3);
INSERT INTO `tz_area` VALUES (340121000000, '长丰县', 340100000000, 3);
INSERT INTO `tz_area` VALUES (340122000000, '肥东县', 340100000000, 3);
INSERT INTO `tz_area` VALUES (340123000000, '肥西县', 340100000000, 3);
INSERT INTO `tz_area` VALUES (340124000000, '庐江县', 340100000000, 3);
INSERT INTO `tz_area` VALUES (340171000000, '合肥高新技术产业开发区', 340100000000, 3);
INSERT INTO `tz_area` VALUES (340172000000, '合肥经济技术开发区', 340100000000, 3);
INSERT INTO `tz_area` VALUES (340173000000, '合肥新站高新技术产业开发区', 340100000000, 3);
INSERT INTO `tz_area` VALUES (340181000000, '巢湖市', 340100000000, 3);
INSERT INTO `tz_area` VALUES (340200000000, '芜湖市', 340000000000, 2);
INSERT INTO `tz_area` VALUES (340201000000, '市辖区', 340200000000, 3);
INSERT INTO `tz_area` VALUES (340202000000, '镜湖区', 340200000000, 3);
INSERT INTO `tz_area` VALUES (340203000000, '弋江区', 340200000000, 3);
INSERT INTO `tz_area` VALUES (340207000000, '鸠江区', 340200000000, 3);
INSERT INTO `tz_area` VALUES (340208000000, '三山区', 340200000000, 3);
INSERT INTO `tz_area` VALUES (340221000000, '芜湖县', 340200000000, 3);
INSERT INTO `tz_area` VALUES (340222000000, '繁昌县', 340200000000, 3);
INSERT INTO `tz_area` VALUES (340223000000, '南陵县', 340200000000, 3);
INSERT INTO `tz_area` VALUES (340225000000, '无为县', 340200000000, 3);
INSERT INTO `tz_area` VALUES (340271000000, '芜湖经济技术开发区', 340200000000, 3);
INSERT INTO `tz_area` VALUES (340272000000, '安徽芜湖长江大桥经济开发区', 340200000000, 3);
INSERT INTO `tz_area` VALUES (340300000000, '蚌埠市', 340000000000, 2);
INSERT INTO `tz_area` VALUES (340301000000, '市辖区', 340300000000, 3);
INSERT INTO `tz_area` VALUES (340302000000, '龙子湖区', 340300000000, 3);
INSERT INTO `tz_area` VALUES (340303000000, '蚌山区', 340300000000, 3);
INSERT INTO `tz_area` VALUES (340304000000, '禹会区', 340300000000, 3);
INSERT INTO `tz_area` VALUES (340311000000, '淮上区', 340300000000, 3);
INSERT INTO `tz_area` VALUES (340321000000, '怀远县', 340300000000, 3);
INSERT INTO `tz_area` VALUES (340322000000, '五河县', 340300000000, 3);
INSERT INTO `tz_area` VALUES (340323000000, '固镇县', 340300000000, 3);
INSERT INTO `tz_area` VALUES (340371000000, '蚌埠市高新技术开发区', 340300000000, 3);
INSERT INTO `tz_area` VALUES (340372000000, '蚌埠市经济开发区', 340300000000, 3);
INSERT INTO `tz_area` VALUES (340400000000, '淮南市', 340000000000, 2);
INSERT INTO `tz_area` VALUES (340401000000, '市辖区', 340400000000, 3);
INSERT INTO `tz_area` VALUES (340402000000, '大通区', 340400000000, 3);
INSERT INTO `tz_area` VALUES (340403000000, '田家庵区', 340400000000, 3);
INSERT INTO `tz_area` VALUES (340404000000, '谢家集区', 340400000000, 3);
INSERT INTO `tz_area` VALUES (340405000000, '八公山区', 340400000000, 3);
INSERT INTO `tz_area` VALUES (340406000000, '潘集区', 340400000000, 3);
INSERT INTO `tz_area` VALUES (340421000000, '凤台县', 340400000000, 3);
INSERT INTO `tz_area` VALUES (340422000000, '寿县', 340400000000, 3);
INSERT INTO `tz_area` VALUES (340500000000, '马鞍山市', 340000000000, 2);
INSERT INTO `tz_area` VALUES (340501000000, '市辖区', 340500000000, 3);
INSERT INTO `tz_area` VALUES (340503000000, '花山区', 340500000000, 3);
INSERT INTO `tz_area` VALUES (340504000000, '雨山区', 340500000000, 3);
INSERT INTO `tz_area` VALUES (340506000000, '博望区', 340500000000, 3);
INSERT INTO `tz_area` VALUES (340521000000, '当涂县', 340500000000, 3);
INSERT INTO `tz_area` VALUES (340522000000, '含山县', 340500000000, 3);
INSERT INTO `tz_area` VALUES (340523000000, '和县', 340500000000, 3);
INSERT INTO `tz_area` VALUES (340600000000, '淮北市', 340000000000, 2);
INSERT INTO `tz_area` VALUES (340601000000, '市辖区', 340600000000, 3);
INSERT INTO `tz_area` VALUES (340602000000, '杜集区', 340600000000, 3);
INSERT INTO `tz_area` VALUES (340603000000, '相山区', 340600000000, 3);
INSERT INTO `tz_area` VALUES (340604000000, '烈山区', 340600000000, 3);
INSERT INTO `tz_area` VALUES (340621000000, '濉溪县', 340600000000, 3);
INSERT INTO `tz_area` VALUES (340700000000, '铜陵市', 340000000000, 2);
INSERT INTO `tz_area` VALUES (340701000000, '市辖区', 340700000000, 3);
INSERT INTO `tz_area` VALUES (340705000000, '铜官区', 340700000000, 3);
INSERT INTO `tz_area` VALUES (340706000000, '义安区', 340700000000, 3);
INSERT INTO `tz_area` VALUES (340711000000, '郊区', 340700000000, 3);
INSERT INTO `tz_area` VALUES (340722000000, '枞阳县', 340700000000, 3);
INSERT INTO `tz_area` VALUES (340800000000, '安庆市', 340000000000, 2);
INSERT INTO `tz_area` VALUES (340801000000, '市辖区', 340800000000, 3);
INSERT INTO `tz_area` VALUES (340802000000, '迎江区', 340800000000, 3);
INSERT INTO `tz_area` VALUES (340803000000, '大观区', 340800000000, 3);
INSERT INTO `tz_area` VALUES (340811000000, '宜秀区', 340800000000, 3);
INSERT INTO `tz_area` VALUES (340822000000, '怀宁县', 340800000000, 3);
INSERT INTO `tz_area` VALUES (340825000000, '太湖县', 340800000000, 3);
INSERT INTO `tz_area` VALUES (340826000000, '宿松县', 340800000000, 3);
INSERT INTO `tz_area` VALUES (340827000000, '望江县', 340800000000, 3);
INSERT INTO `tz_area` VALUES (340828000000, '岳西县', 340800000000, 3);
INSERT INTO `tz_area` VALUES (340871000000, '安徽安庆经济开发区', 340800000000, 3);
INSERT INTO `tz_area` VALUES (340881000000, '桐城市', 340800000000, 3);
INSERT INTO `tz_area` VALUES (340882000000, '潜山市', 340800000000, 3);
INSERT INTO `tz_area` VALUES (341000000000, '黄山市', 340000000000, 2);
INSERT INTO `tz_area` VALUES (341001000000, '市辖区', 341000000000, 3);
INSERT INTO `tz_area` VALUES (341002000000, '屯溪区', 341000000000, 3);
INSERT INTO `tz_area` VALUES (341003000000, '黄山区', 341000000000, 3);
INSERT INTO `tz_area` VALUES (341004000000, '徽州区', 341000000000, 3);
INSERT INTO `tz_area` VALUES (341021000000, '歙县', 341000000000, 3);
INSERT INTO `tz_area` VALUES (341022000000, '休宁县', 341000000000, 3);
INSERT INTO `tz_area` VALUES (341023000000, '黟县', 341000000000, 3);
INSERT INTO `tz_area` VALUES (341024000000, '祁门县', 341000000000, 3);
INSERT INTO `tz_area` VALUES (341100000000, '滁州市', 340000000000, 2);
INSERT INTO `tz_area` VALUES (341101000000, '市辖区', 341100000000, 3);
INSERT INTO `tz_area` VALUES (341102000000, '琅琊区', 341100000000, 3);
INSERT INTO `tz_area` VALUES (341103000000, '南谯区', 341100000000, 3);
INSERT INTO `tz_area` VALUES (341122000000, '来安县', 341100000000, 3);
INSERT INTO `tz_area` VALUES (341124000000, '全椒县', 341100000000, 3);
INSERT INTO `tz_area` VALUES (341125000000, '定远县', 341100000000, 3);
INSERT INTO `tz_area` VALUES (341126000000, '凤阳县', 341100000000, 3);
INSERT INTO `tz_area` VALUES (341171000000, '苏滁现代产业园', 341100000000, 3);
INSERT INTO `tz_area` VALUES (341172000000, '滁州经济技术开发区', 341100000000, 3);
INSERT INTO `tz_area` VALUES (341181000000, '天长市', 341100000000, 3);
INSERT INTO `tz_area` VALUES (341182000000, '明光市', 341100000000, 3);
INSERT INTO `tz_area` VALUES (341200000000, '阜阳市', 340000000000, 2);
INSERT INTO `tz_area` VALUES (341201000000, '市辖区', 341200000000, 3);
INSERT INTO `tz_area` VALUES (341202000000, '颍州区', 341200000000, 3);
INSERT INTO `tz_area` VALUES (341203000000, '颍东区', 341200000000, 3);
INSERT INTO `tz_area` VALUES (341204000000, '颍泉区', 341200000000, 3);
INSERT INTO `tz_area` VALUES (341221000000, '临泉县', 341200000000, 3);
INSERT INTO `tz_area` VALUES (341222000000, '太和县', 341200000000, 3);
INSERT INTO `tz_area` VALUES (341225000000, '阜南县', 341200000000, 3);
INSERT INTO `tz_area` VALUES (341226000000, '颍上县', 341200000000, 3);
INSERT INTO `tz_area` VALUES (341271000000, '阜阳合肥现代产业园区', 341200000000, 3);
INSERT INTO `tz_area` VALUES (341272000000, '阜阳经济技术开发区', 341200000000, 3);
INSERT INTO `tz_area` VALUES (341282000000, '界首市', 341200000000, 3);
INSERT INTO `tz_area` VALUES (341300000000, '宿州市', 340000000000, 2);
INSERT INTO `tz_area` VALUES (341301000000, '市辖区', 341300000000, 3);
INSERT INTO `tz_area` VALUES (341302000000, '埇桥区', 341300000000, 3);
INSERT INTO `tz_area` VALUES (341321000000, '砀山县', 341300000000, 3);
INSERT INTO `tz_area` VALUES (341322000000, '萧县', 341300000000, 3);
INSERT INTO `tz_area` VALUES (341323000000, '灵璧县', 341300000000, 3);
INSERT INTO `tz_area` VALUES (341324000000, '泗县', 341300000000, 3);
INSERT INTO `tz_area` VALUES (341371000000, '宿州马鞍山现代产业园区', 341300000000, 3);
INSERT INTO `tz_area` VALUES (341372000000, '宿州经济技术开发区', 341300000000, 3);
INSERT INTO `tz_area` VALUES (341500000000, '六安市', 340000000000, 2);
INSERT INTO `tz_area` VALUES (341501000000, '市辖区', 341500000000, 3);
INSERT INTO `tz_area` VALUES (341502000000, '金安区', 341500000000, 3);
INSERT INTO `tz_area` VALUES (341503000000, '裕安区', 341500000000, 3);
INSERT INTO `tz_area` VALUES (341504000000, '叶集区', 341500000000, 3);
INSERT INTO `tz_area` VALUES (341522000000, '霍邱县', 341500000000, 3);
INSERT INTO `tz_area` VALUES (341523000000, '舒城县', 341500000000, 3);
INSERT INTO `tz_area` VALUES (341524000000, '金寨县', 341500000000, 3);
INSERT INTO `tz_area` VALUES (341525000000, '霍山县', 341500000000, 3);
INSERT INTO `tz_area` VALUES (341600000000, '亳州市', 340000000000, 2);
INSERT INTO `tz_area` VALUES (341601000000, '市辖区', 341600000000, 3);
INSERT INTO `tz_area` VALUES (341602000000, '谯城区', 341600000000, 3);
INSERT INTO `tz_area` VALUES (341621000000, '涡阳县', 341600000000, 3);
INSERT INTO `tz_area` VALUES (341622000000, '蒙城县', 341600000000, 3);
INSERT INTO `tz_area` VALUES (341623000000, '利辛县', 341600000000, 3);
INSERT INTO `tz_area` VALUES (341700000000, '池州市', 340000000000, 2);
INSERT INTO `tz_area` VALUES (341701000000, '市辖区', 341700000000, 3);
INSERT INTO `tz_area` VALUES (341702000000, '贵池区', 341700000000, 3);
INSERT INTO `tz_area` VALUES (341721000000, '东至县', 341700000000, 3);
INSERT INTO `tz_area` VALUES (341722000000, '石台县', 341700000000, 3);
INSERT INTO `tz_area` VALUES (341723000000, '青阳县', 341700000000, 3);
INSERT INTO `tz_area` VALUES (341800000000, '宣城市', 340000000000, 2);
INSERT INTO `tz_area` VALUES (341801000000, '市辖区', 341800000000, 3);
INSERT INTO `tz_area` VALUES (341802000000, '宣州区', 341800000000, 3);
INSERT INTO `tz_area` VALUES (341821000000, '郎溪县', 341800000000, 3);
INSERT INTO `tz_area` VALUES (341822000000, '广德县', 341800000000, 3);
INSERT INTO `tz_area` VALUES (341823000000, '泾县', 341800000000, 3);
INSERT INTO `tz_area` VALUES (341824000000, '绩溪县', 341800000000, 3);
INSERT INTO `tz_area` VALUES (341825000000, '旌德县', 341800000000, 3);
INSERT INTO `tz_area` VALUES (341871000000, '宣城市经济开发区', 341800000000, 3);
INSERT INTO `tz_area` VALUES (341881000000, '宁国市', 341800000000, 3);
INSERT INTO `tz_area` VALUES (350000000000, '福建省', 0, 1);
INSERT INTO `tz_area` VALUES (350100000000, '福州市', 350000000000, 2);
INSERT INTO `tz_area` VALUES (350101000000, '市辖区', 350100000000, 3);
INSERT INTO `tz_area` VALUES (350102000000, '鼓楼区', 350100000000, 3);
INSERT INTO `tz_area` VALUES (350103000000, '台江区', 350100000000, 3);
INSERT INTO `tz_area` VALUES (350104000000, '仓山区', 350100000000, 3);
INSERT INTO `tz_area` VALUES (350105000000, '马尾区', 350100000000, 3);
INSERT INTO `tz_area` VALUES (350111000000, '晋安区', 350100000000, 3);
INSERT INTO `tz_area` VALUES (350112000000, '长乐区', 350100000000, 3);
INSERT INTO `tz_area` VALUES (350121000000, '闽侯县', 350100000000, 3);
INSERT INTO `tz_area` VALUES (350122000000, '连江县', 350100000000, 3);
INSERT INTO `tz_area` VALUES (350123000000, '罗源县', 350100000000, 3);
INSERT INTO `tz_area` VALUES (350124000000, '闽清县', 350100000000, 3);
INSERT INTO `tz_area` VALUES (350125000000, '永泰县', 350100000000, 3);
INSERT INTO `tz_area` VALUES (350128000000, '平潭县', 350100000000, 3);
INSERT INTO `tz_area` VALUES (350181000000, '福清市', 350100000000, 3);
INSERT INTO `tz_area` VALUES (350200000000, '厦门市', 350000000000, 2);
INSERT INTO `tz_area` VALUES (350201000000, '市辖区', 350200000000, 3);
INSERT INTO `tz_area` VALUES (350203000000, '思明区', 350200000000, 3);
INSERT INTO `tz_area` VALUES (350205000000, '海沧区', 350200000000, 3);
INSERT INTO `tz_area` VALUES (350206000000, '湖里区', 350200000000, 3);
INSERT INTO `tz_area` VALUES (350211000000, '集美区', 350200000000, 3);
INSERT INTO `tz_area` VALUES (350212000000, '同安区', 350200000000, 3);
INSERT INTO `tz_area` VALUES (350213000000, '翔安区', 350200000000, 3);
INSERT INTO `tz_area` VALUES (350300000000, '莆田市', 350000000000, 2);
INSERT INTO `tz_area` VALUES (350301000000, '市辖区', 350300000000, 3);
INSERT INTO `tz_area` VALUES (350302000000, '城厢区', 350300000000, 3);
INSERT INTO `tz_area` VALUES (350303000000, '涵江区', 350300000000, 3);
INSERT INTO `tz_area` VALUES (350304000000, '荔城区', 350300000000, 3);
INSERT INTO `tz_area` VALUES (350305000000, '秀屿区', 350300000000, 3);
INSERT INTO `tz_area` VALUES (350322000000, '仙游县', 350300000000, 3);
INSERT INTO `tz_area` VALUES (350400000000, '三明市', 350000000000, 2);
INSERT INTO `tz_area` VALUES (350401000000, '市辖区', 350400000000, 3);
INSERT INTO `tz_area` VALUES (350402000000, '梅列区', 350400000000, 3);
INSERT INTO `tz_area` VALUES (350403000000, '三元区', 350400000000, 3);
INSERT INTO `tz_area` VALUES (350421000000, '明溪县', 350400000000, 3);
INSERT INTO `tz_area` VALUES (350423000000, '清流县', 350400000000, 3);
INSERT INTO `tz_area` VALUES (350424000000, '宁化县', 350400000000, 3);
INSERT INTO `tz_area` VALUES (350425000000, '大田县', 350400000000, 3);
INSERT INTO `tz_area` VALUES (350426000000, '尤溪县', 350400000000, 3);
INSERT INTO `tz_area` VALUES (350427000000, '沙县', 350400000000, 3);
INSERT INTO `tz_area` VALUES (350428000000, '将乐县', 350400000000, 3);
INSERT INTO `tz_area` VALUES (350429000000, '泰宁县', 350400000000, 3);
INSERT INTO `tz_area` VALUES (350430000000, '建宁县', 350400000000, 3);
INSERT INTO `tz_area` VALUES (350481000000, '永安市', 350400000000, 3);
INSERT INTO `tz_area` VALUES (350500000000, '泉州市', 350000000000, 2);
INSERT INTO `tz_area` VALUES (350501000000, '市辖区', 350500000000, 3);
INSERT INTO `tz_area` VALUES (350502000000, '鲤城区', 350500000000, 3);
INSERT INTO `tz_area` VALUES (350503000000, '丰泽区', 350500000000, 3);
INSERT INTO `tz_area` VALUES (350504000000, '洛江区', 350500000000, 3);
INSERT INTO `tz_area` VALUES (350505000000, '泉港区', 350500000000, 3);
INSERT INTO `tz_area` VALUES (350521000000, '惠安县', 350500000000, 3);
INSERT INTO `tz_area` VALUES (350524000000, '安溪县', 350500000000, 3);
INSERT INTO `tz_area` VALUES (350525000000, '永春县', 350500000000, 3);
INSERT INTO `tz_area` VALUES (350526000000, '德化县', 350500000000, 3);
INSERT INTO `tz_area` VALUES (350527000000, '金门县', 350500000000, 3);
INSERT INTO `tz_area` VALUES (350581000000, '石狮市', 350500000000, 3);
INSERT INTO `tz_area` VALUES (350582000000, '晋江市', 350500000000, 3);
INSERT INTO `tz_area` VALUES (350583000000, '南安市', 350500000000, 3);
INSERT INTO `tz_area` VALUES (350600000000, '漳州市', 350000000000, 2);
INSERT INTO `tz_area` VALUES (350601000000, '市辖区', 350600000000, 3);
INSERT INTO `tz_area` VALUES (350602000000, '芗城区', 350600000000, 3);
INSERT INTO `tz_area` VALUES (350603000000, '龙文区', 350600000000, 3);
INSERT INTO `tz_area` VALUES (350622000000, '云霄县', 350600000000, 3);
INSERT INTO `tz_area` VALUES (350623000000, '漳浦县', 350600000000, 3);
INSERT INTO `tz_area` VALUES (350624000000, '诏安县', 350600000000, 3);
INSERT INTO `tz_area` VALUES (350625000000, '长泰县', 350600000000, 3);
INSERT INTO `tz_area` VALUES (350626000000, '东山县', 350600000000, 3);
INSERT INTO `tz_area` VALUES (350627000000, '南靖县', 350600000000, 3);
INSERT INTO `tz_area` VALUES (350628000000, '平和县', 350600000000, 3);
INSERT INTO `tz_area` VALUES (350629000000, '华安县', 350600000000, 3);
INSERT INTO `tz_area` VALUES (350681000000, '龙海市', 350600000000, 3);
INSERT INTO `tz_area` VALUES (350700000000, '南平市', 350000000000, 2);
INSERT INTO `tz_area` VALUES (350701000000, '市辖区', 350700000000, 3);
INSERT INTO `tz_area` VALUES (350702000000, '延平区', 350700000000, 3);
INSERT INTO `tz_area` VALUES (350703000000, '建阳区', 350700000000, 3);
INSERT INTO `tz_area` VALUES (350721000000, '顺昌县', 350700000000, 3);
INSERT INTO `tz_area` VALUES (350722000000, '浦城县', 350700000000, 3);
INSERT INTO `tz_area` VALUES (350723000000, '光泽县', 350700000000, 3);
INSERT INTO `tz_area` VALUES (350724000000, '松溪县', 350700000000, 3);
INSERT INTO `tz_area` VALUES (350725000000, '政和县', 350700000000, 3);
INSERT INTO `tz_area` VALUES (350781000000, '邵武市', 350700000000, 3);
INSERT INTO `tz_area` VALUES (350782000000, '武夷山市', 350700000000, 3);
INSERT INTO `tz_area` VALUES (350783000000, '建瓯市', 350700000000, 3);
INSERT INTO `tz_area` VALUES (350800000000, '龙岩市', 350000000000, 2);
INSERT INTO `tz_area` VALUES (350801000000, '市辖区', 350800000000, 3);
INSERT INTO `tz_area` VALUES (350802000000, '新罗区', 350800000000, 3);
INSERT INTO `tz_area` VALUES (350803000000, '永定区', 350800000000, 3);
INSERT INTO `tz_area` VALUES (350821000000, '长汀县', 350800000000, 3);
INSERT INTO `tz_area` VALUES (350823000000, '上杭县', 350800000000, 3);
INSERT INTO `tz_area` VALUES (350824000000, '武平县', 350800000000, 3);
INSERT INTO `tz_area` VALUES (350825000000, '连城县', 350800000000, 3);
INSERT INTO `tz_area` VALUES (350881000000, '漳平市', 350800000000, 3);
INSERT INTO `tz_area` VALUES (350900000000, '宁德市', 350000000000, 2);
INSERT INTO `tz_area` VALUES (350901000000, '市辖区', 350900000000, 3);
INSERT INTO `tz_area` VALUES (350902000000, '蕉城区', 350900000000, 3);
INSERT INTO `tz_area` VALUES (350921000000, '霞浦县', 350900000000, 3);
INSERT INTO `tz_area` VALUES (350922000000, '古田县', 350900000000, 3);
INSERT INTO `tz_area` VALUES (350923000000, '屏南县', 350900000000, 3);
INSERT INTO `tz_area` VALUES (350924000000, '寿宁县', 350900000000, 3);
INSERT INTO `tz_area` VALUES (350925000000, '周宁县', 350900000000, 3);
INSERT INTO `tz_area` VALUES (350926000000, '柘荣县', 350900000000, 3);
INSERT INTO `tz_area` VALUES (350981000000, '福安市', 350900000000, 3);
INSERT INTO `tz_area` VALUES (350982000000, '福鼎市', 350900000000, 3);
INSERT INTO `tz_area` VALUES (360000000000, '江西省', 0, 1);
INSERT INTO `tz_area` VALUES (360100000000, '南昌市', 360000000000, 2);
INSERT INTO `tz_area` VALUES (360101000000, '市辖区', 360100000000, 3);
INSERT INTO `tz_area` VALUES (360102000000, '东湖区', 360100000000, 3);
INSERT INTO `tz_area` VALUES (360103000000, '西湖区', 360100000000, 3);
INSERT INTO `tz_area` VALUES (360104000000, '青云谱区', 360100000000, 3);
INSERT INTO `tz_area` VALUES (360105000000, '湾里区', 360100000000, 3);
INSERT INTO `tz_area` VALUES (360111000000, '青山湖区', 360100000000, 3);
INSERT INTO `tz_area` VALUES (360112000000, '新建区', 360100000000, 3);
INSERT INTO `tz_area` VALUES (360121000000, '南昌县', 360100000000, 3);
INSERT INTO `tz_area` VALUES (360123000000, '安义县', 360100000000, 3);
INSERT INTO `tz_area` VALUES (360124000000, '进贤县', 360100000000, 3);
INSERT INTO `tz_area` VALUES (360200000000, '景德镇市', 360000000000, 2);
INSERT INTO `tz_area` VALUES (360201000000, '市辖区', 360200000000, 3);
INSERT INTO `tz_area` VALUES (360202000000, '昌江区', 360200000000, 3);
INSERT INTO `tz_area` VALUES (360203000000, '珠山区', 360200000000, 3);
INSERT INTO `tz_area` VALUES (360222000000, '浮梁县', 360200000000, 3);
INSERT INTO `tz_area` VALUES (360281000000, '乐平市', 360200000000, 3);
INSERT INTO `tz_area` VALUES (360300000000, '萍乡市', 360000000000, 2);
INSERT INTO `tz_area` VALUES (360301000000, '市辖区', 360300000000, 3);
INSERT INTO `tz_area` VALUES (360302000000, '安源区', 360300000000, 3);
INSERT INTO `tz_area` VALUES (360313000000, '湘东区', 360300000000, 3);
INSERT INTO `tz_area` VALUES (360321000000, '莲花县', 360300000000, 3);
INSERT INTO `tz_area` VALUES (360322000000, '上栗县', 360300000000, 3);
INSERT INTO `tz_area` VALUES (360323000000, '芦溪县', 360300000000, 3);
INSERT INTO `tz_area` VALUES (360400000000, '九江市', 360000000000, 2);
INSERT INTO `tz_area` VALUES (360401000000, '市辖区', 360400000000, 3);
INSERT INTO `tz_area` VALUES (360402000000, '濂溪区', 360400000000, 3);
INSERT INTO `tz_area` VALUES (360403000000, '浔阳区', 360400000000, 3);
INSERT INTO `tz_area` VALUES (360404000000, '柴桑区', 360400000000, 3);
INSERT INTO `tz_area` VALUES (360423000000, '武宁县', 360400000000, 3);
INSERT INTO `tz_area` VALUES (360424000000, '修水县', 360400000000, 3);
INSERT INTO `tz_area` VALUES (360425000000, '永修县', 360400000000, 3);
INSERT INTO `tz_area` VALUES (360426000000, '德安县', 360400000000, 3);
INSERT INTO `tz_area` VALUES (360428000000, '都昌县', 360400000000, 3);
INSERT INTO `tz_area` VALUES (360429000000, '湖口县', 360400000000, 3);
INSERT INTO `tz_area` VALUES (360430000000, '彭泽县', 360400000000, 3);
INSERT INTO `tz_area` VALUES (360481000000, '瑞昌市', 360400000000, 3);
INSERT INTO `tz_area` VALUES (360482000000, '共青城市', 360400000000, 3);
INSERT INTO `tz_area` VALUES (360483000000, '庐山市', 360400000000, 3);
INSERT INTO `tz_area` VALUES (360500000000, '新余市', 360000000000, 2);
INSERT INTO `tz_area` VALUES (360501000000, '市辖区', 360500000000, 3);
INSERT INTO `tz_area` VALUES (360502000000, '渝水区', 360500000000, 3);
INSERT INTO `tz_area` VALUES (360521000000, '分宜县', 360500000000, 3);
INSERT INTO `tz_area` VALUES (360600000000, '鹰潭市', 360000000000, 2);
INSERT INTO `tz_area` VALUES (360601000000, '市辖区', 360600000000, 3);
INSERT INTO `tz_area` VALUES (360602000000, '月湖区', 360600000000, 3);
INSERT INTO `tz_area` VALUES (360603000000, '余江区', 360600000000, 3);
INSERT INTO `tz_area` VALUES (360681000000, '贵溪市', 360600000000, 3);
INSERT INTO `tz_area` VALUES (360700000000, '赣州市', 360000000000, 2);
INSERT INTO `tz_area` VALUES (360701000000, '市辖区', 360700000000, 3);
INSERT INTO `tz_area` VALUES (360702000000, '章贡区', 360700000000, 3);
INSERT INTO `tz_area` VALUES (360703000000, '南康区', 360700000000, 3);
INSERT INTO `tz_area` VALUES (360704000000, '赣县区', 360700000000, 3);
INSERT INTO `tz_area` VALUES (360722000000, '信丰县', 360700000000, 3);
INSERT INTO `tz_area` VALUES (360723000000, '大余县', 360700000000, 3);
INSERT INTO `tz_area` VALUES (360724000000, '上犹县', 360700000000, 3);
INSERT INTO `tz_area` VALUES (360725000000, '崇义县', 360700000000, 3);
INSERT INTO `tz_area` VALUES (360726000000, '安远县', 360700000000, 3);
INSERT INTO `tz_area` VALUES (360727000000, '龙南县', 360700000000, 3);
INSERT INTO `tz_area` VALUES (360728000000, '定南县', 360700000000, 3);
INSERT INTO `tz_area` VALUES (360729000000, '全南县', 360700000000, 3);
INSERT INTO `tz_area` VALUES (360730000000, '宁都县', 360700000000, 3);
INSERT INTO `tz_area` VALUES (360731000000, '于都县', 360700000000, 3);
INSERT INTO `tz_area` VALUES (360732000000, '兴国县', 360700000000, 3);
INSERT INTO `tz_area` VALUES (360733000000, '会昌县', 360700000000, 3);
INSERT INTO `tz_area` VALUES (360734000000, '寻乌县', 360700000000, 3);
INSERT INTO `tz_area` VALUES (360735000000, '石城县', 360700000000, 3);
INSERT INTO `tz_area` VALUES (360781000000, '瑞金市', 360700000000, 3);
INSERT INTO `tz_area` VALUES (360800000000, '吉安市', 360000000000, 2);
INSERT INTO `tz_area` VALUES (360801000000, '市辖区', 360800000000, 3);
INSERT INTO `tz_area` VALUES (360802000000, '吉州区', 360800000000, 3);
INSERT INTO `tz_area` VALUES (360803000000, '青原区', 360800000000, 3);
INSERT INTO `tz_area` VALUES (360821000000, '吉安县', 360800000000, 3);
INSERT INTO `tz_area` VALUES (360822000000, '吉水县', 360800000000, 3);
INSERT INTO `tz_area` VALUES (360823000000, '峡江县', 360800000000, 3);
INSERT INTO `tz_area` VALUES (360824000000, '新干县', 360800000000, 3);
INSERT INTO `tz_area` VALUES (360825000000, '永丰县', 360800000000, 3);
INSERT INTO `tz_area` VALUES (360826000000, '泰和县', 360800000000, 3);
INSERT INTO `tz_area` VALUES (360827000000, '遂川县', 360800000000, 3);
INSERT INTO `tz_area` VALUES (360828000000, '万安县', 360800000000, 3);
INSERT INTO `tz_area` VALUES (360829000000, '安福县', 360800000000, 3);
INSERT INTO `tz_area` VALUES (360830000000, '永新县', 360800000000, 3);
INSERT INTO `tz_area` VALUES (360881000000, '井冈山市', 360800000000, 3);
INSERT INTO `tz_area` VALUES (360900000000, '宜春市', 360000000000, 2);
INSERT INTO `tz_area` VALUES (360901000000, '市辖区', 360900000000, 3);
INSERT INTO `tz_area` VALUES (360902000000, '袁州区', 360900000000, 3);
INSERT INTO `tz_area` VALUES (360921000000, '奉新县', 360900000000, 3);
INSERT INTO `tz_area` VALUES (360922000000, '万载县', 360900000000, 3);
INSERT INTO `tz_area` VALUES (360923000000, '上高县', 360900000000, 3);
INSERT INTO `tz_area` VALUES (360924000000, '宜丰县', 360900000000, 3);
INSERT INTO `tz_area` VALUES (360925000000, '靖安县', 360900000000, 3);
INSERT INTO `tz_area` VALUES (360926000000, '铜鼓县', 360900000000, 3);
INSERT INTO `tz_area` VALUES (360981000000, '丰城市', 360900000000, 3);
INSERT INTO `tz_area` VALUES (360982000000, '樟树市', 360900000000, 3);
INSERT INTO `tz_area` VALUES (360983000000, '高安市', 360900000000, 3);
INSERT INTO `tz_area` VALUES (361000000000, '抚州市', 360000000000, 2);
INSERT INTO `tz_area` VALUES (361001000000, '市辖区', 361000000000, 3);
INSERT INTO `tz_area` VALUES (361002000000, '临川区', 361000000000, 3);
INSERT INTO `tz_area` VALUES (361003000000, '东乡区', 361000000000, 3);
INSERT INTO `tz_area` VALUES (361021000000, '南城县', 361000000000, 3);
INSERT INTO `tz_area` VALUES (361022000000, '黎川县', 361000000000, 3);
INSERT INTO `tz_area` VALUES (361023000000, '南丰县', 361000000000, 3);
INSERT INTO `tz_area` VALUES (361024000000, '崇仁县', 361000000000, 3);
INSERT INTO `tz_area` VALUES (361025000000, '乐安县', 361000000000, 3);
INSERT INTO `tz_area` VALUES (361026000000, '宜黄县', 361000000000, 3);
INSERT INTO `tz_area` VALUES (361027000000, '金溪县', 361000000000, 3);
INSERT INTO `tz_area` VALUES (361028000000, '资溪县', 361000000000, 3);
INSERT INTO `tz_area` VALUES (361030000000, '广昌县', 361000000000, 3);
INSERT INTO `tz_area` VALUES (361100000000, '上饶市', 360000000000, 2);
INSERT INTO `tz_area` VALUES (361101000000, '市辖区', 361100000000, 3);
INSERT INTO `tz_area` VALUES (361102000000, '信州区', 361100000000, 3);
INSERT INTO `tz_area` VALUES (361103000000, '广丰区', 361100000000, 3);
INSERT INTO `tz_area` VALUES (361121000000, '上饶县', 361100000000, 3);
INSERT INTO `tz_area` VALUES (361123000000, '玉山县', 361100000000, 3);
INSERT INTO `tz_area` VALUES (361124000000, '铅山县', 361100000000, 3);
INSERT INTO `tz_area` VALUES (361125000000, '横峰县', 361100000000, 3);
INSERT INTO `tz_area` VALUES (361126000000, '弋阳县', 361100000000, 3);
INSERT INTO `tz_area` VALUES (361127000000, '余干县', 361100000000, 3);
INSERT INTO `tz_area` VALUES (361128000000, '鄱阳县', 361100000000, 3);
INSERT INTO `tz_area` VALUES (361129000000, '万年县', 361100000000, 3);
INSERT INTO `tz_area` VALUES (361130000000, '婺源县', 361100000000, 3);
INSERT INTO `tz_area` VALUES (361181000000, '德兴市', 361100000000, 3);
INSERT INTO `tz_area` VALUES (370000000000, '山东省', 0, 1);
INSERT INTO `tz_area` VALUES (370100000000, '济南市', 370000000000, 2);
INSERT INTO `tz_area` VALUES (370101000000, '市辖区', 370100000000, 3);
INSERT INTO `tz_area` VALUES (370102000000, '历下区', 370100000000, 3);
INSERT INTO `tz_area` VALUES (370103000000, '市中区', 370100000000, 3);
INSERT INTO `tz_area` VALUES (370104000000, '槐荫区', 370100000000, 3);
INSERT INTO `tz_area` VALUES (370105000000, '天桥区', 370100000000, 3);
INSERT INTO `tz_area` VALUES (370112000000, '历城区', 370100000000, 3);
INSERT INTO `tz_area` VALUES (370113000000, '长清区', 370100000000, 3);
INSERT INTO `tz_area` VALUES (370114000000, '章丘区', 370100000000, 3);
INSERT INTO `tz_area` VALUES (370115000000, '济阳区', 370100000000, 3);
INSERT INTO `tz_area` VALUES (370124000000, '平阴县', 370100000000, 3);
INSERT INTO `tz_area` VALUES (370126000000, '商河县', 370100000000, 3);
INSERT INTO `tz_area` VALUES (370171000000, '济南高新技术产业开发区', 370100000000, 3);
INSERT INTO `tz_area` VALUES (370200000000, '青岛市', 370000000000, 2);
INSERT INTO `tz_area` VALUES (370201000000, '市辖区', 370200000000, 3);
INSERT INTO `tz_area` VALUES (370202000000, '市南区', 370200000000, 3);
INSERT INTO `tz_area` VALUES (370203000000, '市北区', 370200000000, 3);
INSERT INTO `tz_area` VALUES (370211000000, '黄岛区', 370200000000, 3);
INSERT INTO `tz_area` VALUES (370212000000, '崂山区', 370200000000, 3);
INSERT INTO `tz_area` VALUES (370213000000, '李沧区', 370200000000, 3);
INSERT INTO `tz_area` VALUES (370214000000, '城阳区', 370200000000, 3);
INSERT INTO `tz_area` VALUES (370215000000, '即墨区', 370200000000, 3);
INSERT INTO `tz_area` VALUES (370271000000, '青岛高新技术产业开发区', 370200000000, 3);
INSERT INTO `tz_area` VALUES (370281000000, '胶州市', 370200000000, 3);
INSERT INTO `tz_area` VALUES (370283000000, '平度市', 370200000000, 3);
INSERT INTO `tz_area` VALUES (370285000000, '莱西市', 370200000000, 3);
INSERT INTO `tz_area` VALUES (370300000000, '淄博市', 370000000000, 2);
INSERT INTO `tz_area` VALUES (370301000000, '市辖区', 370300000000, 3);
INSERT INTO `tz_area` VALUES (370302000000, '淄川区', 370300000000, 3);
INSERT INTO `tz_area` VALUES (370303000000, '张店区', 370300000000, 3);
INSERT INTO `tz_area` VALUES (370304000000, '博山区', 370300000000, 3);
INSERT INTO `tz_area` VALUES (370305000000, '临淄区', 370300000000, 3);
INSERT INTO `tz_area` VALUES (370306000000, '周村区', 370300000000, 3);
INSERT INTO `tz_area` VALUES (370321000000, '桓台县', 370300000000, 3);
INSERT INTO `tz_area` VALUES (370322000000, '高青县', 370300000000, 3);
INSERT INTO `tz_area` VALUES (370323000000, '沂源县', 370300000000, 3);
INSERT INTO `tz_area` VALUES (370400000000, '枣庄市', 370000000000, 2);
INSERT INTO `tz_area` VALUES (370401000000, '市辖区', 370400000000, 3);
INSERT INTO `tz_area` VALUES (370402000000, '市中区', 370400000000, 3);
INSERT INTO `tz_area` VALUES (370403000000, '薛城区', 370400000000, 3);
INSERT INTO `tz_area` VALUES (370404000000, '峄城区', 370400000000, 3);
INSERT INTO `tz_area` VALUES (370405000000, '台儿庄区', 370400000000, 3);
INSERT INTO `tz_area` VALUES (370406000000, '山亭区', 370400000000, 3);
INSERT INTO `tz_area` VALUES (370481000000, '滕州市', 370400000000, 3);
INSERT INTO `tz_area` VALUES (370500000000, '东营市', 370000000000, 2);
INSERT INTO `tz_area` VALUES (370501000000, '市辖区', 370500000000, 3);
INSERT INTO `tz_area` VALUES (370502000000, '东营区', 370500000000, 3);
INSERT INTO `tz_area` VALUES (370503000000, '河口区', 370500000000, 3);
INSERT INTO `tz_area` VALUES (370505000000, '垦利区', 370500000000, 3);
INSERT INTO `tz_area` VALUES (370522000000, '利津县', 370500000000, 3);
INSERT INTO `tz_area` VALUES (370523000000, '广饶县', 370500000000, 3);
INSERT INTO `tz_area` VALUES (370571000000, '东营经济技术开发区', 370500000000, 3);
INSERT INTO `tz_area` VALUES (370572000000, '东营港经济开发区', 370500000000, 3);
INSERT INTO `tz_area` VALUES (370600000000, '烟台市', 370000000000, 2);
INSERT INTO `tz_area` VALUES (370601000000, '市辖区', 370600000000, 3);
INSERT INTO `tz_area` VALUES (370602000000, '芝罘区', 370600000000, 3);
INSERT INTO `tz_area` VALUES (370611000000, '福山区', 370600000000, 3);
INSERT INTO `tz_area` VALUES (370612000000, '牟平区', 370600000000, 3);
INSERT INTO `tz_area` VALUES (370613000000, '莱山区', 370600000000, 3);
INSERT INTO `tz_area` VALUES (370634000000, '长岛县', 370600000000, 3);
INSERT INTO `tz_area` VALUES (370671000000, '烟台高新技术产业开发区', 370600000000, 3);
INSERT INTO `tz_area` VALUES (370672000000, '烟台经济技术开发区', 370600000000, 3);
INSERT INTO `tz_area` VALUES (370681000000, '龙口市', 370600000000, 3);
INSERT INTO `tz_area` VALUES (370682000000, '莱阳市', 370600000000, 3);
INSERT INTO `tz_area` VALUES (370683000000, '莱州市', 370600000000, 3);
INSERT INTO `tz_area` VALUES (370684000000, '蓬莱市', 370600000000, 3);
INSERT INTO `tz_area` VALUES (370685000000, '招远市', 370600000000, 3);
INSERT INTO `tz_area` VALUES (370686000000, '栖霞市', 370600000000, 3);
INSERT INTO `tz_area` VALUES (370687000000, '海阳市', 370600000000, 3);
INSERT INTO `tz_area` VALUES (370700000000, '潍坊市', 370000000000, 2);
INSERT INTO `tz_area` VALUES (370701000000, '市辖区', 370700000000, 3);
INSERT INTO `tz_area` VALUES (370702000000, '潍城区', 370700000000, 3);
INSERT INTO `tz_area` VALUES (370703000000, '寒亭区', 370700000000, 3);
INSERT INTO `tz_area` VALUES (370704000000, '坊子区', 370700000000, 3);
INSERT INTO `tz_area` VALUES (370705000000, '奎文区', 370700000000, 3);
INSERT INTO `tz_area` VALUES (370724000000, '临朐县', 370700000000, 3);
INSERT INTO `tz_area` VALUES (370725000000, '昌乐县', 370700000000, 3);
INSERT INTO `tz_area` VALUES (370772000000, '潍坊滨海经济技术开发区', 370700000000, 3);
INSERT INTO `tz_area` VALUES (370781000000, '青州市', 370700000000, 3);
INSERT INTO `tz_area` VALUES (370782000000, '诸城市', 370700000000, 3);
INSERT INTO `tz_area` VALUES (370783000000, '寿光市', 370700000000, 3);
INSERT INTO `tz_area` VALUES (370784000000, '安丘市', 370700000000, 3);
INSERT INTO `tz_area` VALUES (370785000000, '高密市', 370700000000, 3);
INSERT INTO `tz_area` VALUES (370786000000, '昌邑市', 370700000000, 3);
INSERT INTO `tz_area` VALUES (370800000000, '济宁市', 370000000000, 2);
INSERT INTO `tz_area` VALUES (370801000000, '市辖区', 370800000000, 3);
INSERT INTO `tz_area` VALUES (370811000000, '任城区', 370800000000, 3);
INSERT INTO `tz_area` VALUES (370812000000, '兖州区', 370800000000, 3);
INSERT INTO `tz_area` VALUES (370826000000, '微山县', 370800000000, 3);
INSERT INTO `tz_area` VALUES (370827000000, '鱼台县', 370800000000, 3);
INSERT INTO `tz_area` VALUES (370828000000, '金乡县', 370800000000, 3);
INSERT INTO `tz_area` VALUES (370829000000, '嘉祥县', 370800000000, 3);
INSERT INTO `tz_area` VALUES (370830000000, '汶上县', 370800000000, 3);
INSERT INTO `tz_area` VALUES (370831000000, '泗水县', 370800000000, 3);
INSERT INTO `tz_area` VALUES (370832000000, '梁山县', 370800000000, 3);
INSERT INTO `tz_area` VALUES (370871000000, '济宁高新技术产业开发区', 370800000000, 3);
INSERT INTO `tz_area` VALUES (370881000000, '曲阜市', 370800000000, 3);
INSERT INTO `tz_area` VALUES (370883000000, '邹城市', 370800000000, 3);
INSERT INTO `tz_area` VALUES (370900000000, '泰安市', 370000000000, 2);
INSERT INTO `tz_area` VALUES (370901000000, '市辖区', 370900000000, 3);
INSERT INTO `tz_area` VALUES (370902000000, '泰山区', 370900000000, 3);
INSERT INTO `tz_area` VALUES (370911000000, '岱岳区', 370900000000, 3);
INSERT INTO `tz_area` VALUES (370921000000, '宁阳县', 370900000000, 3);
INSERT INTO `tz_area` VALUES (370923000000, '东平县', 370900000000, 3);
INSERT INTO `tz_area` VALUES (370982000000, '新泰市', 370900000000, 3);
INSERT INTO `tz_area` VALUES (370983000000, '肥城市', 370900000000, 3);
INSERT INTO `tz_area` VALUES (371000000000, '威海市', 370000000000, 2);
INSERT INTO `tz_area` VALUES (371001000000, '市辖区', 371000000000, 3);
INSERT INTO `tz_area` VALUES (371002000000, '环翠区', 371000000000, 3);
INSERT INTO `tz_area` VALUES (371003000000, '文登区', 371000000000, 3);
INSERT INTO `tz_area` VALUES (371071000000, '威海火炬高技术产业开发区', 371000000000, 3);
INSERT INTO `tz_area` VALUES (371072000000, '威海经济技术开发区', 371000000000, 3);
INSERT INTO `tz_area` VALUES (371073000000, '威海临港经济技术开发区', 371000000000, 3);
INSERT INTO `tz_area` VALUES (371082000000, '荣成市', 371000000000, 3);
INSERT INTO `tz_area` VALUES (371083000000, '乳山市', 371000000000, 3);
INSERT INTO `tz_area` VALUES (371100000000, '日照市', 370000000000, 2);
INSERT INTO `tz_area` VALUES (371101000000, '市辖区', 371100000000, 3);
INSERT INTO `tz_area` VALUES (371102000000, '东港区', 371100000000, 3);
INSERT INTO `tz_area` VALUES (371103000000, '岚山区', 371100000000, 3);
INSERT INTO `tz_area` VALUES (371121000000, '五莲县', 371100000000, 3);
INSERT INTO `tz_area` VALUES (371122000000, '莒县', 371100000000, 3);
INSERT INTO `tz_area` VALUES (371171000000, '日照经济技术开发区', 371100000000, 3);
INSERT INTO `tz_area` VALUES (371200000000, '莱芜市', 370000000000, 2);
INSERT INTO `tz_area` VALUES (371201000000, '市辖区', 371200000000, 3);
INSERT INTO `tz_area` VALUES (371202000000, '莱城区', 371200000000, 3);
INSERT INTO `tz_area` VALUES (371203000000, '钢城区', 371200000000, 3);
INSERT INTO `tz_area` VALUES (371300000000, '临沂市', 370000000000, 2);
INSERT INTO `tz_area` VALUES (371301000000, '市辖区', 371300000000, 3);
INSERT INTO `tz_area` VALUES (371302000000, '兰山区', 371300000000, 3);
INSERT INTO `tz_area` VALUES (371311000000, '罗庄区', 371300000000, 3);
INSERT INTO `tz_area` VALUES (371312000000, '河东区', 371300000000, 3);
INSERT INTO `tz_area` VALUES (371321000000, '沂南县', 371300000000, 3);
INSERT INTO `tz_area` VALUES (371322000000, '郯城县', 371300000000, 3);
INSERT INTO `tz_area` VALUES (371323000000, '沂水县', 371300000000, 3);
INSERT INTO `tz_area` VALUES (371324000000, '兰陵县', 371300000000, 3);
INSERT INTO `tz_area` VALUES (371325000000, '费县', 371300000000, 3);
INSERT INTO `tz_area` VALUES (371326000000, '平邑县', 371300000000, 3);
INSERT INTO `tz_area` VALUES (371327000000, '莒南县', 371300000000, 3);
INSERT INTO `tz_area` VALUES (371328000000, '蒙阴县', 371300000000, 3);
INSERT INTO `tz_area` VALUES (371329000000, '临沭县', 371300000000, 3);
INSERT INTO `tz_area` VALUES (371371000000, '临沂高新技术产业开发区', 371300000000, 3);
INSERT INTO `tz_area` VALUES (371372000000, '临沂经济技术开发区', 371300000000, 3);
INSERT INTO `tz_area` VALUES (371373000000, '临沂临港经济开发区', 371300000000, 3);
INSERT INTO `tz_area` VALUES (371400000000, '德州市', 370000000000, 2);
INSERT INTO `tz_area` VALUES (371401000000, '市辖区', 371400000000, 3);
INSERT INTO `tz_area` VALUES (371402000000, '德城区', 371400000000, 3);
INSERT INTO `tz_area` VALUES (371403000000, '陵城区', 371400000000, 3);
INSERT INTO `tz_area` VALUES (371422000000, '宁津县', 371400000000, 3);
INSERT INTO `tz_area` VALUES (371423000000, '庆云县', 371400000000, 3);
INSERT INTO `tz_area` VALUES (371424000000, '临邑县', 371400000000, 3);
INSERT INTO `tz_area` VALUES (371425000000, '齐河县', 371400000000, 3);
INSERT INTO `tz_area` VALUES (371426000000, '平原县', 371400000000, 3);
INSERT INTO `tz_area` VALUES (371427000000, '夏津县', 371400000000, 3);
INSERT INTO `tz_area` VALUES (371428000000, '武城县', 371400000000, 3);
INSERT INTO `tz_area` VALUES (371471000000, '德州经济技术开发区', 371400000000, 3);
INSERT INTO `tz_area` VALUES (371472000000, '德州运河经济开发区', 371400000000, 3);
INSERT INTO `tz_area` VALUES (371481000000, '乐陵市', 371400000000, 3);
INSERT INTO `tz_area` VALUES (371482000000, '禹城市', 371400000000, 3);
INSERT INTO `tz_area` VALUES (371500000000, '聊城市', 370000000000, 2);
INSERT INTO `tz_area` VALUES (371501000000, '市辖区', 371500000000, 3);
INSERT INTO `tz_area` VALUES (371502000000, '东昌府区', 371500000000, 3);
INSERT INTO `tz_area` VALUES (371521000000, '阳谷县', 371500000000, 3);
INSERT INTO `tz_area` VALUES (371522000000, '莘县', 371500000000, 3);
INSERT INTO `tz_area` VALUES (371523000000, '茌平县', 371500000000, 3);
INSERT INTO `tz_area` VALUES (371524000000, '东阿县', 371500000000, 3);
INSERT INTO `tz_area` VALUES (371525000000, '冠县', 371500000000, 3);
INSERT INTO `tz_area` VALUES (371526000000, '高唐县', 371500000000, 3);
INSERT INTO `tz_area` VALUES (371581000000, '临清市', 371500000000, 3);
INSERT INTO `tz_area` VALUES (371600000000, '滨州市', 370000000000, 2);
INSERT INTO `tz_area` VALUES (371601000000, '市辖区', 371600000000, 3);
INSERT INTO `tz_area` VALUES (371602000000, '滨城区', 371600000000, 3);
INSERT INTO `tz_area` VALUES (371603000000, '沾化区', 371600000000, 3);
INSERT INTO `tz_area` VALUES (371621000000, '惠民县', 371600000000, 3);
INSERT INTO `tz_area` VALUES (371622000000, '阳信县', 371600000000, 3);
INSERT INTO `tz_area` VALUES (371623000000, '无棣县', 371600000000, 3);
INSERT INTO `tz_area` VALUES (371625000000, '博兴县', 371600000000, 3);
INSERT INTO `tz_area` VALUES (371681000000, '邹平市', 371600000000, 3);
INSERT INTO `tz_area` VALUES (371700000000, '菏泽市', 370000000000, 2);
INSERT INTO `tz_area` VALUES (371701000000, '市辖区', 371700000000, 3);
INSERT INTO `tz_area` VALUES (371702000000, '牡丹区', 371700000000, 3);
INSERT INTO `tz_area` VALUES (371703000000, '定陶区', 371700000000, 3);
INSERT INTO `tz_area` VALUES (371721000000, '曹县', 371700000000, 3);
INSERT INTO `tz_area` VALUES (371722000000, '单县', 371700000000, 3);
INSERT INTO `tz_area` VALUES (371723000000, '成武县', 371700000000, 3);
INSERT INTO `tz_area` VALUES (371724000000, '巨野县', 371700000000, 3);
INSERT INTO `tz_area` VALUES (371725000000, '郓城县', 371700000000, 3);
INSERT INTO `tz_area` VALUES (371726000000, '鄄城县', 371700000000, 3);
INSERT INTO `tz_area` VALUES (371728000000, '东明县', 371700000000, 3);
INSERT INTO `tz_area` VALUES (371771000000, '菏泽经济技术开发区', 371700000000, 3);
INSERT INTO `tz_area` VALUES (371772000000, '菏泽高新技术开发区', 371700000000, 3);
INSERT INTO `tz_area` VALUES (410000000000, '河南省', 0, 1);
INSERT INTO `tz_area` VALUES (410100000000, '郑州市', 410000000000, 2);
INSERT INTO `tz_area` VALUES (410101000000, '市辖区', 410100000000, 3);
INSERT INTO `tz_area` VALUES (410102000000, '中原区', 410100000000, 3);
INSERT INTO `tz_area` VALUES (410103000000, '二七区', 410100000000, 3);
INSERT INTO `tz_area` VALUES (410104000000, '管城回族区', 410100000000, 3);
INSERT INTO `tz_area` VALUES (410105000000, '金水区', 410100000000, 3);
INSERT INTO `tz_area` VALUES (410106000000, '上街区', 410100000000, 3);
INSERT INTO `tz_area` VALUES (410108000000, '惠济区', 410100000000, 3);
INSERT INTO `tz_area` VALUES (410122000000, '中牟县', 410100000000, 3);
INSERT INTO `tz_area` VALUES (410171000000, '郑州经济技术开发区', 410100000000, 3);
INSERT INTO `tz_area` VALUES (410172000000, '郑州高新技术产业开发区', 410100000000, 3);
INSERT INTO `tz_area` VALUES (410173000000, '郑州航空港经济综合实验区', 410100000000, 3);
INSERT INTO `tz_area` VALUES (410181000000, '巩义市', 410100000000, 3);
INSERT INTO `tz_area` VALUES (410182000000, '荥阳市', 410100000000, 3);
INSERT INTO `tz_area` VALUES (410183000000, '新密市', 410100000000, 3);
INSERT INTO `tz_area` VALUES (410184000000, '新郑市', 410100000000, 3);
INSERT INTO `tz_area` VALUES (410185000000, '登封市', 410100000000, 3);
INSERT INTO `tz_area` VALUES (410200000000, '开封市', 410000000000, 2);
INSERT INTO `tz_area` VALUES (410201000000, '市辖区', 410200000000, 3);
INSERT INTO `tz_area` VALUES (410202000000, '龙亭区', 410200000000, 3);
INSERT INTO `tz_area` VALUES (410203000000, '顺河回族区', 410200000000, 3);
INSERT INTO `tz_area` VALUES (410204000000, '鼓楼区', 410200000000, 3);
INSERT INTO `tz_area` VALUES (410205000000, '禹王台区', 410200000000, 3);
INSERT INTO `tz_area` VALUES (410212000000, '祥符区', 410200000000, 3);
INSERT INTO `tz_area` VALUES (410221000000, '杞县', 410200000000, 3);
INSERT INTO `tz_area` VALUES (410222000000, '通许县', 410200000000, 3);
INSERT INTO `tz_area` VALUES (410223000000, '尉氏县', 410200000000, 3);
INSERT INTO `tz_area` VALUES (410225000000, '兰考县', 410200000000, 3);
INSERT INTO `tz_area` VALUES (410300000000, '洛阳市', 410000000000, 2);
INSERT INTO `tz_area` VALUES (410301000000, '市辖区', 410300000000, 3);
INSERT INTO `tz_area` VALUES (410302000000, '老城区', 410300000000, 3);
INSERT INTO `tz_area` VALUES (410303000000, '西工区', 410300000000, 3);
INSERT INTO `tz_area` VALUES (410304000000, '瀍河回族区', 410300000000, 3);
INSERT INTO `tz_area` VALUES (410305000000, '涧西区', 410300000000, 3);
INSERT INTO `tz_area` VALUES (410306000000, '吉利区', 410300000000, 3);
INSERT INTO `tz_area` VALUES (410311000000, '洛龙区', 410300000000, 3);
INSERT INTO `tz_area` VALUES (410322000000, '孟津县', 410300000000, 3);
INSERT INTO `tz_area` VALUES (410323000000, '新安县', 410300000000, 3);
INSERT INTO `tz_area` VALUES (410324000000, '栾川县', 410300000000, 3);
INSERT INTO `tz_area` VALUES (410325000000, '嵩县', 410300000000, 3);
INSERT INTO `tz_area` VALUES (410326000000, '汝阳县', 410300000000, 3);
INSERT INTO `tz_area` VALUES (410327000000, '宜阳县', 410300000000, 3);
INSERT INTO `tz_area` VALUES (410328000000, '洛宁县', 410300000000, 3);
INSERT INTO `tz_area` VALUES (410329000000, '伊川县', 410300000000, 3);
INSERT INTO `tz_area` VALUES (410371000000, '洛阳高新技术产业开发区', 410300000000, 3);
INSERT INTO `tz_area` VALUES (410381000000, '偃师市', 410300000000, 3);
INSERT INTO `tz_area` VALUES (410400000000, '平顶山市', 410000000000, 2);
INSERT INTO `tz_area` VALUES (410401000000, '市辖区', 410400000000, 3);
INSERT INTO `tz_area` VALUES (410402000000, '新华区', 410400000000, 3);
INSERT INTO `tz_area` VALUES (410403000000, '卫东区', 410400000000, 3);
INSERT INTO `tz_area` VALUES (410404000000, '石龙区', 410400000000, 3);
INSERT INTO `tz_area` VALUES (410411000000, '湛河区', 410400000000, 3);
INSERT INTO `tz_area` VALUES (410421000000, '宝丰县', 410400000000, 3);
INSERT INTO `tz_area` VALUES (410422000000, '叶县', 410400000000, 3);
INSERT INTO `tz_area` VALUES (410423000000, '鲁山县', 410400000000, 3);
INSERT INTO `tz_area` VALUES (410425000000, '郏县', 410400000000, 3);
INSERT INTO `tz_area` VALUES (410471000000, '平顶山高新技术产业开发区', 410400000000, 3);
INSERT INTO `tz_area` VALUES (410472000000, '平顶山市新城区', 410400000000, 3);
INSERT INTO `tz_area` VALUES (410481000000, '舞钢市', 410400000000, 3);
INSERT INTO `tz_area` VALUES (410482000000, '汝州市', 410400000000, 3);
INSERT INTO `tz_area` VALUES (410500000000, '安阳市', 410000000000, 2);
INSERT INTO `tz_area` VALUES (410501000000, '市辖区', 410500000000, 3);
INSERT INTO `tz_area` VALUES (410502000000, '文峰区', 410500000000, 3);
INSERT INTO `tz_area` VALUES (410503000000, '北关区', 410500000000, 3);
INSERT INTO `tz_area` VALUES (410505000000, '殷都区', 410500000000, 3);
INSERT INTO `tz_area` VALUES (410506000000, '龙安区', 410500000000, 3);
INSERT INTO `tz_area` VALUES (410522000000, '安阳县', 410500000000, 3);
INSERT INTO `tz_area` VALUES (410523000000, '汤阴县', 410500000000, 3);
INSERT INTO `tz_area` VALUES (410526000000, '滑县', 410500000000, 3);
INSERT INTO `tz_area` VALUES (410527000000, '内黄县', 410500000000, 3);
INSERT INTO `tz_area` VALUES (410571000000, '安阳高新技术产业开发区', 410500000000, 3);
INSERT INTO `tz_area` VALUES (410581000000, '林州市', 410500000000, 3);
INSERT INTO `tz_area` VALUES (410600000000, '鹤壁市', 410000000000, 2);
INSERT INTO `tz_area` VALUES (410601000000, '市辖区', 410600000000, 3);
INSERT INTO `tz_area` VALUES (410602000000, '鹤山区', 410600000000, 3);
INSERT INTO `tz_area` VALUES (410603000000, '山城区', 410600000000, 3);
INSERT INTO `tz_area` VALUES (410611000000, '淇滨区', 410600000000, 3);
INSERT INTO `tz_area` VALUES (410621000000, '浚县', 410600000000, 3);
INSERT INTO `tz_area` VALUES (410622000000, '淇县', 410600000000, 3);
INSERT INTO `tz_area` VALUES (410671000000, '鹤壁经济技术开发区', 410600000000, 3);
INSERT INTO `tz_area` VALUES (410700000000, '新乡市', 410000000000, 2);
INSERT INTO `tz_area` VALUES (410701000000, '市辖区', 410700000000, 3);
INSERT INTO `tz_area` VALUES (410702000000, '红旗区', 410700000000, 3);
INSERT INTO `tz_area` VALUES (410703000000, '卫滨区', 410700000000, 3);
INSERT INTO `tz_area` VALUES (410704000000, '凤泉区', 410700000000, 3);
INSERT INTO `tz_area` VALUES (410711000000, '牧野区', 410700000000, 3);
INSERT INTO `tz_area` VALUES (410721000000, '新乡县', 410700000000, 3);
INSERT INTO `tz_area` VALUES (410724000000, '获嘉县', 410700000000, 3);
INSERT INTO `tz_area` VALUES (410725000000, '原阳县', 410700000000, 3);
INSERT INTO `tz_area` VALUES (410726000000, '延津县', 410700000000, 3);
INSERT INTO `tz_area` VALUES (410727000000, '封丘县', 410700000000, 3);
INSERT INTO `tz_area` VALUES (410728000000, '长垣县', 410700000000, 3);
INSERT INTO `tz_area` VALUES (410771000000, '新乡高新技术产业开发区', 410700000000, 3);
INSERT INTO `tz_area` VALUES (410772000000, '新乡经济技术开发区', 410700000000, 3);
INSERT INTO `tz_area` VALUES (410773000000, '新乡市平原城乡一体化示范区', 410700000000, 3);
INSERT INTO `tz_area` VALUES (410781000000, '卫辉市', 410700000000, 3);
INSERT INTO `tz_area` VALUES (410782000000, '辉县市', 410700000000, 3);
INSERT INTO `tz_area` VALUES (410800000000, '焦作市', 410000000000, 2);
INSERT INTO `tz_area` VALUES (410801000000, '市辖区', 410800000000, 3);
INSERT INTO `tz_area` VALUES (410802000000, '解放区', 410800000000, 3);
INSERT INTO `tz_area` VALUES (410803000000, '中站区', 410800000000, 3);
INSERT INTO `tz_area` VALUES (410804000000, '马村区', 410800000000, 3);
INSERT INTO `tz_area` VALUES (410811000000, '山阳区', 410800000000, 3);
INSERT INTO `tz_area` VALUES (410821000000, '修武县', 410800000000, 3);
INSERT INTO `tz_area` VALUES (410822000000, '博爱县', 410800000000, 3);
INSERT INTO `tz_area` VALUES (410823000000, '武陟县', 410800000000, 3);
INSERT INTO `tz_area` VALUES (410825000000, '温县', 410800000000, 3);
INSERT INTO `tz_area` VALUES (410871000000, '焦作城乡一体化示范区', 410800000000, 3);
INSERT INTO `tz_area` VALUES (410882000000, '沁阳市', 410800000000, 3);
INSERT INTO `tz_area` VALUES (410883000000, '孟州市', 410800000000, 3);
INSERT INTO `tz_area` VALUES (410900000000, '濮阳市', 410000000000, 2);
INSERT INTO `tz_area` VALUES (410901000000, '市辖区', 410900000000, 3);
INSERT INTO `tz_area` VALUES (410902000000, '华龙区', 410900000000, 3);
INSERT INTO `tz_area` VALUES (410922000000, '清丰县', 410900000000, 3);
INSERT INTO `tz_area` VALUES (410923000000, '南乐县', 410900000000, 3);
INSERT INTO `tz_area` VALUES (410926000000, '范县', 410900000000, 3);
INSERT INTO `tz_area` VALUES (410927000000, '台前县', 410900000000, 3);
INSERT INTO `tz_area` VALUES (410928000000, '濮阳县', 410900000000, 3);
INSERT INTO `tz_area` VALUES (410971000000, '河南濮阳工业园区', 410900000000, 3);
INSERT INTO `tz_area` VALUES (410972000000, '濮阳经济技术开发区', 410900000000, 3);
INSERT INTO `tz_area` VALUES (411000000000, '许昌市', 410000000000, 2);
INSERT INTO `tz_area` VALUES (411001000000, '市辖区', 411000000000, 3);
INSERT INTO `tz_area` VALUES (411002000000, '魏都区', 411000000000, 3);
INSERT INTO `tz_area` VALUES (411003000000, '建安区', 411000000000, 3);
INSERT INTO `tz_area` VALUES (411024000000, '鄢陵县', 411000000000, 3);
INSERT INTO `tz_area` VALUES (411025000000, '襄城县', 411000000000, 3);
INSERT INTO `tz_area` VALUES (411071000000, '许昌经济技术开发区', 411000000000, 3);
INSERT INTO `tz_area` VALUES (411081000000, '禹州市', 411000000000, 3);
INSERT INTO `tz_area` VALUES (411082000000, '长葛市', 411000000000, 3);
INSERT INTO `tz_area` VALUES (411100000000, '漯河市', 410000000000, 2);
INSERT INTO `tz_area` VALUES (411101000000, '市辖区', 411100000000, 3);
INSERT INTO `tz_area` VALUES (411102000000, '源汇区', 411100000000, 3);
INSERT INTO `tz_area` VALUES (411103000000, '郾城区', 411100000000, 3);
INSERT INTO `tz_area` VALUES (411104000000, '召陵区', 411100000000, 3);
INSERT INTO `tz_area` VALUES (411121000000, '舞阳县', 411100000000, 3);
INSERT INTO `tz_area` VALUES (411122000000, '临颍县', 411100000000, 3);
INSERT INTO `tz_area` VALUES (411171000000, '漯河经济技术开发区', 411100000000, 3);
INSERT INTO `tz_area` VALUES (411200000000, '三门峡市', 410000000000, 2);
INSERT INTO `tz_area` VALUES (411201000000, '市辖区', 411200000000, 3);
INSERT INTO `tz_area` VALUES (411202000000, '湖滨区', 411200000000, 3);
INSERT INTO `tz_area` VALUES (411203000000, '陕州区', 411200000000, 3);
INSERT INTO `tz_area` VALUES (411221000000, '渑池县', 411200000000, 3);
INSERT INTO `tz_area` VALUES (411224000000, '卢氏县', 411200000000, 3);
INSERT INTO `tz_area` VALUES (411271000000, '河南三门峡经济开发区', 411200000000, 3);
INSERT INTO `tz_area` VALUES (411281000000, '义马市', 411200000000, 3);
INSERT INTO `tz_area` VALUES (411282000000, '灵宝市', 411200000000, 3);
INSERT INTO `tz_area` VALUES (411300000000, '南阳市', 410000000000, 2);
INSERT INTO `tz_area` VALUES (411301000000, '市辖区', 411300000000, 3);
INSERT INTO `tz_area` VALUES (411302000000, '宛城区', 411300000000, 3);
INSERT INTO `tz_area` VALUES (411303000000, '卧龙区', 411300000000, 3);
INSERT INTO `tz_area` VALUES (411321000000, '南召县', 411300000000, 3);
INSERT INTO `tz_area` VALUES (411322000000, '方城县', 411300000000, 3);
INSERT INTO `tz_area` VALUES (411323000000, '西峡县', 411300000000, 3);
INSERT INTO `tz_area` VALUES (411324000000, '镇平县', 411300000000, 3);
INSERT INTO `tz_area` VALUES (411325000000, '内乡县', 411300000000, 3);
INSERT INTO `tz_area` VALUES (411326000000, '淅川县', 411300000000, 3);
INSERT INTO `tz_area` VALUES (411327000000, '社旗县', 411300000000, 3);
INSERT INTO `tz_area` VALUES (411328000000, '唐河县', 411300000000, 3);
INSERT INTO `tz_area` VALUES (411329000000, '新野县', 411300000000, 3);
INSERT INTO `tz_area` VALUES (411330000000, '桐柏县', 411300000000, 3);
INSERT INTO `tz_area` VALUES (411371000000, '南阳高新技术产业开发区', 411300000000, 3);
INSERT INTO `tz_area` VALUES (411372000000, '南阳市城乡一体化示范区', 411300000000, 3);
INSERT INTO `tz_area` VALUES (411381000000, '邓州市', 411300000000, 3);
INSERT INTO `tz_area` VALUES (411400000000, '商丘市', 410000000000, 2);
INSERT INTO `tz_area` VALUES (411401000000, '市辖区', 411400000000, 3);
INSERT INTO `tz_area` VALUES (411402000000, '梁园区', 411400000000, 3);
INSERT INTO `tz_area` VALUES (411403000000, '睢阳区', 411400000000, 3);
INSERT INTO `tz_area` VALUES (411421000000, '民权县', 411400000000, 3);
INSERT INTO `tz_area` VALUES (411422000000, '睢县', 411400000000, 3);
INSERT INTO `tz_area` VALUES (411423000000, '宁陵县', 411400000000, 3);
INSERT INTO `tz_area` VALUES (411424000000, '柘城县', 411400000000, 3);
INSERT INTO `tz_area` VALUES (411425000000, '虞城县', 411400000000, 3);
INSERT INTO `tz_area` VALUES (411426000000, '夏邑县', 411400000000, 3);
INSERT INTO `tz_area` VALUES (411471000000, '豫东综合物流产业聚集区', 411400000000, 3);
INSERT INTO `tz_area` VALUES (411472000000, '河南商丘经济开发区', 411400000000, 3);
INSERT INTO `tz_area` VALUES (411481000000, '永城市', 411400000000, 3);
INSERT INTO `tz_area` VALUES (411500000000, '信阳市', 410000000000, 2);
INSERT INTO `tz_area` VALUES (411501000000, '市辖区', 411500000000, 3);
INSERT INTO `tz_area` VALUES (411502000000, '浉河区', 411500000000, 3);
INSERT INTO `tz_area` VALUES (411503000000, '平桥区', 411500000000, 3);
INSERT INTO `tz_area` VALUES (411521000000, '罗山县', 411500000000, 3);
INSERT INTO `tz_area` VALUES (411522000000, '光山县', 411500000000, 3);
INSERT INTO `tz_area` VALUES (411523000000, '新县', 411500000000, 3);
INSERT INTO `tz_area` VALUES (411524000000, '商城县', 411500000000, 3);
INSERT INTO `tz_area` VALUES (411525000000, '固始县', 411500000000, 3);
INSERT INTO `tz_area` VALUES (411526000000, '潢川县', 411500000000, 3);
INSERT INTO `tz_area` VALUES (411527000000, '淮滨县', 411500000000, 3);
INSERT INTO `tz_area` VALUES (411528000000, '息县', 411500000000, 3);
INSERT INTO `tz_area` VALUES (411571000000, '信阳高新技术产业开发区', 411500000000, 3);
INSERT INTO `tz_area` VALUES (411600000000, '周口市', 410000000000, 2);
INSERT INTO `tz_area` VALUES (411601000000, '市辖区', 411600000000, 3);
INSERT INTO `tz_area` VALUES (411602000000, '川汇区', 411600000000, 3);
INSERT INTO `tz_area` VALUES (411621000000, '扶沟县', 411600000000, 3);
INSERT INTO `tz_area` VALUES (411622000000, '西华县', 411600000000, 3);
INSERT INTO `tz_area` VALUES (411623000000, '商水县', 411600000000, 3);
INSERT INTO `tz_area` VALUES (411624000000, '沈丘县', 411600000000, 3);
INSERT INTO `tz_area` VALUES (411625000000, '郸城县', 411600000000, 3);
INSERT INTO `tz_area` VALUES (411626000000, '淮阳县', 411600000000, 3);
INSERT INTO `tz_area` VALUES (411627000000, '太康县', 411600000000, 3);
INSERT INTO `tz_area` VALUES (411628000000, '鹿邑县', 411600000000, 3);
INSERT INTO `tz_area` VALUES (411671000000, '河南周口经济开发区', 411600000000, 3);
INSERT INTO `tz_area` VALUES (411681000000, '项城市', 411600000000, 3);
INSERT INTO `tz_area` VALUES (411700000000, '驻马店市', 410000000000, 2);
INSERT INTO `tz_area` VALUES (411701000000, '市辖区', 411700000000, 3);
INSERT INTO `tz_area` VALUES (411702000000, '驿城区', 411700000000, 3);
INSERT INTO `tz_area` VALUES (411721000000, '西平县', 411700000000, 3);
INSERT INTO `tz_area` VALUES (411722000000, '上蔡县', 411700000000, 3);
INSERT INTO `tz_area` VALUES (411723000000, '平舆县', 411700000000, 3);
INSERT INTO `tz_area` VALUES (411724000000, '正阳县', 411700000000, 3);
INSERT INTO `tz_area` VALUES (411725000000, '确山县', 411700000000, 3);
INSERT INTO `tz_area` VALUES (411726000000, '泌阳县', 411700000000, 3);
INSERT INTO `tz_area` VALUES (411727000000, '汝南县', 411700000000, 3);
INSERT INTO `tz_area` VALUES (411728000000, '遂平县', 411700000000, 3);
INSERT INTO `tz_area` VALUES (411729000000, '新蔡县', 411700000000, 3);
INSERT INTO `tz_area` VALUES (411771000000, '河南驻马店经济开发区', 411700000000, 3);
INSERT INTO `tz_area` VALUES (419000000000, '省直辖县级行政区划', 410000000000, 2);
INSERT INTO `tz_area` VALUES (419001000000, '济源市', 419000000000, 3);
INSERT INTO `tz_area` VALUES (420000000000, '湖北省', 0, 1);
INSERT INTO `tz_area` VALUES (420100000000, '武汉市', 420000000000, 2);
INSERT INTO `tz_area` VALUES (420101000000, '市辖区', 420100000000, 3);
INSERT INTO `tz_area` VALUES (420102000000, '江岸区', 420100000000, 3);
INSERT INTO `tz_area` VALUES (420103000000, '江汉区', 420100000000, 3);
INSERT INTO `tz_area` VALUES (420104000000, '硚口区', 420100000000, 3);
INSERT INTO `tz_area` VALUES (420105000000, '汉阳区', 420100000000, 3);
INSERT INTO `tz_area` VALUES (420106000000, '武昌区', 420100000000, 3);
INSERT INTO `tz_area` VALUES (420107000000, '青山区', 420100000000, 3);
INSERT INTO `tz_area` VALUES (420111000000, '洪山区', 420100000000, 3);
INSERT INTO `tz_area` VALUES (420112000000, '东西湖区', 420100000000, 3);
INSERT INTO `tz_area` VALUES (420113000000, '汉南区', 420100000000, 3);
INSERT INTO `tz_area` VALUES (420114000000, '蔡甸区', 420100000000, 3);
INSERT INTO `tz_area` VALUES (420115000000, '江夏区', 420100000000, 3);
INSERT INTO `tz_area` VALUES (420116000000, '黄陂区', 420100000000, 3);
INSERT INTO `tz_area` VALUES (420117000000, '新洲区', 420100000000, 3);
INSERT INTO `tz_area` VALUES (420200000000, '黄石市', 420000000000, 2);
INSERT INTO `tz_area` VALUES (420201000000, '市辖区', 420200000000, 3);
INSERT INTO `tz_area` VALUES (420202000000, '黄石港区', 420200000000, 3);
INSERT INTO `tz_area` VALUES (420203000000, '西塞山区', 420200000000, 3);
INSERT INTO `tz_area` VALUES (420204000000, '下陆区', 420200000000, 3);
INSERT INTO `tz_area` VALUES (420205000000, '铁山区', 420200000000, 3);
INSERT INTO `tz_area` VALUES (420222000000, '阳新县', 420200000000, 3);
INSERT INTO `tz_area` VALUES (420281000000, '大冶市', 420200000000, 3);
INSERT INTO `tz_area` VALUES (420300000000, '十堰市', 420000000000, 2);
INSERT INTO `tz_area` VALUES (420301000000, '市辖区', 420300000000, 3);
INSERT INTO `tz_area` VALUES (420302000000, '茅箭区', 420300000000, 3);
INSERT INTO `tz_area` VALUES (420303000000, '张湾区', 420300000000, 3);
INSERT INTO `tz_area` VALUES (420304000000, '郧阳区', 420300000000, 3);
INSERT INTO `tz_area` VALUES (420322000000, '郧西县', 420300000000, 3);
INSERT INTO `tz_area` VALUES (420323000000, '竹山县', 420300000000, 3);
INSERT INTO `tz_area` VALUES (420324000000, '竹溪县', 420300000000, 3);
INSERT INTO `tz_area` VALUES (420325000000, '房县', 420300000000, 3);
INSERT INTO `tz_area` VALUES (420381000000, '丹江口市', 420300000000, 3);
INSERT INTO `tz_area` VALUES (420500000000, '宜昌市', 420000000000, 2);
INSERT INTO `tz_area` VALUES (420501000000, '市辖区', 420500000000, 3);
INSERT INTO `tz_area` VALUES (420502000000, '西陵区', 420500000000, 3);
INSERT INTO `tz_area` VALUES (420503000000, '伍家岗区', 420500000000, 3);
INSERT INTO `tz_area` VALUES (420504000000, '点军区', 420500000000, 3);
INSERT INTO `tz_area` VALUES (420505000000, '猇亭区', 420500000000, 3);
INSERT INTO `tz_area` VALUES (420506000000, '夷陵区', 420500000000, 3);
INSERT INTO `tz_area` VALUES (420525000000, '远安县', 420500000000, 3);
INSERT INTO `tz_area` VALUES (420526000000, '兴山县', 420500000000, 3);
INSERT INTO `tz_area` VALUES (420527000000, '秭归县', 420500000000, 3);
INSERT INTO `tz_area` VALUES (420528000000, '长阳土家族自治县', 420500000000, 3);
INSERT INTO `tz_area` VALUES (420529000000, '五峰土家族自治县', 420500000000, 3);
INSERT INTO `tz_area` VALUES (420581000000, '宜都市', 420500000000, 3);
INSERT INTO `tz_area` VALUES (420582000000, '当阳市', 420500000000, 3);
INSERT INTO `tz_area` VALUES (420583000000, '枝江市', 420500000000, 3);
INSERT INTO `tz_area` VALUES (420600000000, '襄阳市', 420000000000, 2);
INSERT INTO `tz_area` VALUES (420601000000, '市辖区', 420600000000, 3);
INSERT INTO `tz_area` VALUES (420602000000, '襄城区', 420600000000, 3);
INSERT INTO `tz_area` VALUES (420606000000, '樊城区', 420600000000, 3);
INSERT INTO `tz_area` VALUES (420607000000, '襄州区', 420600000000, 3);
INSERT INTO `tz_area` VALUES (420624000000, '南漳县', 420600000000, 3);
INSERT INTO `tz_area` VALUES (420625000000, '谷城县', 420600000000, 3);
INSERT INTO `tz_area` VALUES (420626000000, '保康县', 420600000000, 3);
INSERT INTO `tz_area` VALUES (420682000000, '老河口市', 420600000000, 3);
INSERT INTO `tz_area` VALUES (420683000000, '枣阳市', 420600000000, 3);
INSERT INTO `tz_area` VALUES (420684000000, '宜城市', 420600000000, 3);
INSERT INTO `tz_area` VALUES (420700000000, '鄂州市', 420000000000, 2);
INSERT INTO `tz_area` VALUES (420701000000, '市辖区', 420700000000, 3);
INSERT INTO `tz_area` VALUES (420702000000, '梁子湖区', 420700000000, 3);
INSERT INTO `tz_area` VALUES (420703000000, '华容区', 420700000000, 3);
INSERT INTO `tz_area` VALUES (420704000000, '鄂城区', 420700000000, 3);
INSERT INTO `tz_area` VALUES (420800000000, '荆门市', 420000000000, 2);
INSERT INTO `tz_area` VALUES (420801000000, '市辖区', 420800000000, 3);
INSERT INTO `tz_area` VALUES (420802000000, '东宝区', 420800000000, 3);
INSERT INTO `tz_area` VALUES (420804000000, '掇刀区', 420800000000, 3);
INSERT INTO `tz_area` VALUES (420822000000, '沙洋县', 420800000000, 3);
INSERT INTO `tz_area` VALUES (420881000000, '钟祥市', 420800000000, 3);
INSERT INTO `tz_area` VALUES (420882000000, '京山市', 420800000000, 3);
INSERT INTO `tz_area` VALUES (420900000000, '孝感市', 420000000000, 2);
INSERT INTO `tz_area` VALUES (420901000000, '市辖区', 420900000000, 3);
INSERT INTO `tz_area` VALUES (420902000000, '孝南区', 420900000000, 3);
INSERT INTO `tz_area` VALUES (420921000000, '孝昌县', 420900000000, 3);
INSERT INTO `tz_area` VALUES (420922000000, '大悟县', 420900000000, 3);
INSERT INTO `tz_area` VALUES (420923000000, '云梦县', 420900000000, 3);
INSERT INTO `tz_area` VALUES (420981000000, '应城市', 420900000000, 3);
INSERT INTO `tz_area` VALUES (420982000000, '安陆市', 420900000000, 3);
INSERT INTO `tz_area` VALUES (420984000000, '汉川市', 420900000000, 3);
INSERT INTO `tz_area` VALUES (421000000000, '荆州市', 420000000000, 2);
INSERT INTO `tz_area` VALUES (421001000000, '市辖区', 421000000000, 3);
INSERT INTO `tz_area` VALUES (421002000000, '沙市区', 421000000000, 3);
INSERT INTO `tz_area` VALUES (421003000000, '荆州区', 421000000000, 3);
INSERT INTO `tz_area` VALUES (421022000000, '公安县', 421000000000, 3);
INSERT INTO `tz_area` VALUES (421023000000, '监利县', 421000000000, 3);
INSERT INTO `tz_area` VALUES (421024000000, '江陵县', 421000000000, 3);
INSERT INTO `tz_area` VALUES (421071000000, '荆州经济技术开发区', 421000000000, 3);
INSERT INTO `tz_area` VALUES (421081000000, '石首市', 421000000000, 3);
INSERT INTO `tz_area` VALUES (421083000000, '洪湖市', 421000000000, 3);
INSERT INTO `tz_area` VALUES (421087000000, '松滋市', 421000000000, 3);
INSERT INTO `tz_area` VALUES (421100000000, '黄冈市', 420000000000, 2);
INSERT INTO `tz_area` VALUES (421101000000, '市辖区', 421100000000, 3);
INSERT INTO `tz_area` VALUES (421102000000, '黄州区', 421100000000, 3);
INSERT INTO `tz_area` VALUES (421121000000, '团风县', 421100000000, 3);
INSERT INTO `tz_area` VALUES (421122000000, '红安县', 421100000000, 3);
INSERT INTO `tz_area` VALUES (421123000000, '罗田县', 421100000000, 3);
INSERT INTO `tz_area` VALUES (421124000000, '英山县', 421100000000, 3);
INSERT INTO `tz_area` VALUES (421125000000, '浠水县', 421100000000, 3);
INSERT INTO `tz_area` VALUES (421126000000, '蕲春县', 421100000000, 3);
INSERT INTO `tz_area` VALUES (421127000000, '黄梅县', 421100000000, 3);
INSERT INTO `tz_area` VALUES (421171000000, '龙感湖管理区', 421100000000, 3);
INSERT INTO `tz_area` VALUES (421181000000, '麻城市', 421100000000, 3);
INSERT INTO `tz_area` VALUES (421182000000, '武穴市', 421100000000, 3);
INSERT INTO `tz_area` VALUES (421200000000, '咸宁市', 420000000000, 2);
INSERT INTO `tz_area` VALUES (421201000000, '市辖区', 421200000000, 3);
INSERT INTO `tz_area` VALUES (421202000000, '咸安区', 421200000000, 3);
INSERT INTO `tz_area` VALUES (421221000000, '嘉鱼县', 421200000000, 3);
INSERT INTO `tz_area` VALUES (421222000000, '通城县', 421200000000, 3);
INSERT INTO `tz_area` VALUES (421223000000, '崇阳县', 421200000000, 3);
INSERT INTO `tz_area` VALUES (421224000000, '通山县', 421200000000, 3);
INSERT INTO `tz_area` VALUES (421281000000, '赤壁市', 421200000000, 3);
INSERT INTO `tz_area` VALUES (421300000000, '随州市', 420000000000, 2);
INSERT INTO `tz_area` VALUES (421301000000, '市辖区', 421300000000, 3);
INSERT INTO `tz_area` VALUES (421303000000, '曾都区', 421300000000, 3);
INSERT INTO `tz_area` VALUES (421321000000, '随县', 421300000000, 3);
INSERT INTO `tz_area` VALUES (421381000000, '广水市', 421300000000, 3);
INSERT INTO `tz_area` VALUES (422800000000, '恩施土家族苗族自治州', 420000000000, 2);
INSERT INTO `tz_area` VALUES (422801000000, '恩施市', 422800000000, 3);
INSERT INTO `tz_area` VALUES (422802000000, '利川市', 422800000000, 3);
INSERT INTO `tz_area` VALUES (422822000000, '建始县', 422800000000, 3);
INSERT INTO `tz_area` VALUES (422823000000, '巴东县', 422800000000, 3);
INSERT INTO `tz_area` VALUES (422825000000, '宣恩县', 422800000000, 3);
INSERT INTO `tz_area` VALUES (422826000000, '咸丰县', 422800000000, 3);
INSERT INTO `tz_area` VALUES (422827000000, '来凤县', 422800000000, 3);
INSERT INTO `tz_area` VALUES (422828000000, '鹤峰县', 422800000000, 3);
INSERT INTO `tz_area` VALUES (429000000000, '省直辖县级行政区划', 420000000000, 2);
INSERT INTO `tz_area` VALUES (429004000000, '仙桃市', 429000000000, 3);
INSERT INTO `tz_area` VALUES (429005000000, '潜江市', 429000000000, 3);
INSERT INTO `tz_area` VALUES (429006000000, '天门市', 429000000000, 3);
INSERT INTO `tz_area` VALUES (429021000000, '神农架林区', 429000000000, 3);
INSERT INTO `tz_area` VALUES (430000000000, '湖南省', 0, 1);
INSERT INTO `tz_area` VALUES (430100000000, '长沙市', 430000000000, 2);
INSERT INTO `tz_area` VALUES (430101000000, '市辖区', 430100000000, 3);
INSERT INTO `tz_area` VALUES (430102000000, '芙蓉区', 430100000000, 3);
INSERT INTO `tz_area` VALUES (430103000000, '天心区', 430100000000, 3);
INSERT INTO `tz_area` VALUES (430104000000, '岳麓区', 430100000000, 3);
INSERT INTO `tz_area` VALUES (430105000000, '开福区', 430100000000, 3);
INSERT INTO `tz_area` VALUES (430111000000, '雨花区', 430100000000, 3);
INSERT INTO `tz_area` VALUES (430112000000, '望城区', 430100000000, 3);
INSERT INTO `tz_area` VALUES (430121000000, '长沙县', 430100000000, 3);
INSERT INTO `tz_area` VALUES (430181000000, '浏阳市', 430100000000, 3);
INSERT INTO `tz_area` VALUES (430182000000, '宁乡市', 430100000000, 3);
INSERT INTO `tz_area` VALUES (430200000000, '株洲市', 430000000000, 2);
INSERT INTO `tz_area` VALUES (430201000000, '市辖区', 430200000000, 3);
INSERT INTO `tz_area` VALUES (430202000000, '荷塘区', 430200000000, 3);
INSERT INTO `tz_area` VALUES (430203000000, '芦淞区', 430200000000, 3);
INSERT INTO `tz_area` VALUES (430204000000, '石峰区', 430200000000, 3);
INSERT INTO `tz_area` VALUES (430211000000, '天元区', 430200000000, 3);
INSERT INTO `tz_area` VALUES (430212000000, '渌口区', 430200000000, 3);
INSERT INTO `tz_area` VALUES (430223000000, '攸县', 430200000000, 3);
INSERT INTO `tz_area` VALUES (430224000000, '茶陵县', 430200000000, 3);
INSERT INTO `tz_area` VALUES (430225000000, '炎陵县', 430200000000, 3);
INSERT INTO `tz_area` VALUES (430271000000, '云龙示范区', 430200000000, 3);
INSERT INTO `tz_area` VALUES (430281000000, '醴陵市', 430200000000, 3);
INSERT INTO `tz_area` VALUES (430300000000, '湘潭市', 430000000000, 2);
INSERT INTO `tz_area` VALUES (430301000000, '市辖区', 430300000000, 3);
INSERT INTO `tz_area` VALUES (430302000000, '雨湖区', 430300000000, 3);
INSERT INTO `tz_area` VALUES (430304000000, '岳塘区', 430300000000, 3);
INSERT INTO `tz_area` VALUES (430321000000, '湘潭县', 430300000000, 3);
INSERT INTO `tz_area` VALUES (430371000000, '湖南湘潭高新技术产业园区', 430300000000, 3);
INSERT INTO `tz_area` VALUES (430372000000, '湘潭昭山示范区', 430300000000, 3);
INSERT INTO `tz_area` VALUES (430373000000, '湘潭九华示范区', 430300000000, 3);
INSERT INTO `tz_area` VALUES (430381000000, '湘乡市', 430300000000, 3);
INSERT INTO `tz_area` VALUES (430382000000, '韶山市', 430300000000, 3);
INSERT INTO `tz_area` VALUES (430400000000, '衡阳市', 430000000000, 2);
INSERT INTO `tz_area` VALUES (430401000000, '市辖区', 430400000000, 3);
INSERT INTO `tz_area` VALUES (430405000000, '珠晖区', 430400000000, 3);
INSERT INTO `tz_area` VALUES (430406000000, '雁峰区', 430400000000, 3);
INSERT INTO `tz_area` VALUES (430407000000, '石鼓区', 430400000000, 3);
INSERT INTO `tz_area` VALUES (430408000000, '蒸湘区', 430400000000, 3);
INSERT INTO `tz_area` VALUES (430412000000, '南岳区', 430400000000, 3);
INSERT INTO `tz_area` VALUES (430421000000, '衡阳县', 430400000000, 3);
INSERT INTO `tz_area` VALUES (430422000000, '衡南县', 430400000000, 3);
INSERT INTO `tz_area` VALUES (430423000000, '衡山县', 430400000000, 3);
INSERT INTO `tz_area` VALUES (430424000000, '衡东县', 430400000000, 3);
INSERT INTO `tz_area` VALUES (430426000000, '祁东县', 430400000000, 3);
INSERT INTO `tz_area` VALUES (430471000000, '衡阳综合保税区', 430400000000, 3);
INSERT INTO `tz_area` VALUES (430472000000, '湖南衡阳高新技术产业园区', 430400000000, 3);
INSERT INTO `tz_area` VALUES (430473000000, '湖南衡阳松木经济开发区', 430400000000, 3);
INSERT INTO `tz_area` VALUES (430481000000, '耒阳市', 430400000000, 3);
INSERT INTO `tz_area` VALUES (430482000000, '常宁市', 430400000000, 3);
INSERT INTO `tz_area` VALUES (430500000000, '邵阳市', 430000000000, 2);
INSERT INTO `tz_area` VALUES (430501000000, '市辖区', 430500000000, 3);
INSERT INTO `tz_area` VALUES (430502000000, '双清区', 430500000000, 3);
INSERT INTO `tz_area` VALUES (430503000000, '大祥区', 430500000000, 3);
INSERT INTO `tz_area` VALUES (430511000000, '北塔区', 430500000000, 3);
INSERT INTO `tz_area` VALUES (430521000000, '邵东县', 430500000000, 3);
INSERT INTO `tz_area` VALUES (430522000000, '新邵县', 430500000000, 3);
INSERT INTO `tz_area` VALUES (430523000000, '邵阳县', 430500000000, 3);
INSERT INTO `tz_area` VALUES (430524000000, '隆回县', 430500000000, 3);
INSERT INTO `tz_area` VALUES (430525000000, '洞口县', 430500000000, 3);
INSERT INTO `tz_area` VALUES (430527000000, '绥宁县', 430500000000, 3);
INSERT INTO `tz_area` VALUES (430528000000, '新宁县', 430500000000, 3);
INSERT INTO `tz_area` VALUES (430529000000, '城步苗族自治县', 430500000000, 3);
INSERT INTO `tz_area` VALUES (430581000000, '武冈市', 430500000000, 3);
INSERT INTO `tz_area` VALUES (430600000000, '岳阳市', 430000000000, 2);
INSERT INTO `tz_area` VALUES (430601000000, '市辖区', 430600000000, 3);
INSERT INTO `tz_area` VALUES (430602000000, '岳阳楼区', 430600000000, 3);
INSERT INTO `tz_area` VALUES (430603000000, '云溪区', 430600000000, 3);
INSERT INTO `tz_area` VALUES (430611000000, '君山区', 430600000000, 3);
INSERT INTO `tz_area` VALUES (430621000000, '岳阳县', 430600000000, 3);
INSERT INTO `tz_area` VALUES (430623000000, '华容县', 430600000000, 3);
INSERT INTO `tz_area` VALUES (430624000000, '湘阴县', 430600000000, 3);
INSERT INTO `tz_area` VALUES (430626000000, '平江县', 430600000000, 3);
INSERT INTO `tz_area` VALUES (430671000000, '岳阳市屈原管理区', 430600000000, 3);
INSERT INTO `tz_area` VALUES (430681000000, '汨罗市', 430600000000, 3);
INSERT INTO `tz_area` VALUES (430682000000, '临湘市', 430600000000, 3);
INSERT INTO `tz_area` VALUES (430700000000, '常德市', 430000000000, 2);
INSERT INTO `tz_area` VALUES (430701000000, '市辖区', 430700000000, 3);
INSERT INTO `tz_area` VALUES (430702000000, '武陵区', 430700000000, 3);
INSERT INTO `tz_area` VALUES (430703000000, '鼎城区', 430700000000, 3);
INSERT INTO `tz_area` VALUES (430721000000, '安乡县', 430700000000, 3);
INSERT INTO `tz_area` VALUES (430722000000, '汉寿县', 430700000000, 3);
INSERT INTO `tz_area` VALUES (430723000000, '澧县', 430700000000, 3);
INSERT INTO `tz_area` VALUES (430724000000, '临澧县', 430700000000, 3);
INSERT INTO `tz_area` VALUES (430725000000, '桃源县', 430700000000, 3);
INSERT INTO `tz_area` VALUES (430726000000, '石门县', 430700000000, 3);
INSERT INTO `tz_area` VALUES (430771000000, '常德市西洞庭管理区', 430700000000, 3);
INSERT INTO `tz_area` VALUES (430781000000, '津市市', 430700000000, 3);
INSERT INTO `tz_area` VALUES (430800000000, '张家界市', 430000000000, 2);
INSERT INTO `tz_area` VALUES (430801000000, '市辖区', 430800000000, 3);
INSERT INTO `tz_area` VALUES (430802000000, '永定区', 430800000000, 3);
INSERT INTO `tz_area` VALUES (430811000000, '武陵源区', 430800000000, 3);
INSERT INTO `tz_area` VALUES (430821000000, '慈利县', 430800000000, 3);
INSERT INTO `tz_area` VALUES (430822000000, '桑植县', 430800000000, 3);
INSERT INTO `tz_area` VALUES (430900000000, '益阳市', 430000000000, 2);
INSERT INTO `tz_area` VALUES (430901000000, '市辖区', 430900000000, 3);
INSERT INTO `tz_area` VALUES (430902000000, '资阳区', 430900000000, 3);
INSERT INTO `tz_area` VALUES (430903000000, '赫山区', 430900000000, 3);
INSERT INTO `tz_area` VALUES (430921000000, '南县', 430900000000, 3);
INSERT INTO `tz_area` VALUES (430922000000, '桃江县', 430900000000, 3);
INSERT INTO `tz_area` VALUES (430923000000, '安化县', 430900000000, 3);
INSERT INTO `tz_area` VALUES (430971000000, '益阳市大通湖管理区', 430900000000, 3);
INSERT INTO `tz_area` VALUES (430972000000, '湖南益阳高新技术产业园区', 430900000000, 3);
INSERT INTO `tz_area` VALUES (430981000000, '沅江市', 430900000000, 3);
INSERT INTO `tz_area` VALUES (431000000000, '郴州市', 430000000000, 2);
INSERT INTO `tz_area` VALUES (431001000000, '市辖区', 431000000000, 3);
INSERT INTO `tz_area` VALUES (431002000000, '北湖区', 431000000000, 3);
INSERT INTO `tz_area` VALUES (431003000000, '苏仙区', 431000000000, 3);
INSERT INTO `tz_area` VALUES (431021000000, '桂阳县', 431000000000, 3);
INSERT INTO `tz_area` VALUES (431022000000, '宜章县', 431000000000, 3);
INSERT INTO `tz_area` VALUES (431023000000, '永兴县', 431000000000, 3);
INSERT INTO `tz_area` VALUES (431024000000, '嘉禾县', 431000000000, 3);
INSERT INTO `tz_area` VALUES (431025000000, '临武县', 431000000000, 3);
INSERT INTO `tz_area` VALUES (431026000000, '汝城县', 431000000000, 3);
INSERT INTO `tz_area` VALUES (431027000000, '桂东县', 431000000000, 3);
INSERT INTO `tz_area` VALUES (431028000000, '安仁县', 431000000000, 3);
INSERT INTO `tz_area` VALUES (431081000000, '资兴市', 431000000000, 3);
INSERT INTO `tz_area` VALUES (431100000000, '永州市', 430000000000, 2);
INSERT INTO `tz_area` VALUES (431101000000, '市辖区', 431100000000, 3);
INSERT INTO `tz_area` VALUES (431102000000, '零陵区', 431100000000, 3);
INSERT INTO `tz_area` VALUES (431103000000, '冷水滩区', 431100000000, 3);
INSERT INTO `tz_area` VALUES (431121000000, '祁阳县', 431100000000, 3);
INSERT INTO `tz_area` VALUES (431122000000, '东安县', 431100000000, 3);
INSERT INTO `tz_area` VALUES (431123000000, '双牌县', 431100000000, 3);
INSERT INTO `tz_area` VALUES (431124000000, '道县', 431100000000, 3);
INSERT INTO `tz_area` VALUES (431125000000, '江永县', 431100000000, 3);
INSERT INTO `tz_area` VALUES (431126000000, '宁远县', 431100000000, 3);
INSERT INTO `tz_area` VALUES (431127000000, '蓝山县', 431100000000, 3);
INSERT INTO `tz_area` VALUES (431128000000, '新田县', 431100000000, 3);
INSERT INTO `tz_area` VALUES (431129000000, '江华瑶族自治县', 431100000000, 3);
INSERT INTO `tz_area` VALUES (431171000000, '永州经济技术开发区', 431100000000, 3);
INSERT INTO `tz_area` VALUES (431172000000, '永州市金洞管理区', 431100000000, 3);
INSERT INTO `tz_area` VALUES (431173000000, '永州市回龙圩管理区', 431100000000, 3);
INSERT INTO `tz_area` VALUES (431200000000, '怀化市', 430000000000, 2);
INSERT INTO `tz_area` VALUES (431201000000, '市辖区', 431200000000, 3);
INSERT INTO `tz_area` VALUES (431202000000, '鹤城区', 431200000000, 3);
INSERT INTO `tz_area` VALUES (431221000000, '中方县', 431200000000, 3);
INSERT INTO `tz_area` VALUES (431222000000, '沅陵县', 431200000000, 3);
INSERT INTO `tz_area` VALUES (431223000000, '辰溪县', 431200000000, 3);
INSERT INTO `tz_area` VALUES (431224000000, '溆浦县', 431200000000, 3);
INSERT INTO `tz_area` VALUES (431225000000, '会同县', 431200000000, 3);
INSERT INTO `tz_area` VALUES (431226000000, '麻阳苗族自治县', 431200000000, 3);
INSERT INTO `tz_area` VALUES (431227000000, '新晃侗族自治县', 431200000000, 3);
INSERT INTO `tz_area` VALUES (431228000000, '芷江侗族自治县', 431200000000, 3);
INSERT INTO `tz_area` VALUES (431229000000, '靖州苗族侗族自治县', 431200000000, 3);
INSERT INTO `tz_area` VALUES (431230000000, '通道侗族自治县', 431200000000, 3);
INSERT INTO `tz_area` VALUES (431271000000, '怀化市洪江管理区', 431200000000, 3);
INSERT INTO `tz_area` VALUES (431281000000, '洪江市', 431200000000, 3);
INSERT INTO `tz_area` VALUES (431300000000, '娄底市', 430000000000, 2);
INSERT INTO `tz_area` VALUES (431301000000, '市辖区', 431300000000, 3);
INSERT INTO `tz_area` VALUES (431302000000, '娄星区', 431300000000, 3);
INSERT INTO `tz_area` VALUES (431321000000, '双峰县', 431300000000, 3);
INSERT INTO `tz_area` VALUES (431322000000, '新化县', 431300000000, 3);
INSERT INTO `tz_area` VALUES (431381000000, '冷水江市', 431300000000, 3);
INSERT INTO `tz_area` VALUES (431382000000, '涟源市', 431300000000, 3);
INSERT INTO `tz_area` VALUES (433100000000, '湘西土家族苗族自治州', 430000000000, 2);
INSERT INTO `tz_area` VALUES (433101000000, '吉首市', 433100000000, 3);
INSERT INTO `tz_area` VALUES (433122000000, '泸溪县', 433100000000, 3);
INSERT INTO `tz_area` VALUES (433123000000, '凤凰县', 433100000000, 3);
INSERT INTO `tz_area` VALUES (433124000000, '花垣县', 433100000000, 3);
INSERT INTO `tz_area` VALUES (433125000000, '保靖县', 433100000000, 3);
INSERT INTO `tz_area` VALUES (433126000000, '古丈县', 433100000000, 3);
INSERT INTO `tz_area` VALUES (433127000000, '永顺县', 433100000000, 3);
INSERT INTO `tz_area` VALUES (433130000000, '龙山县', 433100000000, 3);
INSERT INTO `tz_area` VALUES (433172000000, '湖南吉首经济开发区', 433100000000, 3);
INSERT INTO `tz_area` VALUES (433173000000, '湖南永顺经济开发区', 433100000000, 3);
INSERT INTO `tz_area` VALUES (440000000000, '广东省', 0, 1);
INSERT INTO `tz_area` VALUES (440100000000, '广州市', 440000000000, 2);
INSERT INTO `tz_area` VALUES (440101000000, '市辖区', 440100000000, 3);
INSERT INTO `tz_area` VALUES (440103000000, '荔湾区', 440100000000, 3);
INSERT INTO `tz_area` VALUES (440104000000, '越秀区', 440100000000, 3);
INSERT INTO `tz_area` VALUES (440105000000, '海珠区', 440100000000, 3);
INSERT INTO `tz_area` VALUES (440106000000, '天河区', 440100000000, 3);
INSERT INTO `tz_area` VALUES (440111000000, '白云区', 440100000000, 3);
INSERT INTO `tz_area` VALUES (440112000000, '黄埔区', 440100000000, 3);
INSERT INTO `tz_area` VALUES (440113000000, '番禺区', 440100000000, 3);
INSERT INTO `tz_area` VALUES (440114000000, '花都区', 440100000000, 3);
INSERT INTO `tz_area` VALUES (440115000000, '南沙区', 440100000000, 3);
INSERT INTO `tz_area` VALUES (440117000000, '从化区', 440100000000, 3);
INSERT INTO `tz_area` VALUES (440118000000, '增城区', 440100000000, 3);
INSERT INTO `tz_area` VALUES (440200000000, '韶关市', 440000000000, 2);
INSERT INTO `tz_area` VALUES (440201000000, '市辖区', 440200000000, 3);
INSERT INTO `tz_area` VALUES (440203000000, '武江区', 440200000000, 3);
INSERT INTO `tz_area` VALUES (440204000000, '浈江区', 440200000000, 3);
INSERT INTO `tz_area` VALUES (440205000000, '曲江区', 440200000000, 3);
INSERT INTO `tz_area` VALUES (440222000000, '始兴县', 440200000000, 3);
INSERT INTO `tz_area` VALUES (440224000000, '仁化县', 440200000000, 3);
INSERT INTO `tz_area` VALUES (440229000000, '翁源县', 440200000000, 3);
INSERT INTO `tz_area` VALUES (440232000000, '乳源瑶族自治县', 440200000000, 3);
INSERT INTO `tz_area` VALUES (440233000000, '新丰县', 440200000000, 3);
INSERT INTO `tz_area` VALUES (440281000000, '乐昌市', 440200000000, 3);
INSERT INTO `tz_area` VALUES (440282000000, '南雄市', 440200000000, 3);
INSERT INTO `tz_area` VALUES (440300000000, '深圳市', 440000000000, 2);
INSERT INTO `tz_area` VALUES (440301000000, '市辖区', 440300000000, 3);
INSERT INTO `tz_area` VALUES (440303000000, '罗湖区', 440300000000, 3);
INSERT INTO `tz_area` VALUES (440304000000, '福田区', 440300000000, 3);
INSERT INTO `tz_area` VALUES (440305000000, '南山区', 440300000000, 3);
INSERT INTO `tz_area` VALUES (440306000000, '宝安区', 440300000000, 3);
INSERT INTO `tz_area` VALUES (440307000000, '龙岗区', 440300000000, 3);
INSERT INTO `tz_area` VALUES (440308000000, '盐田区', 440300000000, 3);
INSERT INTO `tz_area` VALUES (440309000000, '龙华区', 440300000000, 3);
INSERT INTO `tz_area` VALUES (440310000000, '坪山区', 440300000000, 3);
INSERT INTO `tz_area` VALUES (440311000000, '光明区', 440300000000, 3);
INSERT INTO `tz_area` VALUES (440400000000, '珠海市', 440000000000, 2);
INSERT INTO `tz_area` VALUES (440401000000, '市辖区', 440400000000, 3);
INSERT INTO `tz_area` VALUES (440402000000, '香洲区', 440400000000, 3);
INSERT INTO `tz_area` VALUES (440403000000, '斗门区', 440400000000, 3);
INSERT INTO `tz_area` VALUES (440404000000, '金湾区', 440400000000, 3);
INSERT INTO `tz_area` VALUES (440500000000, '汕头市', 440000000000, 2);
INSERT INTO `tz_area` VALUES (440501000000, '市辖区', 440500000000, 3);
INSERT INTO `tz_area` VALUES (440507000000, '龙湖区', 440500000000, 3);
INSERT INTO `tz_area` VALUES (440511000000, '金平区', 440500000000, 3);
INSERT INTO `tz_area` VALUES (440512000000, '濠江区', 440500000000, 3);
INSERT INTO `tz_area` VALUES (440513000000, '潮阳区', 440500000000, 3);
INSERT INTO `tz_area` VALUES (440514000000, '潮南区', 440500000000, 3);
INSERT INTO `tz_area` VALUES (440515000000, '澄海区', 440500000000, 3);
INSERT INTO `tz_area` VALUES (440523000000, '南澳县', 440500000000, 3);
INSERT INTO `tz_area` VALUES (440600000000, '佛山市', 440000000000, 2);
INSERT INTO `tz_area` VALUES (440601000000, '市辖区', 440600000000, 3);
INSERT INTO `tz_area` VALUES (440604000000, '禅城区', 440600000000, 3);
INSERT INTO `tz_area` VALUES (440605000000, '南海区', 440600000000, 3);
INSERT INTO `tz_area` VALUES (440606000000, '顺德区', 440600000000, 3);
INSERT INTO `tz_area` VALUES (440607000000, '三水区', 440600000000, 3);
INSERT INTO `tz_area` VALUES (440608000000, '高明区', 440600000000, 3);
INSERT INTO `tz_area` VALUES (440700000000, '江门市', 440000000000, 2);
INSERT INTO `tz_area` VALUES (440701000000, '市辖区', 440700000000, 3);
INSERT INTO `tz_area` VALUES (440703000000, '蓬江区', 440700000000, 3);
INSERT INTO `tz_area` VALUES (440704000000, '江海区', 440700000000, 3);
INSERT INTO `tz_area` VALUES (440705000000, '新会区', 440700000000, 3);
INSERT INTO `tz_area` VALUES (440781000000, '台山市', 440700000000, 3);
INSERT INTO `tz_area` VALUES (440783000000, '开平市', 440700000000, 3);
INSERT INTO `tz_area` VALUES (440784000000, '鹤山市', 440700000000, 3);
INSERT INTO `tz_area` VALUES (440785000000, '恩平市', 440700000000, 3);
INSERT INTO `tz_area` VALUES (440800000000, '湛江市', 440000000000, 2);
INSERT INTO `tz_area` VALUES (440801000000, '市辖区', 440800000000, 3);
INSERT INTO `tz_area` VALUES (440802000000, '赤坎区', 440800000000, 3);
INSERT INTO `tz_area` VALUES (440803000000, '霞山区', 440800000000, 3);
INSERT INTO `tz_area` VALUES (440804000000, '坡头区', 440800000000, 3);
INSERT INTO `tz_area` VALUES (440811000000, '麻章区', 440800000000, 3);
INSERT INTO `tz_area` VALUES (440823000000, '遂溪县', 440800000000, 3);
INSERT INTO `tz_area` VALUES (440825000000, '徐闻县', 440800000000, 3);
INSERT INTO `tz_area` VALUES (440881000000, '廉江市', 440800000000, 3);
INSERT INTO `tz_area` VALUES (440882000000, '雷州市', 440800000000, 3);
INSERT INTO `tz_area` VALUES (440883000000, '吴川市', 440800000000, 3);
INSERT INTO `tz_area` VALUES (440900000000, '茂名市', 440000000000, 2);
INSERT INTO `tz_area` VALUES (440901000000, '市辖区', 440900000000, 3);
INSERT INTO `tz_area` VALUES (440902000000, '茂南区', 440900000000, 3);
INSERT INTO `tz_area` VALUES (440904000000, '电白区', 440900000000, 3);
INSERT INTO `tz_area` VALUES (440981000000, '高州市', 440900000000, 3);
INSERT INTO `tz_area` VALUES (440982000000, '化州市', 440900000000, 3);
INSERT INTO `tz_area` VALUES (440983000000, '信宜市', 440900000000, 3);
INSERT INTO `tz_area` VALUES (441200000000, '肇庆市', 440000000000, 2);
INSERT INTO `tz_area` VALUES (441201000000, '市辖区', 441200000000, 3);
INSERT INTO `tz_area` VALUES (441202000000, '端州区', 441200000000, 3);
INSERT INTO `tz_area` VALUES (441203000000, '鼎湖区', 441200000000, 3);
INSERT INTO `tz_area` VALUES (441204000000, '高要区', 441200000000, 3);
INSERT INTO `tz_area` VALUES (441223000000, '广宁县', 441200000000, 3);
INSERT INTO `tz_area` VALUES (441224000000, '怀集县', 441200000000, 3);
INSERT INTO `tz_area` VALUES (441225000000, '封开县', 441200000000, 3);
INSERT INTO `tz_area` VALUES (441226000000, '德庆县', 441200000000, 3);
INSERT INTO `tz_area` VALUES (441284000000, '四会市', 441200000000, 3);
INSERT INTO `tz_area` VALUES (441300000000, '惠州市', 440000000000, 2);
INSERT INTO `tz_area` VALUES (441301000000, '市辖区', 441300000000, 3);
INSERT INTO `tz_area` VALUES (441302000000, '惠城区', 441300000000, 3);
INSERT INTO `tz_area` VALUES (441303000000, '惠阳区', 441300000000, 3);
INSERT INTO `tz_area` VALUES (441322000000, '博罗县', 441300000000, 3);
INSERT INTO `tz_area` VALUES (441323000000, '惠东县', 441300000000, 3);
INSERT INTO `tz_area` VALUES (441324000000, '龙门县', 441300000000, 3);
INSERT INTO `tz_area` VALUES (441400000000, '梅州市', 440000000000, 2);
INSERT INTO `tz_area` VALUES (441401000000, '市辖区', 441400000000, 3);
INSERT INTO `tz_area` VALUES (441402000000, '梅江区', 441400000000, 3);
INSERT INTO `tz_area` VALUES (441403000000, '梅县区', 441400000000, 3);
INSERT INTO `tz_area` VALUES (441422000000, '大埔县', 441400000000, 3);
INSERT INTO `tz_area` VALUES (441423000000, '丰顺县', 441400000000, 3);
INSERT INTO `tz_area` VALUES (441424000000, '五华县', 441400000000, 3);
INSERT INTO `tz_area` VALUES (441426000000, '平远县', 441400000000, 3);
INSERT INTO `tz_area` VALUES (441427000000, '蕉岭县', 441400000000, 3);
INSERT INTO `tz_area` VALUES (441481000000, '兴宁市', 441400000000, 3);
INSERT INTO `tz_area` VALUES (441500000000, '汕尾市', 440000000000, 2);
INSERT INTO `tz_area` VALUES (441501000000, '市辖区', 441500000000, 3);
INSERT INTO `tz_area` VALUES (441502000000, '城区', 441500000000, 3);
INSERT INTO `tz_area` VALUES (441521000000, '海丰县', 441500000000, 3);
INSERT INTO `tz_area` VALUES (441523000000, '陆河县', 441500000000, 3);
INSERT INTO `tz_area` VALUES (441581000000, '陆丰市', 441500000000, 3);
INSERT INTO `tz_area` VALUES (441600000000, '河源市', 440000000000, 2);
INSERT INTO `tz_area` VALUES (441601000000, '市辖区', 441600000000, 3);
INSERT INTO `tz_area` VALUES (441602000000, '源城区', 441600000000, 3);
INSERT INTO `tz_area` VALUES (441621000000, '紫金县', 441600000000, 3);
INSERT INTO `tz_area` VALUES (441622000000, '龙川县', 441600000000, 3);
INSERT INTO `tz_area` VALUES (441623000000, '连平县', 441600000000, 3);
INSERT INTO `tz_area` VALUES (441624000000, '和平县', 441600000000, 3);
INSERT INTO `tz_area` VALUES (441625000000, '东源县', 441600000000, 3);
INSERT INTO `tz_area` VALUES (441700000000, '阳江市', 440000000000, 2);
INSERT INTO `tz_area` VALUES (441701000000, '市辖区', 441700000000, 3);
INSERT INTO `tz_area` VALUES (441702000000, '江城区', 441700000000, 3);
INSERT INTO `tz_area` VALUES (441704000000, '阳东区', 441700000000, 3);
INSERT INTO `tz_area` VALUES (441721000000, '阳西县', 441700000000, 3);
INSERT INTO `tz_area` VALUES (441781000000, '阳春市', 441700000000, 3);
INSERT INTO `tz_area` VALUES (441800000000, '清远市', 440000000000, 2);
INSERT INTO `tz_area` VALUES (441801000000, '市辖区', 441800000000, 3);
INSERT INTO `tz_area` VALUES (441802000000, '清城区', 441800000000, 3);
INSERT INTO `tz_area` VALUES (441803000000, '清新区', 441800000000, 3);
INSERT INTO `tz_area` VALUES (441821000000, '佛冈县', 441800000000, 3);
INSERT INTO `tz_area` VALUES (441823000000, '阳山县', 441800000000, 3);
INSERT INTO `tz_area` VALUES (441825000000, '连山壮族瑶族自治县', 441800000000, 3);
INSERT INTO `tz_area` VALUES (441826000000, '连南瑶族自治县', 441800000000, 3);
INSERT INTO `tz_area` VALUES (441881000000, '英德市', 441800000000, 3);
INSERT INTO `tz_area` VALUES (441882000000, '连州市', 441800000000, 3);
INSERT INTO `tz_area` VALUES (441900000000, '东莞市', 440000000000, 2);
INSERT INTO `tz_area` VALUES (441900003000, '东城街道办事处', 441900000000, 3);
INSERT INTO `tz_area` VALUES (441900004000, '南城街道办事处', 441900000000, 3);
INSERT INTO `tz_area` VALUES (441900005000, '万江街道办事处', 441900000000, 3);
INSERT INTO `tz_area` VALUES (441900006000, '莞城街道办事处', 441900000000, 3);
INSERT INTO `tz_area` VALUES (441900101000, '石碣镇', 441900000000, 3);
INSERT INTO `tz_area` VALUES (441900102000, '石龙镇', 441900000000, 3);
INSERT INTO `tz_area` VALUES (441900103000, '茶山镇', 441900000000, 3);
INSERT INTO `tz_area` VALUES (441900104000, '石排镇', 441900000000, 3);
INSERT INTO `tz_area` VALUES (441900105000, '企石镇', 441900000000, 3);
INSERT INTO `tz_area` VALUES (441900106000, '横沥镇', 441900000000, 3);
INSERT INTO `tz_area` VALUES (441900107000, '桥头镇', 441900000000, 3);
INSERT INTO `tz_area` VALUES (441900108000, '谢岗镇', 441900000000, 3);
INSERT INTO `tz_area` VALUES (441900109000, '东坑镇', 441900000000, 3);
INSERT INTO `tz_area` VALUES (441900110000, '常平镇', 441900000000, 3);
INSERT INTO `tz_area` VALUES (441900111000, '寮步镇', 441900000000, 3);
INSERT INTO `tz_area` VALUES (441900112000, '樟木头镇', 441900000000, 3);
INSERT INTO `tz_area` VALUES (441900113000, '大朗镇', 441900000000, 3);
INSERT INTO `tz_area` VALUES (441900114000, '黄江镇', 441900000000, 3);
INSERT INTO `tz_area` VALUES (441900115000, '清溪镇', 441900000000, 3);
INSERT INTO `tz_area` VALUES (441900116000, '塘厦镇', 441900000000, 3);
INSERT INTO `tz_area` VALUES (441900117000, '凤岗镇', 441900000000, 3);
INSERT INTO `tz_area` VALUES (441900118000, '大岭山镇', 441900000000, 3);
INSERT INTO `tz_area` VALUES (441900119000, '长安镇', 441900000000, 3);
INSERT INTO `tz_area` VALUES (441900121000, '虎门镇', 441900000000, 3);
INSERT INTO `tz_area` VALUES (441900122000, '厚街镇', 441900000000, 3);
INSERT INTO `tz_area` VALUES (441900123000, '沙田镇', 441900000000, 3);
INSERT INTO `tz_area` VALUES (441900124000, '道滘镇', 441900000000, 3);
INSERT INTO `tz_area` VALUES (441900125000, '洪梅镇', 441900000000, 3);
INSERT INTO `tz_area` VALUES (441900126000, '麻涌镇', 441900000000, 3);
INSERT INTO `tz_area` VALUES (441900127000, '望牛墩镇', 441900000000, 3);
INSERT INTO `tz_area` VALUES (441900128000, '中堂镇', 441900000000, 3);
INSERT INTO `tz_area` VALUES (441900129000, '高埗镇', 441900000000, 3);
INSERT INTO `tz_area` VALUES (441900401000, '松山湖管委会', 441900000000, 3);
INSERT INTO `tz_area` VALUES (441900402000, '东莞港', 441900000000, 3);
INSERT INTO `tz_area` VALUES (441900403000, '东莞生态园', 441900000000, 3);
INSERT INTO `tz_area` VALUES (442000000000, '中山市', 440000000000, 2);
INSERT INTO `tz_area` VALUES (442000001000, '石岐区街道办事处', 442000000000, 3);
INSERT INTO `tz_area` VALUES (442000002000, '东区街道办事处', 442000000000, 3);
INSERT INTO `tz_area` VALUES (442000003000, '火炬开发区街道办事处', 442000000000, 3);
INSERT INTO `tz_area` VALUES (442000004000, '西区街道办事处', 442000000000, 3);
INSERT INTO `tz_area` VALUES (442000005000, '南区街道办事处', 442000000000, 3);
INSERT INTO `tz_area` VALUES (442000006000, '五桂山街道办事处', 442000000000, 3);
INSERT INTO `tz_area` VALUES (442000100000, '小榄镇', 442000000000, 3);
INSERT INTO `tz_area` VALUES (442000101000, '黄圃镇', 442000000000, 3);
INSERT INTO `tz_area` VALUES (442000102000, '民众镇', 442000000000, 3);
INSERT INTO `tz_area` VALUES (442000103000, '东凤镇', 442000000000, 3);
INSERT INTO `tz_area` VALUES (442000104000, '东升镇', 442000000000, 3);
INSERT INTO `tz_area` VALUES (442000105000, '古镇镇', 442000000000, 3);
INSERT INTO `tz_area` VALUES (442000106000, '沙溪镇', 442000000000, 3);
INSERT INTO `tz_area` VALUES (442000107000, '坦洲镇', 442000000000, 3);
INSERT INTO `tz_area` VALUES (442000108000, '港口镇', 442000000000, 3);
INSERT INTO `tz_area` VALUES (442000109000, '三角镇', 442000000000, 3);
INSERT INTO `tz_area` VALUES (442000110000, '横栏镇', 442000000000, 3);
INSERT INTO `tz_area` VALUES (442000111000, '南头镇', 442000000000, 3);
INSERT INTO `tz_area` VALUES (442000112000, '阜沙镇', 442000000000, 3);
INSERT INTO `tz_area` VALUES (442000113000, '南朗镇', 442000000000, 3);
INSERT INTO `tz_area` VALUES (442000114000, '三乡镇', 442000000000, 3);
INSERT INTO `tz_area` VALUES (442000115000, '板芙镇', 442000000000, 3);
INSERT INTO `tz_area` VALUES (442000116000, '大涌镇', 442000000000, 3);
INSERT INTO `tz_area` VALUES (442000117000, '神湾镇', 442000000000, 3);
INSERT INTO `tz_area` VALUES (445100000000, '潮州市', 440000000000, 2);
INSERT INTO `tz_area` VALUES (445101000000, '市辖区', 445100000000, 3);
INSERT INTO `tz_area` VALUES (445102000000, '湘桥区', 445100000000, 3);
INSERT INTO `tz_area` VALUES (445103000000, '潮安区', 445100000000, 3);
INSERT INTO `tz_area` VALUES (445122000000, '饶平县', 445100000000, 3);
INSERT INTO `tz_area` VALUES (445200000000, '揭阳市', 440000000000, 2);
INSERT INTO `tz_area` VALUES (445201000000, '市辖区', 445200000000, 3);
INSERT INTO `tz_area` VALUES (445202000000, '榕城区', 445200000000, 3);
INSERT INTO `tz_area` VALUES (445203000000, '揭东区', 445200000000, 3);
INSERT INTO `tz_area` VALUES (445222000000, '揭西县', 445200000000, 3);
INSERT INTO `tz_area` VALUES (445224000000, '惠来县', 445200000000, 3);
INSERT INTO `tz_area` VALUES (445281000000, '普宁市', 445200000000, 3);
INSERT INTO `tz_area` VALUES (445300000000, '云浮市', 440000000000, 2);
INSERT INTO `tz_area` VALUES (445301000000, '市辖区', 445300000000, 3);
INSERT INTO `tz_area` VALUES (445302000000, '云城区', 445300000000, 3);
INSERT INTO `tz_area` VALUES (445303000000, '云安区', 445300000000, 3);
INSERT INTO `tz_area` VALUES (445321000000, '新兴县', 445300000000, 3);
INSERT INTO `tz_area` VALUES (445322000000, '郁南县', 445300000000, 3);
INSERT INTO `tz_area` VALUES (445381000000, '罗定市', 445300000000, 3);
INSERT INTO `tz_area` VALUES (450000000000, '广西壮族自治区', 0, 1);
INSERT INTO `tz_area` VALUES (450100000000, '南宁市', 450000000000, 2);
INSERT INTO `tz_area` VALUES (450101000000, '市辖区', 450100000000, 3);
INSERT INTO `tz_area` VALUES (450102000000, '兴宁区', 450100000000, 3);
INSERT INTO `tz_area` VALUES (450103000000, '青秀区', 450100000000, 3);
INSERT INTO `tz_area` VALUES (450105000000, '江南区', 450100000000, 3);
INSERT INTO `tz_area` VALUES (450107000000, '西乡塘区', 450000000000, 3);
INSERT INTO `tz_area` VALUES (450108000000, '良庆区', 450100000000, 3);
INSERT INTO `tz_area` VALUES (450109000000, '邕宁区', 450100000000, 3);
INSERT INTO `tz_area` VALUES (450110000000, '武鸣区', 450100000000, 3);
INSERT INTO `tz_area` VALUES (450123000000, '隆安县', 450100000000, 3);
INSERT INTO `tz_area` VALUES (450124000000, '马山县', 450100000000, 3);
INSERT INTO `tz_area` VALUES (450125000000, '上林县', 450100000000, 3);
INSERT INTO `tz_area` VALUES (450126000000, '宾阳县', 450100000000, 3);
INSERT INTO `tz_area` VALUES (450127000000, '横县', 450100000000, 3);
INSERT INTO `tz_area` VALUES (450200000000, '柳州市', 450000000000, 2);
INSERT INTO `tz_area` VALUES (450201000000, '市辖区', 450200000000, 3);
INSERT INTO `tz_area` VALUES (450202000000, '城中区', 450200000000, 3);
INSERT INTO `tz_area` VALUES (450203000000, '鱼峰区', 450200000000, 3);
INSERT INTO `tz_area` VALUES (450204000000, '柳南区', 450200000000, 3);
INSERT INTO `tz_area` VALUES (450205000000, '柳北区', 450200000000, 3);
INSERT INTO `tz_area` VALUES (450206000000, '柳江区', 450200000000, 3);
INSERT INTO `tz_area` VALUES (450222000000, '柳城县', 450200000000, 3);
INSERT INTO `tz_area` VALUES (450223000000, '鹿寨县', 450200000000, 3);
INSERT INTO `tz_area` VALUES (450224000000, '融安县', 450200000000, 3);
INSERT INTO `tz_area` VALUES (450225000000, '融水苗族自治县', 450200000000, 3);
INSERT INTO `tz_area` VALUES (450226000000, '三江侗族自治县', 450200000000, 3);
INSERT INTO `tz_area` VALUES (450300000000, '桂林市', 450000000000, 2);
INSERT INTO `tz_area` VALUES (450301000000, '市辖区', 450300000000, 3);
INSERT INTO `tz_area` VALUES (450302000000, '秀峰区', 450300000000, 3);
INSERT INTO `tz_area` VALUES (450303000000, '叠彩区', 450300000000, 3);
INSERT INTO `tz_area` VALUES (450304000000, '象山区', 450300000000, 3);
INSERT INTO `tz_area` VALUES (450305000000, '七星区', 450300000000, 3);
INSERT INTO `tz_area` VALUES (450311000000, '雁山区', 450300000000, 3);
INSERT INTO `tz_area` VALUES (450312000000, '临桂区', 450300000000, 3);
INSERT INTO `tz_area` VALUES (450321000000, '阳朔县', 450300000000, 3);
INSERT INTO `tz_area` VALUES (450323000000, '灵川县', 450300000000, 3);
INSERT INTO `tz_area` VALUES (450324000000, '全州县', 450300000000, 3);
INSERT INTO `tz_area` VALUES (450325000000, '兴安县', 450300000000, 3);
INSERT INTO `tz_area` VALUES (450326000000, '永福县', 450300000000, 3);
INSERT INTO `tz_area` VALUES (450327000000, '灌阳县', 450300000000, 3);
INSERT INTO `tz_area` VALUES (450328000000, '龙胜各族自治县', 450300000000, 3);
INSERT INTO `tz_area` VALUES (450329000000, '资源县', 450300000000, 3);
INSERT INTO `tz_area` VALUES (450330000000, '平乐县', 450300000000, 3);
INSERT INTO `tz_area` VALUES (450332000000, '恭城瑶族自治县', 450300000000, 3);
INSERT INTO `tz_area` VALUES (450381000000, '荔浦市', 450300000000, 3);
INSERT INTO `tz_area` VALUES (450400000000, '梧州市', 450000000000, 2);
INSERT INTO `tz_area` VALUES (450401000000, '市辖区', 450400000000, 3);
INSERT INTO `tz_area` VALUES (450403000000, '万秀区', 450400000000, 3);
INSERT INTO `tz_area` VALUES (450405000000, '长洲区', 450400000000, 3);
INSERT INTO `tz_area` VALUES (450406000000, '龙圩区', 450400000000, 3);
INSERT INTO `tz_area` VALUES (450421000000, '苍梧县', 450400000000, 3);
INSERT INTO `tz_area` VALUES (450422000000, '藤县', 450400000000, 3);
INSERT INTO `tz_area` VALUES (450423000000, '蒙山县', 450400000000, 3);
INSERT INTO `tz_area` VALUES (450481000000, '岑溪市', 450400000000, 3);
INSERT INTO `tz_area` VALUES (450500000000, '北海市', 450000000000, 2);
INSERT INTO `tz_area` VALUES (450501000000, '市辖区', 450500000000, 3);
INSERT INTO `tz_area` VALUES (450502000000, '海城区', 450500000000, 3);
INSERT INTO `tz_area` VALUES (450503000000, '银海区', 450500000000, 3);
INSERT INTO `tz_area` VALUES (450512000000, '铁山港区', 450500000000, 3);
INSERT INTO `tz_area` VALUES (450521000000, '合浦县', 450500000000, 3);
INSERT INTO `tz_area` VALUES (450600000000, '防城港市', 450000000000, 2);
INSERT INTO `tz_area` VALUES (450601000000, '市辖区', 450600000000, 3);
INSERT INTO `tz_area` VALUES (450602000000, '港口区', 450600000000, 3);
INSERT INTO `tz_area` VALUES (450603000000, '防城区', 450600000000, 3);
INSERT INTO `tz_area` VALUES (450621000000, '上思县', 450600000000, 3);
INSERT INTO `tz_area` VALUES (450681000000, '东兴市', 450600000000, 3);
INSERT INTO `tz_area` VALUES (450700000000, '钦州市', 450000000000, 2);
INSERT INTO `tz_area` VALUES (450701000000, '市辖区', 450700000000, 3);
INSERT INTO `tz_area` VALUES (450702000000, '钦南区', 450700000000, 3);
INSERT INTO `tz_area` VALUES (450703000000, '钦北区', 450700000000, 3);
INSERT INTO `tz_area` VALUES (450721000000, '灵山县', 450700000000, 3);
INSERT INTO `tz_area` VALUES (450722000000, '浦北县', 450700000000, 3);
INSERT INTO `tz_area` VALUES (450800000000, '贵港市', 450000000000, 2);
INSERT INTO `tz_area` VALUES (450801000000, '市辖区', 450800000000, 3);
INSERT INTO `tz_area` VALUES (450802000000, '港北区', 450800000000, 3);
INSERT INTO `tz_area` VALUES (450803000000, '港南区', 450800000000, 3);
INSERT INTO `tz_area` VALUES (450804000000, '覃塘区', 450800000000, 3);
INSERT INTO `tz_area` VALUES (450821000000, '平南县', 450800000000, 3);
INSERT INTO `tz_area` VALUES (450881000000, '桂平市', 450800000000, 3);
INSERT INTO `tz_area` VALUES (450900000000, '玉林市', 450000000000, 2);
INSERT INTO `tz_area` VALUES (450901000000, '市辖区', 450900000000, 3);
INSERT INTO `tz_area` VALUES (450902000000, '玉州区', 450900000000, 3);
INSERT INTO `tz_area` VALUES (450903000000, '福绵区', 450900000000, 3);
INSERT INTO `tz_area` VALUES (450921000000, '容县', 450900000000, 3);
INSERT INTO `tz_area` VALUES (450922000000, '陆川县', 450900000000, 3);
INSERT INTO `tz_area` VALUES (450923000000, '博白县', 450900000000, 3);
INSERT INTO `tz_area` VALUES (450924000000, '兴业县', 450900000000, 3);
INSERT INTO `tz_area` VALUES (450981000000, '北流市', 450900000000, 3);
INSERT INTO `tz_area` VALUES (451000000000, '百色市', 450000000000, 2);
INSERT INTO `tz_area` VALUES (451001000000, '市辖区', 451000000000, 3);
INSERT INTO `tz_area` VALUES (451002000000, '右江区', 451000000000, 3);
INSERT INTO `tz_area` VALUES (451021000000, '田阳县', 451000000000, 3);
INSERT INTO `tz_area` VALUES (451022000000, '田东县', 451000000000, 3);
INSERT INTO `tz_area` VALUES (451023000000, '平果县', 451000000000, 3);
INSERT INTO `tz_area` VALUES (451024000000, '德保县', 451000000000, 3);
INSERT INTO `tz_area` VALUES (451026000000, '那坡县', 451000000000, 3);
INSERT INTO `tz_area` VALUES (451027000000, '凌云县', 451000000000, 3);
INSERT INTO `tz_area` VALUES (451028000000, '乐业县', 451000000000, 3);
INSERT INTO `tz_area` VALUES (451029000000, '田林县', 451000000000, 3);
INSERT INTO `tz_area` VALUES (451030000000, '西林县', 451000000000, 3);
INSERT INTO `tz_area` VALUES (451031000000, '隆林各族自治县', 451000000000, 3);
INSERT INTO `tz_area` VALUES (451081000000, '靖西市', 451000000000, 3);
INSERT INTO `tz_area` VALUES (451100000000, '贺州市', 450000000000, 2);
INSERT INTO `tz_area` VALUES (451101000000, '市辖区', 451100000000, 3);
INSERT INTO `tz_area` VALUES (451102000000, '八步区', 451100000000, 3);
INSERT INTO `tz_area` VALUES (451103000000, '平桂区', 451100000000, 3);
INSERT INTO `tz_area` VALUES (451121000000, '昭平县', 451100000000, 3);
INSERT INTO `tz_area` VALUES (451122000000, '钟山县', 451100000000, 3);
INSERT INTO `tz_area` VALUES (451123000000, '富川瑶族自治县', 451100000000, 3);
INSERT INTO `tz_area` VALUES (451200000000, '河池市', 450000000000, 2);
INSERT INTO `tz_area` VALUES (451201000000, '市辖区', 451200000000, 3);
INSERT INTO `tz_area` VALUES (451202000000, '金城江区', 451200000000, 3);
INSERT INTO `tz_area` VALUES (451203000000, '宜州区', 451200000000, 3);
INSERT INTO `tz_area` VALUES (451221000000, '南丹县', 451200000000, 3);
INSERT INTO `tz_area` VALUES (451222000000, '天峨县', 451200000000, 3);
INSERT INTO `tz_area` VALUES (451223000000, '凤山县', 451200000000, 3);
INSERT INTO `tz_area` VALUES (451224000000, '东兰县', 451200000000, 3);
INSERT INTO `tz_area` VALUES (451225000000, '罗城仫佬族自治县', 451200000000, 3);
INSERT INTO `tz_area` VALUES (451226000000, '环江毛南族自治县', 451200000000, 3);
INSERT INTO `tz_area` VALUES (451227000000, '巴马瑶族自治县', 451200000000, 3);
INSERT INTO `tz_area` VALUES (451228000000, '都安瑶族自治县', 451200000000, 3);
INSERT INTO `tz_area` VALUES (451229000000, '大化瑶族自治县', 451200000000, 3);
INSERT INTO `tz_area` VALUES (451300000000, '来宾市', 450000000000, 2);
INSERT INTO `tz_area` VALUES (451301000000, '市辖区', 451300000000, 3);
INSERT INTO `tz_area` VALUES (451302000000, '兴宾区', 451300000000, 3);
INSERT INTO `tz_area` VALUES (451321000000, '忻城县', 451300000000, 3);
INSERT INTO `tz_area` VALUES (451322000000, '象州县', 451300000000, 3);
INSERT INTO `tz_area` VALUES (451323000000, '武宣县', 451300000000, 3);
INSERT INTO `tz_area` VALUES (451324000000, '金秀瑶族自治县', 451300000000, 3);
INSERT INTO `tz_area` VALUES (451381000000, '合山市', 451300000000, 3);
INSERT INTO `tz_area` VALUES (451400000000, '崇左市', 450000000000, 2);
INSERT INTO `tz_area` VALUES (451401000000, '市辖区', 451400000000, 3);
INSERT INTO `tz_area` VALUES (451402000000, '江州区', 451400000000, 3);
INSERT INTO `tz_area` VALUES (451421000000, '扶绥县', 451400000000, 3);
INSERT INTO `tz_area` VALUES (451422000000, '宁明县', 451400000000, 3);
INSERT INTO `tz_area` VALUES (451423000000, '龙州县', 451400000000, 3);
INSERT INTO `tz_area` VALUES (451424000000, '大新县', 451400000000, 3);
INSERT INTO `tz_area` VALUES (451425000000, '天等县', 451400000000, 3);
INSERT INTO `tz_area` VALUES (451481000000, '凭祥市', 451400000000, 3);
INSERT INTO `tz_area` VALUES (460000000000, '海南省', 0, 1);
INSERT INTO `tz_area` VALUES (460100000000, '海口市', 460000000000, 2);
INSERT INTO `tz_area` VALUES (460101000000, '市辖区', 460100000000, 3);
INSERT INTO `tz_area` VALUES (460105000000, '秀英区', 460100000000, 3);
INSERT INTO `tz_area` VALUES (460106000000, '龙华区', 460100000000, 3);
INSERT INTO `tz_area` VALUES (460107000000, '琼山区', 460100000000, 3);
INSERT INTO `tz_area` VALUES (460108000000, '美兰区', 460100000000, 3);
INSERT INTO `tz_area` VALUES (460200000000, '三亚市', 460000000000, 2);
INSERT INTO `tz_area` VALUES (460201000000, '市辖区', 460200000000, 3);
INSERT INTO `tz_area` VALUES (460202000000, '海棠区', 460200000000, 3);
INSERT INTO `tz_area` VALUES (460203000000, '吉阳区', 460200000000, 3);
INSERT INTO `tz_area` VALUES (460204000000, '天涯区', 460200000000, 3);
INSERT INTO `tz_area` VALUES (460205000000, '崖州区', 460200000000, 3);
INSERT INTO `tz_area` VALUES (460300000000, '三沙市', 460000000000, 2);
INSERT INTO `tz_area` VALUES (460321000000, '西沙群岛', 460300000000, 3);
INSERT INTO `tz_area` VALUES (460322000000, '南沙群岛', 460300000000, 3);
INSERT INTO `tz_area` VALUES (460323000000, '中沙群岛的岛礁及其海域', 460300000000, 3);
INSERT INTO `tz_area` VALUES (460400000000, '儋州市', 460000000000, 2);
INSERT INTO `tz_area` VALUES (469000000000, '省直辖县级行政区划', 460000000000, 2);
INSERT INTO `tz_area` VALUES (469001000000, '五指山市', 469000000000, 3);
INSERT INTO `tz_area` VALUES (469002000000, '琼海市', 469000000000, 3);
INSERT INTO `tz_area` VALUES (469005000000, '文昌市', 469000000000, 3);
INSERT INTO `tz_area` VALUES (469006000000, '万宁市', 469000000000, 3);
INSERT INTO `tz_area` VALUES (469007000000, '东方市', 469000000000, 3);
INSERT INTO `tz_area` VALUES (469021000000, '定安县', 469000000000, 3);
INSERT INTO `tz_area` VALUES (469022000000, '屯昌县', 469000000000, 3);
INSERT INTO `tz_area` VALUES (469023000000, '澄迈县', 469000000000, 3);
INSERT INTO `tz_area` VALUES (469024000000, '临高县', 469000000000, 3);
INSERT INTO `tz_area` VALUES (469025000000, '白沙黎族自治县', 469000000000, 3);
INSERT INTO `tz_area` VALUES (469026000000, '昌江黎族自治县', 469000000000, 3);
INSERT INTO `tz_area` VALUES (469027000000, '乐东黎族自治县', 469000000000, 3);
INSERT INTO `tz_area` VALUES (469028000000, '陵水黎族自治县', 469000000000, 3);
INSERT INTO `tz_area` VALUES (469029000000, '保亭黎族苗族自治县', 469000000000, 3);
INSERT INTO `tz_area` VALUES (469030000000, '琼中黎族苗族自治县', 469000000000, 3);
INSERT INTO `tz_area` VALUES (500000000000, '重庆市', 0, 1);
INSERT INTO `tz_area` VALUES (500100000000, '市辖区', 500000000000, 2);
INSERT INTO `tz_area` VALUES (500101000000, '万州区', 500100000000, 3);
INSERT INTO `tz_area` VALUES (500102000000, '涪陵区', 500100000000, 3);
INSERT INTO `tz_area` VALUES (500103000000, '渝中区', 500100000000, 3);
INSERT INTO `tz_area` VALUES (500104000000, '大渡口区', 500100000000, 3);
INSERT INTO `tz_area` VALUES (500105000000, '江北区', 500100000000, 3);
INSERT INTO `tz_area` VALUES (500106000000, '沙坪坝区', 500100000000, 3);
INSERT INTO `tz_area` VALUES (500107000000, '九龙坡区', 500100000000, 3);
INSERT INTO `tz_area` VALUES (500108000000, '南岸区', 500100000000, 3);
INSERT INTO `tz_area` VALUES (500109000000, '北碚区', 500100000000, 3);
INSERT INTO `tz_area` VALUES (500110000000, '綦江区', 500100000000, 3);
INSERT INTO `tz_area` VALUES (500111000000, '大足区', 500100000000, 3);
INSERT INTO `tz_area` VALUES (500112000000, '渝北区', 500100000000, 3);
INSERT INTO `tz_area` VALUES (500113000000, '巴南区', 500100000000, 3);
INSERT INTO `tz_area` VALUES (500114000000, '黔江区', 500100000000, 3);
INSERT INTO `tz_area` VALUES (500115000000, '长寿区', 500100000000, 3);
INSERT INTO `tz_area` VALUES (500116000000, '江津区', 500100000000, 3);
INSERT INTO `tz_area` VALUES (500117000000, '合川区', 500100000000, 3);
INSERT INTO `tz_area` VALUES (500118000000, '永川区', 500100000000, 3);
INSERT INTO `tz_area` VALUES (500119000000, '南川区', 500100000000, 3);
INSERT INTO `tz_area` VALUES (500120000000, '璧山区', 500100000000, 3);
INSERT INTO `tz_area` VALUES (500151000000, '铜梁区', 500100000000, 3);
INSERT INTO `tz_area` VALUES (500152000000, '潼南区', 500100000000, 3);
INSERT INTO `tz_area` VALUES (500153000000, '荣昌区', 500100000000, 3);
INSERT INTO `tz_area` VALUES (500154000000, '开州区', 500100000000, 3);
INSERT INTO `tz_area` VALUES (500155000000, '梁平区', 500100000000, 3);
INSERT INTO `tz_area` VALUES (500156000000, '武隆区', 500100000000, 3);
INSERT INTO `tz_area` VALUES (500200000000, '县', 500000000000, 2);
INSERT INTO `tz_area` VALUES (500229000000, '城口县', 500200000000, 3);
INSERT INTO `tz_area` VALUES (500230000000, '丰都县', 500200000000, 3);
INSERT INTO `tz_area` VALUES (500231000000, '垫江县', 500200000000, 3);
INSERT INTO `tz_area` VALUES (500233000000, '忠县', 500200000000, 3);
INSERT INTO `tz_area` VALUES (500235000000, '云阳县', 500200000000, 3);
INSERT INTO `tz_area` VALUES (500236000000, '奉节县', 500200000000, 3);
INSERT INTO `tz_area` VALUES (500237000000, '巫山县', 500200000000, 3);
INSERT INTO `tz_area` VALUES (500238000000, '巫溪县', 500200000000, 3);
INSERT INTO `tz_area` VALUES (500240000000, '石柱土家族自治县', 500200000000, 3);
INSERT INTO `tz_area` VALUES (500241000000, '秀山土家族苗族自治县', 500200000000, 3);
INSERT INTO `tz_area` VALUES (500242000000, '酉阳土家族苗族自治县', 500200000000, 3);
INSERT INTO `tz_area` VALUES (500243000000, '彭水苗族土家族自治县', 500200000000, 3);
INSERT INTO `tz_area` VALUES (510000000000, '四川省', 0, 1);
INSERT INTO `tz_area` VALUES (510100000000, '成都市', 510000000000, 2);
INSERT INTO `tz_area` VALUES (510101000000, '市辖区', 510100000000, 3);
INSERT INTO `tz_area` VALUES (510104000000, '锦江区', 510100000000, 3);
INSERT INTO `tz_area` VALUES (510105000000, '青羊区', 510100000000, 3);
INSERT INTO `tz_area` VALUES (510106000000, '金牛区', 510100000000, 3);
INSERT INTO `tz_area` VALUES (510107000000, '武侯区', 510100000000, 3);
INSERT INTO `tz_area` VALUES (510108000000, '成华区', 510100000000, 3);
INSERT INTO `tz_area` VALUES (510112000000, '龙泉驿区', 510100000000, 3);
INSERT INTO `tz_area` VALUES (510113000000, '青白江区', 510100000000, 3);
INSERT INTO `tz_area` VALUES (510114000000, '新都区', 510100000000, 3);
INSERT INTO `tz_area` VALUES (510115000000, '温江区', 510100000000, 3);
INSERT INTO `tz_area` VALUES (510116000000, '双流区', 510100000000, 3);
INSERT INTO `tz_area` VALUES (510117000000, '郫都区', 510100000000, 3);
INSERT INTO `tz_area` VALUES (510121000000, '金堂县', 510100000000, 3);
INSERT INTO `tz_area` VALUES (510129000000, '大邑县', 510100000000, 3);
INSERT INTO `tz_area` VALUES (510131000000, '蒲江县', 510100000000, 3);
INSERT INTO `tz_area` VALUES (510132000000, '新津县', 510100000000, 3);
INSERT INTO `tz_area` VALUES (510181000000, '都江堰市', 510100000000, 3);
INSERT INTO `tz_area` VALUES (510182000000, '彭州市', 510100000000, 3);
INSERT INTO `tz_area` VALUES (510183000000, '邛崃市', 510100000000, 3);
INSERT INTO `tz_area` VALUES (510184000000, '崇州市', 510100000000, 3);
INSERT INTO `tz_area` VALUES (510185000000, '简阳市', 510100000000, 3);
INSERT INTO `tz_area` VALUES (510300000000, '自贡市', 510000000000, 2);
INSERT INTO `tz_area` VALUES (510301000000, '市辖区', 510300000000, 3);
INSERT INTO `tz_area` VALUES (510302000000, '自流井区', 510300000000, 3);
INSERT INTO `tz_area` VALUES (510303000000, '贡井区', 510300000000, 3);
INSERT INTO `tz_area` VALUES (510304000000, '大安区', 510300000000, 3);
INSERT INTO `tz_area` VALUES (510311000000, '沿滩区', 510300000000, 3);
INSERT INTO `tz_area` VALUES (510321000000, '荣县', 510300000000, 3);
INSERT INTO `tz_area` VALUES (510322000000, '富顺县', 510300000000, 3);
INSERT INTO `tz_area` VALUES (510400000000, '攀枝花市', 510000000000, 2);
INSERT INTO `tz_area` VALUES (510401000000, '市辖区', 510400000000, 3);
INSERT INTO `tz_area` VALUES (510402000000, '东区', 510400000000, 3);
INSERT INTO `tz_area` VALUES (510403000000, '西区', 510400000000, 3);
INSERT INTO `tz_area` VALUES (510411000000, '仁和区', 510400000000, 3);
INSERT INTO `tz_area` VALUES (510421000000, '米易县', 510400000000, 3);
INSERT INTO `tz_area` VALUES (510422000000, '盐边县', 510400000000, 3);
INSERT INTO `tz_area` VALUES (510500000000, '泸州市', 510000000000, 2);
INSERT INTO `tz_area` VALUES (510501000000, '市辖区', 510500000000, 3);
INSERT INTO `tz_area` VALUES (510502000000, '江阳区', 510500000000, 3);
INSERT INTO `tz_area` VALUES (510503000000, '纳溪区', 510500000000, 3);
INSERT INTO `tz_area` VALUES (510504000000, '龙马潭区', 510500000000, 3);
INSERT INTO `tz_area` VALUES (510521000000, '泸县', 510500000000, 3);
INSERT INTO `tz_area` VALUES (510522000000, '合江县', 510500000000, 3);
INSERT INTO `tz_area` VALUES (510524000000, '叙永县', 510500000000, 3);
INSERT INTO `tz_area` VALUES (510525000000, '古蔺县', 510500000000, 3);
INSERT INTO `tz_area` VALUES (510600000000, '德阳市', 510000000000, 2);
INSERT INTO `tz_area` VALUES (510601000000, '市辖区', 510600000000, 3);
INSERT INTO `tz_area` VALUES (510603000000, '旌阳区', 510600000000, 3);
INSERT INTO `tz_area` VALUES (510604000000, '罗江区', 510600000000, 3);
INSERT INTO `tz_area` VALUES (510623000000, '中江县', 510600000000, 3);
INSERT INTO `tz_area` VALUES (510681000000, '广汉市', 510600000000, 3);
INSERT INTO `tz_area` VALUES (510682000000, '什邡市', 510600000000, 3);
INSERT INTO `tz_area` VALUES (510683000000, '绵竹市', 510600000000, 3);
INSERT INTO `tz_area` VALUES (510700000000, '绵阳市', 510000000000, 2);
INSERT INTO `tz_area` VALUES (510701000000, '市辖区', 510700000000, 3);
INSERT INTO `tz_area` VALUES (510703000000, '涪城区', 510700000000, 3);
INSERT INTO `tz_area` VALUES (510704000000, '游仙区', 510700000000, 3);
INSERT INTO `tz_area` VALUES (510705000000, '安州区', 510700000000, 3);
INSERT INTO `tz_area` VALUES (510722000000, '三台县', 510700000000, 3);
INSERT INTO `tz_area` VALUES (510723000000, '盐亭县', 510700000000, 3);
INSERT INTO `tz_area` VALUES (510725000000, '梓潼县', 510700000000, 3);
INSERT INTO `tz_area` VALUES (510726000000, '北川羌族自治县', 510700000000, 3);
INSERT INTO `tz_area` VALUES (510727000000, '平武县', 510700000000, 3);
INSERT INTO `tz_area` VALUES (510781000000, '江油市', 510700000000, 3);
INSERT INTO `tz_area` VALUES (510800000000, '广元市', 510000000000, 2);
INSERT INTO `tz_area` VALUES (510801000000, '市辖区', 510800000000, 3);
INSERT INTO `tz_area` VALUES (510802000000, '利州区', 510800000000, 3);
INSERT INTO `tz_area` VALUES (510811000000, '昭化区', 510800000000, 3);
INSERT INTO `tz_area` VALUES (510812000000, '朝天区', 510800000000, 3);
INSERT INTO `tz_area` VALUES (510821000000, '旺苍县', 510800000000, 3);
INSERT INTO `tz_area` VALUES (510822000000, '青川县', 510800000000, 3);
INSERT INTO `tz_area` VALUES (510823000000, '剑阁县', 510800000000, 3);
INSERT INTO `tz_area` VALUES (510824000000, '苍溪县', 510800000000, 3);
INSERT INTO `tz_area` VALUES (510900000000, '遂宁市', 510000000000, 2);
INSERT INTO `tz_area` VALUES (510901000000, '市辖区', 510900000000, 3);
INSERT INTO `tz_area` VALUES (510903000000, '船山区', 510900000000, 3);
INSERT INTO `tz_area` VALUES (510904000000, '安居区', 510900000000, 3);
INSERT INTO `tz_area` VALUES (510921000000, '蓬溪县', 510900000000, 3);
INSERT INTO `tz_area` VALUES (510922000000, '射洪县', 510900000000, 3);
INSERT INTO `tz_area` VALUES (510923000000, '大英县', 510900000000, 3);
INSERT INTO `tz_area` VALUES (511000000000, '内江市', 510000000000, 2);
INSERT INTO `tz_area` VALUES (511001000000, '市辖区', 511000000000, 3);
INSERT INTO `tz_area` VALUES (511002000000, '市中区', 511000000000, 3);
INSERT INTO `tz_area` VALUES (511011000000, '东兴区', 511000000000, 3);
INSERT INTO `tz_area` VALUES (511024000000, '威远县', 511000000000, 3);
INSERT INTO `tz_area` VALUES (511025000000, '资中县', 511000000000, 3);
INSERT INTO `tz_area` VALUES (511071000000, '内江经济开发区', 511000000000, 3);
INSERT INTO `tz_area` VALUES (511083000000, '隆昌市', 511000000000, 3);
INSERT INTO `tz_area` VALUES (511100000000, '乐山市', 510000000000, 2);
INSERT INTO `tz_area` VALUES (511101000000, '市辖区', 511100000000, 3);
INSERT INTO `tz_area` VALUES (511102000000, '市中区', 511100000000, 3);
INSERT INTO `tz_area` VALUES (511111000000, '沙湾区', 511100000000, 3);
INSERT INTO `tz_area` VALUES (511112000000, '五通桥区', 511100000000, 3);
INSERT INTO `tz_area` VALUES (511113000000, '金口河区', 511100000000, 3);
INSERT INTO `tz_area` VALUES (511123000000, '犍为县', 511100000000, 3);
INSERT INTO `tz_area` VALUES (511124000000, '井研县', 511100000000, 3);
INSERT INTO `tz_area` VALUES (511126000000, '夹江县', 511100000000, 3);
INSERT INTO `tz_area` VALUES (511129000000, '沐川县', 511100000000, 3);
INSERT INTO `tz_area` VALUES (511132000000, '峨边彝族自治县', 511100000000, 3);
INSERT INTO `tz_area` VALUES (511133000000, '马边彝族自治县', 511100000000, 3);
INSERT INTO `tz_area` VALUES (511181000000, '峨眉山市', 511100000000, 3);
INSERT INTO `tz_area` VALUES (511300000000, '南充市', 510000000000, 2);
INSERT INTO `tz_area` VALUES (511301000000, '市辖区', 511300000000, 3);
INSERT INTO `tz_area` VALUES (511302000000, '顺庆区', 511300000000, 3);
INSERT INTO `tz_area` VALUES (511303000000, '高坪区', 511300000000, 3);
INSERT INTO `tz_area` VALUES (511304000000, '嘉陵区', 511300000000, 3);
INSERT INTO `tz_area` VALUES (511321000000, '南部县', 511300000000, 3);
INSERT INTO `tz_area` VALUES (511322000000, '营山县', 511300000000, 3);
INSERT INTO `tz_area` VALUES (511323000000, '蓬安县', 511300000000, 3);
INSERT INTO `tz_area` VALUES (511324000000, '仪陇县', 511300000000, 3);
INSERT INTO `tz_area` VALUES (511325000000, '西充县', 511300000000, 3);
INSERT INTO `tz_area` VALUES (511381000000, '阆中市', 511300000000, 3);
INSERT INTO `tz_area` VALUES (511400000000, '眉山市', 510000000000, 2);
INSERT INTO `tz_area` VALUES (511401000000, '市辖区', 511400000000, 3);
INSERT INTO `tz_area` VALUES (511402000000, '东坡区', 511400000000, 3);
INSERT INTO `tz_area` VALUES (511403000000, '彭山区', 511400000000, 3);
INSERT INTO `tz_area` VALUES (511421000000, '仁寿县', 511400000000, 3);
INSERT INTO `tz_area` VALUES (511423000000, '洪雅县', 511400000000, 3);
INSERT INTO `tz_area` VALUES (511424000000, '丹棱县', 511400000000, 3);
INSERT INTO `tz_area` VALUES (511425000000, '青神县', 511400000000, 3);
INSERT INTO `tz_area` VALUES (511500000000, '宜宾市', 510000000000, 2);
INSERT INTO `tz_area` VALUES (511501000000, '市辖区', 511500000000, 3);
INSERT INTO `tz_area` VALUES (511502000000, '翠屏区', 511500000000, 3);
INSERT INTO `tz_area` VALUES (511503000000, '南溪区', 511500000000, 3);
INSERT INTO `tz_area` VALUES (511504000000, '叙州区', 511500000000, 3);
INSERT INTO `tz_area` VALUES (511523000000, '江安县', 511500000000, 3);
INSERT INTO `tz_area` VALUES (511524000000, '长宁县', 511500000000, 3);
INSERT INTO `tz_area` VALUES (511525000000, '高县', 511500000000, 3);
INSERT INTO `tz_area` VALUES (511526000000, '珙县', 511500000000, 3);
INSERT INTO `tz_area` VALUES (511527000000, '筠连县', 511500000000, 3);
INSERT INTO `tz_area` VALUES (511528000000, '兴文县', 511500000000, 3);
INSERT INTO `tz_area` VALUES (511529000000, '屏山县', 511500000000, 3);
INSERT INTO `tz_area` VALUES (511600000000, '广安市', 510000000000, 2);
INSERT INTO `tz_area` VALUES (511601000000, '市辖区', 511600000000, 3);
INSERT INTO `tz_area` VALUES (511602000000, '广安区', 511600000000, 3);
INSERT INTO `tz_area` VALUES (511603000000, '前锋区', 511600000000, 3);
INSERT INTO `tz_area` VALUES (511621000000, '岳池县', 511600000000, 3);
INSERT INTO `tz_area` VALUES (511622000000, '武胜县', 511600000000, 3);
INSERT INTO `tz_area` VALUES (511623000000, '邻水县', 511600000000, 3);
INSERT INTO `tz_area` VALUES (511681000000, '华蓥市', 511600000000, 3);
INSERT INTO `tz_area` VALUES (511700000000, '达州市', 510000000000, 2);
INSERT INTO `tz_area` VALUES (511701000000, '市辖区', 511700000000, 3);
INSERT INTO `tz_area` VALUES (511702000000, '通川区', 511700000000, 3);
INSERT INTO `tz_area` VALUES (511703000000, '达川区', 511700000000, 3);
INSERT INTO `tz_area` VALUES (511722000000, '宣汉县', 511700000000, 3);
INSERT INTO `tz_area` VALUES (511723000000, '开江县', 511700000000, 3);
INSERT INTO `tz_area` VALUES (511724000000, '大竹县', 511700000000, 3);
INSERT INTO `tz_area` VALUES (511725000000, '渠县', 511700000000, 3);
INSERT INTO `tz_area` VALUES (511771000000, '达州经济开发区', 511700000000, 3);
INSERT INTO `tz_area` VALUES (511781000000, '万源市', 511700000000, 3);
INSERT INTO `tz_area` VALUES (511800000000, '雅安市', 510000000000, 2);
INSERT INTO `tz_area` VALUES (511801000000, '市辖区', 511800000000, 3);
INSERT INTO `tz_area` VALUES (511802000000, '雨城区', 511800000000, 3);
INSERT INTO `tz_area` VALUES (511803000000, '名山区', 511800000000, 3);
INSERT INTO `tz_area` VALUES (511822000000, '荥经县', 511800000000, 3);
INSERT INTO `tz_area` VALUES (511823000000, '汉源县', 511800000000, 3);
INSERT INTO `tz_area` VALUES (511824000000, '石棉县', 511800000000, 3);
INSERT INTO `tz_area` VALUES (511825000000, '天全县', 511800000000, 3);
INSERT INTO `tz_area` VALUES (511826000000, '芦山县', 511800000000, 3);
INSERT INTO `tz_area` VALUES (511827000000, '宝兴县', 511800000000, 3);
INSERT INTO `tz_area` VALUES (511900000000, '巴中市', 510000000000, 2);
INSERT INTO `tz_area` VALUES (511901000000, '市辖区', 511900000000, 3);
INSERT INTO `tz_area` VALUES (511902000000, '巴州区', 511900000000, 3);
INSERT INTO `tz_area` VALUES (511903000000, '恩阳区', 511900000000, 3);
INSERT INTO `tz_area` VALUES (511921000000, '通江县', 511900000000, 3);
INSERT INTO `tz_area` VALUES (511922000000, '南江县', 511900000000, 3);
INSERT INTO `tz_area` VALUES (511923000000, '平昌县', 511900000000, 3);
INSERT INTO `tz_area` VALUES (511971000000, '巴中经济开发区', 511900000000, 3);
INSERT INTO `tz_area` VALUES (512000000000, '资阳市', 510000000000, 2);
INSERT INTO `tz_area` VALUES (512001000000, '市辖区', 512000000000, 3);
INSERT INTO `tz_area` VALUES (512002000000, '雁江区', 512000000000, 3);
INSERT INTO `tz_area` VALUES (512021000000, '安岳县', 512000000000, 3);
INSERT INTO `tz_area` VALUES (512022000000, '乐至县', 512000000000, 3);
INSERT INTO `tz_area` VALUES (513200000000, '阿坝藏族羌族自治州', 510000000000, 2);
INSERT INTO `tz_area` VALUES (513201000000, '马尔康市', 513200000000, 3);
INSERT INTO `tz_area` VALUES (513221000000, '汶川县', 513200000000, 3);
INSERT INTO `tz_area` VALUES (513222000000, '理县', 513200000000, 3);
INSERT INTO `tz_area` VALUES (513223000000, '茂县', 513200000000, 3);
INSERT INTO `tz_area` VALUES (513224000000, '松潘县', 513200000000, 3);
INSERT INTO `tz_area` VALUES (513225000000, '九寨沟县', 513200000000, 3);
INSERT INTO `tz_area` VALUES (513226000000, '金川县', 513200000000, 3);
INSERT INTO `tz_area` VALUES (513227000000, '小金县', 513200000000, 3);
INSERT INTO `tz_area` VALUES (513228000000, '黑水县', 513200000000, 3);
INSERT INTO `tz_area` VALUES (513230000000, '壤塘县', 513200000000, 3);
INSERT INTO `tz_area` VALUES (513231000000, '阿坝县', 513200000000, 3);
INSERT INTO `tz_area` VALUES (513232000000, '若尔盖县', 513200000000, 3);
INSERT INTO `tz_area` VALUES (513233000000, '红原县', 513200000000, 3);
INSERT INTO `tz_area` VALUES (513300000000, '甘孜藏族自治州', 510000000000, 2);
INSERT INTO `tz_area` VALUES (513301000000, '康定市', 513300000000, 3);
INSERT INTO `tz_area` VALUES (513322000000, '泸定县', 513300000000, 3);
INSERT INTO `tz_area` VALUES (513323000000, '丹巴县', 513300000000, 3);
INSERT INTO `tz_area` VALUES (513324000000, '九龙县', 513300000000, 3);
INSERT INTO `tz_area` VALUES (513325000000, '雅江县', 513300000000, 3);
INSERT INTO `tz_area` VALUES (513326000000, '道孚县', 513300000000, 3);
INSERT INTO `tz_area` VALUES (513327000000, '炉霍县', 513300000000, 3);
INSERT INTO `tz_area` VALUES (513328000000, '甘孜县', 513300000000, 3);
INSERT INTO `tz_area` VALUES (513329000000, '新龙县', 513300000000, 3);
INSERT INTO `tz_area` VALUES (513330000000, '德格县', 513300000000, 3);
INSERT INTO `tz_area` VALUES (513331000000, '白玉县', 513300000000, 3);
INSERT INTO `tz_area` VALUES (513332000000, '石渠县', 513300000000, 3);
INSERT INTO `tz_area` VALUES (513333000000, '色达县', 513300000000, 3);
INSERT INTO `tz_area` VALUES (513334000000, '理塘县', 513300000000, 3);
INSERT INTO `tz_area` VALUES (513335000000, '巴塘县', 513300000000, 3);
INSERT INTO `tz_area` VALUES (513336000000, '乡城县', 513300000000, 3);
INSERT INTO `tz_area` VALUES (513337000000, '稻城县', 513300000000, 3);
INSERT INTO `tz_area` VALUES (513338000000, '得荣县', 513300000000, 3);
INSERT INTO `tz_area` VALUES (513400000000, '凉山彝族自治州', 510000000000, 2);
INSERT INTO `tz_area` VALUES (513401000000, '西昌市', 513400000000, 3);
INSERT INTO `tz_area` VALUES (513422000000, '木里藏族自治县', 513400000000, 3);
INSERT INTO `tz_area` VALUES (513423000000, '盐源县', 513400000000, 3);
INSERT INTO `tz_area` VALUES (513424000000, '德昌县', 513400000000, 3);
INSERT INTO `tz_area` VALUES (513425000000, '会理县', 513400000000, 3);
INSERT INTO `tz_area` VALUES (513426000000, '会东县', 513400000000, 3);
INSERT INTO `tz_area` VALUES (513427000000, '宁南县', 513400000000, 3);
INSERT INTO `tz_area` VALUES (513428000000, '普格县', 513400000000, 3);
INSERT INTO `tz_area` VALUES (513429000000, '布拖县', 513400000000, 3);
INSERT INTO `tz_area` VALUES (513430000000, '金阳县', 513400000000, 3);
INSERT INTO `tz_area` VALUES (513431000000, '昭觉县', 513400000000, 3);
INSERT INTO `tz_area` VALUES (513432000000, '喜德县', 513400000000, 3);
INSERT INTO `tz_area` VALUES (513433000000, '冕宁县', 513400000000, 3);
INSERT INTO `tz_area` VALUES (513434000000, '越西县', 513400000000, 3);
INSERT INTO `tz_area` VALUES (513435000000, '甘洛县', 513400000000, 3);
INSERT INTO `tz_area` VALUES (513436000000, '美姑县', 513400000000, 3);
INSERT INTO `tz_area` VALUES (513437000000, '雷波县', 513400000000, 3);
INSERT INTO `tz_area` VALUES (520000000000, '贵州省', 0, 1);
INSERT INTO `tz_area` VALUES (520100000000, '贵阳市', 520000000000, 2);
INSERT INTO `tz_area` VALUES (520101000000, '市辖区', 520100000000, 3);
INSERT INTO `tz_area` VALUES (520102000000, '南明区', 520100000000, 3);
INSERT INTO `tz_area` VALUES (520103000000, '云岩区', 520100000000, 3);
INSERT INTO `tz_area` VALUES (520111000000, '花溪区', 520100000000, 3);
INSERT INTO `tz_area` VALUES (520112000000, '乌当区', 520100000000, 3);
INSERT INTO `tz_area` VALUES (520113000000, '白云区', 520100000000, 3);
INSERT INTO `tz_area` VALUES (520115000000, '观山湖区', 520100000000, 3);
INSERT INTO `tz_area` VALUES (520121000000, '开阳县', 520100000000, 3);
INSERT INTO `tz_area` VALUES (520122000000, '息烽县', 520100000000, 3);
INSERT INTO `tz_area` VALUES (520123000000, '修文县', 520100000000, 3);
INSERT INTO `tz_area` VALUES (520181000000, '清镇市', 520100000000, 3);
INSERT INTO `tz_area` VALUES (520200000000, '六盘水市', 520000000000, 2);
INSERT INTO `tz_area` VALUES (520201000000, '钟山区', 520200000000, 3);
INSERT INTO `tz_area` VALUES (520203000000, '六枝特区', 520200000000, 3);
INSERT INTO `tz_area` VALUES (520221000000, '水城县', 520200000000, 3);
INSERT INTO `tz_area` VALUES (520281000000, '盘州市', 520200000000, 3);
INSERT INTO `tz_area` VALUES (520300000000, '遵义市', 520000000000, 2);
INSERT INTO `tz_area` VALUES (520301000000, '市辖区', 520300000000, 3);
INSERT INTO `tz_area` VALUES (520302000000, '红花岗区', 520300000000, 3);
INSERT INTO `tz_area` VALUES (520303000000, '汇川区', 520300000000, 3);
INSERT INTO `tz_area` VALUES (520304000000, '播州区', 520300000000, 3);
INSERT INTO `tz_area` VALUES (520322000000, '桐梓县', 520300000000, 3);
INSERT INTO `tz_area` VALUES (520323000000, '绥阳县', 520300000000, 3);
INSERT INTO `tz_area` VALUES (520324000000, '正安县', 520300000000, 3);
INSERT INTO `tz_area` VALUES (520325000000, '道真仡佬族苗族自治县', 520300000000, 3);
INSERT INTO `tz_area` VALUES (520326000000, '务川仡佬族苗族自治县', 520300000000, 3);
INSERT INTO `tz_area` VALUES (520327000000, '凤冈县', 520300000000, 3);
INSERT INTO `tz_area` VALUES (520328000000, '湄潭县', 520300000000, 3);
INSERT INTO `tz_area` VALUES (520329000000, '余庆县', 520300000000, 3);
INSERT INTO `tz_area` VALUES (520330000000, '习水县', 520300000000, 3);
INSERT INTO `tz_area` VALUES (520381000000, '赤水市', 520300000000, 3);
INSERT INTO `tz_area` VALUES (520382000000, '仁怀市', 520300000000, 3);
INSERT INTO `tz_area` VALUES (520400000000, '安顺市', 520000000000, 2);
INSERT INTO `tz_area` VALUES (520401000000, '市辖区', 520400000000, 3);
INSERT INTO `tz_area` VALUES (520402000000, '西秀区', 520400000000, 3);
INSERT INTO `tz_area` VALUES (520403000000, '平坝区', 520400000000, 3);
INSERT INTO `tz_area` VALUES (520422000000, '普定县', 520400000000, 3);
INSERT INTO `tz_area` VALUES (520423000000, '镇宁布依族苗族自治县', 520400000000, 3);
INSERT INTO `tz_area` VALUES (520424000000, '关岭布依族苗族自治县', 520400000000, 3);
INSERT INTO `tz_area` VALUES (520425000000, '紫云苗族布依族自治县', 520400000000, 3);
INSERT INTO `tz_area` VALUES (520500000000, '毕节市', 520000000000, 2);
INSERT INTO `tz_area` VALUES (520501000000, '市辖区', 520500000000, 3);
INSERT INTO `tz_area` VALUES (520502000000, '七星关区', 520500000000, 3);
INSERT INTO `tz_area` VALUES (520521000000, '大方县', 520500000000, 3);
INSERT INTO `tz_area` VALUES (520522000000, '黔西县', 520500000000, 3);
INSERT INTO `tz_area` VALUES (520523000000, '金沙县', 520500000000, 3);
INSERT INTO `tz_area` VALUES (520524000000, '织金县', 520500000000, 3);
INSERT INTO `tz_area` VALUES (520525000000, '纳雍县', 520500000000, 3);
INSERT INTO `tz_area` VALUES (520526000000, '威宁彝族回族苗族自治县', 520500000000, 3);
INSERT INTO `tz_area` VALUES (520527000000, '赫章县', 520500000000, 3);
INSERT INTO `tz_area` VALUES (520600000000, '铜仁市', 520000000000, 2);
INSERT INTO `tz_area` VALUES (520601000000, '市辖区', 520600000000, 3);
INSERT INTO `tz_area` VALUES (520602000000, '碧江区', 520600000000, 3);
INSERT INTO `tz_area` VALUES (520603000000, '万山区', 520600000000, 3);
INSERT INTO `tz_area` VALUES (520621000000, '江口县', 520600000000, 3);
INSERT INTO `tz_area` VALUES (520622000000, '玉屏侗族自治县', 520600000000, 3);
INSERT INTO `tz_area` VALUES (520623000000, '石阡县', 520600000000, 3);
INSERT INTO `tz_area` VALUES (520624000000, '思南县', 520600000000, 3);
INSERT INTO `tz_area` VALUES (520625000000, '印江土家族苗族自治县', 520600000000, 3);
INSERT INTO `tz_area` VALUES (520626000000, '德江县', 520600000000, 3);
INSERT INTO `tz_area` VALUES (520627000000, '沿河土家族自治县', 520600000000, 3);
INSERT INTO `tz_area` VALUES (520628000000, '松桃苗族自治县', 520600000000, 3);
INSERT INTO `tz_area` VALUES (522300000000, '黔西南布依族苗族自治州', 520000000000, 2);
INSERT INTO `tz_area` VALUES (522301000000, '兴义市', 522300000000, 3);
INSERT INTO `tz_area` VALUES (522302000000, '兴仁市', 522300000000, 3);
INSERT INTO `tz_area` VALUES (522323000000, '普安县', 522300000000, 3);
INSERT INTO `tz_area` VALUES (522324000000, '晴隆县', 522300000000, 3);
INSERT INTO `tz_area` VALUES (522325000000, '贞丰县', 522300000000, 3);
INSERT INTO `tz_area` VALUES (522326000000, '望谟县', 522300000000, 3);
INSERT INTO `tz_area` VALUES (522327000000, '册亨县', 522300000000, 3);
INSERT INTO `tz_area` VALUES (522328000000, '安龙县', 522300000000, 3);
INSERT INTO `tz_area` VALUES (522600000000, '黔东南苗族侗族自治州', 520000000000, 2);
INSERT INTO `tz_area` VALUES (522601000000, '凯里市', 522600000000, 3);
INSERT INTO `tz_area` VALUES (522622000000, '黄平县', 522600000000, 3);
INSERT INTO `tz_area` VALUES (522623000000, '施秉县', 522600000000, 3);
INSERT INTO `tz_area` VALUES (522624000000, '三穗县', 522600000000, 3);
INSERT INTO `tz_area` VALUES (522625000000, '镇远县', 522600000000, 3);
INSERT INTO `tz_area` VALUES (522626000000, '岑巩县', 522600000000, 3);
INSERT INTO `tz_area` VALUES (522627000000, '天柱县', 522600000000, 3);
INSERT INTO `tz_area` VALUES (522628000000, '锦屏县', 522600000000, 3);
INSERT INTO `tz_area` VALUES (522629000000, '剑河县', 522600000000, 3);
INSERT INTO `tz_area` VALUES (522630000000, '台江县', 522600000000, 3);
INSERT INTO `tz_area` VALUES (522631000000, '黎平县', 522600000000, 3);
INSERT INTO `tz_area` VALUES (522632000000, '榕江县', 522600000000, 3);
INSERT INTO `tz_area` VALUES (522633000000, '从江县', 522600000000, 3);
INSERT INTO `tz_area` VALUES (522634000000, '雷山县', 522600000000, 3);
INSERT INTO `tz_area` VALUES (522635000000, '麻江县', 522600000000, 3);
INSERT INTO `tz_area` VALUES (522636000000, '丹寨县', 522600000000, 3);
INSERT INTO `tz_area` VALUES (522700000000, '黔南布依族苗族自治州', 520000000000, 2);
INSERT INTO `tz_area` VALUES (522701000000, '都匀市', 522700000000, 3);
INSERT INTO `tz_area` VALUES (522702000000, '福泉市', 522700000000, 3);
INSERT INTO `tz_area` VALUES (522722000000, '荔波县', 522700000000, 3);
INSERT INTO `tz_area` VALUES (522723000000, '贵定县', 522700000000, 3);
INSERT INTO `tz_area` VALUES (522725000000, '瓮安县', 522700000000, 3);
INSERT INTO `tz_area` VALUES (522726000000, '独山县', 522700000000, 3);
INSERT INTO `tz_area` VALUES (522727000000, '平塘县', 522700000000, 3);
INSERT INTO `tz_area` VALUES (522728000000, '罗甸县', 522700000000, 3);
INSERT INTO `tz_area` VALUES (522729000000, '长顺县', 522700000000, 3);
INSERT INTO `tz_area` VALUES (522730000000, '龙里县', 522700000000, 3);
INSERT INTO `tz_area` VALUES (522731000000, '惠水县', 522700000000, 3);
INSERT INTO `tz_area` VALUES (522732000000, '三都水族自治县', 522700000000, 3);
INSERT INTO `tz_area` VALUES (530000000000, '云南省', 0, 1);
INSERT INTO `tz_area` VALUES (530100000000, '昆明市', 530000000000, 2);
INSERT INTO `tz_area` VALUES (530101000000, '市辖区', 530100000000, 3);
INSERT INTO `tz_area` VALUES (530102000000, '五华区', 530100000000, 3);
INSERT INTO `tz_area` VALUES (530103000000, '盘龙区', 530100000000, 3);
INSERT INTO `tz_area` VALUES (530111000000, '官渡区', 530100000000, 3);
INSERT INTO `tz_area` VALUES (530112000000, '西山区', 530100000000, 3);
INSERT INTO `tz_area` VALUES (530113000000, '东川区', 530100000000, 3);
INSERT INTO `tz_area` VALUES (530114000000, '呈贡区', 530100000000, 3);
INSERT INTO `tz_area` VALUES (530115000000, '晋宁区', 530100000000, 3);
INSERT INTO `tz_area` VALUES (530124000000, '富民县', 530100000000, 3);
INSERT INTO `tz_area` VALUES (530125000000, '宜良县', 530100000000, 3);
INSERT INTO `tz_area` VALUES (530126000000, '石林彝族自治县', 530100000000, 3);
INSERT INTO `tz_area` VALUES (530127000000, '嵩明县', 530100000000, 3);
INSERT INTO `tz_area` VALUES (530128000000, '禄劝彝族苗族自治县', 530100000000, 3);
INSERT INTO `tz_area` VALUES (530129000000, '寻甸回族彝族自治县', 530100000000, 3);
INSERT INTO `tz_area` VALUES (530181000000, '安宁市', 530100000000, 3);
INSERT INTO `tz_area` VALUES (530300000000, '曲靖市', 530000000000, 2);
INSERT INTO `tz_area` VALUES (530301000000, '市辖区', 530300000000, 3);
INSERT INTO `tz_area` VALUES (530302000000, '麒麟区', 530300000000, 3);
INSERT INTO `tz_area` VALUES (530303000000, '沾益区', 530300000000, 3);
INSERT INTO `tz_area` VALUES (530304000000, '马龙区', 530300000000, 3);
INSERT INTO `tz_area` VALUES (530322000000, '陆良县', 530300000000, 3);
INSERT INTO `tz_area` VALUES (530323000000, '师宗县', 530300000000, 3);
INSERT INTO `tz_area` VALUES (530324000000, '罗平县', 530300000000, 3);
INSERT INTO `tz_area` VALUES (530325000000, '富源县', 530300000000, 3);
INSERT INTO `tz_area` VALUES (530326000000, '会泽县', 530300000000, 3);
INSERT INTO `tz_area` VALUES (530381000000, '宣威市', 530300000000, 3);
INSERT INTO `tz_area` VALUES (530400000000, '玉溪市', 530000000000, 2);
INSERT INTO `tz_area` VALUES (530401000000, '市辖区', 530400000000, 3);
INSERT INTO `tz_area` VALUES (530402000000, '红塔区', 530400000000, 3);
INSERT INTO `tz_area` VALUES (530403000000, '江川区', 530400000000, 3);
INSERT INTO `tz_area` VALUES (530422000000, '澄江县', 530400000000, 3);
INSERT INTO `tz_area` VALUES (530423000000, '通海县', 530400000000, 3);
INSERT INTO `tz_area` VALUES (530424000000, '华宁县', 530400000000, 3);
INSERT INTO `tz_area` VALUES (530425000000, '易门县', 530400000000, 3);
INSERT INTO `tz_area` VALUES (530426000000, '峨山彝族自治县', 530400000000, 3);
INSERT INTO `tz_area` VALUES (530427000000, '新平彝族傣族自治县', 530400000000, 3);
INSERT INTO `tz_area` VALUES (530428000000, '元江哈尼族彝族傣族自治县', 530400000000, 3);
INSERT INTO `tz_area` VALUES (530500000000, '保山市', 530000000000, 2);
INSERT INTO `tz_area` VALUES (530501000000, '市辖区', 530500000000, 3);
INSERT INTO `tz_area` VALUES (530502000000, '隆阳区', 530500000000, 3);
INSERT INTO `tz_area` VALUES (530521000000, '施甸县', 530500000000, 3);
INSERT INTO `tz_area` VALUES (530523000000, '龙陵县', 530500000000, 3);
INSERT INTO `tz_area` VALUES (530524000000, '昌宁县', 530500000000, 3);
INSERT INTO `tz_area` VALUES (530581000000, '腾冲市', 530500000000, 3);
INSERT INTO `tz_area` VALUES (530600000000, '昭通市', 530000000000, 2);
INSERT INTO `tz_area` VALUES (530601000000, '市辖区', 530600000000, 3);
INSERT INTO `tz_area` VALUES (530602000000, '昭阳区', 530600000000, 3);
INSERT INTO `tz_area` VALUES (530621000000, '鲁甸县', 530600000000, 3);
INSERT INTO `tz_area` VALUES (530622000000, '巧家县', 530600000000, 3);
INSERT INTO `tz_area` VALUES (530623000000, '盐津县', 530600000000, 3);
INSERT INTO `tz_area` VALUES (530624000000, '大关县', 530600000000, 3);
INSERT INTO `tz_area` VALUES (530625000000, '永善县', 530600000000, 3);
INSERT INTO `tz_area` VALUES (530626000000, '绥江县', 530600000000, 3);
INSERT INTO `tz_area` VALUES (530627000000, '镇雄县', 530600000000, 3);
INSERT INTO `tz_area` VALUES (530628000000, '彝良县', 530600000000, 3);
INSERT INTO `tz_area` VALUES (530629000000, '威信县', 530600000000, 3);
INSERT INTO `tz_area` VALUES (530681000000, '水富市', 530600000000, 3);
INSERT INTO `tz_area` VALUES (530700000000, '丽江市', 530000000000, 2);
INSERT INTO `tz_area` VALUES (530701000000, '市辖区', 530700000000, 3);
INSERT INTO `tz_area` VALUES (530702000000, '古城区', 530700000000, 3);
INSERT INTO `tz_area` VALUES (530721000000, '玉龙纳西族自治县', 530700000000, 3);
INSERT INTO `tz_area` VALUES (530722000000, '永胜县', 530700000000, 3);
INSERT INTO `tz_area` VALUES (530723000000, '华坪县', 530700000000, 3);
INSERT INTO `tz_area` VALUES (530724000000, '宁蒗彝族自治县', 530700000000, 3);
INSERT INTO `tz_area` VALUES (530800000000, '普洱市', 530000000000, 2);
INSERT INTO `tz_area` VALUES (530801000000, '市辖区', 530800000000, 3);
INSERT INTO `tz_area` VALUES (530802000000, '思茅区', 530800000000, 3);
INSERT INTO `tz_area` VALUES (530821000000, '宁洱哈尼族彝族自治县', 530800000000, 3);
INSERT INTO `tz_area` VALUES (530822000000, '墨江哈尼族自治县', 530800000000, 3);
INSERT INTO `tz_area` VALUES (530823000000, '景东彝族自治县', 530800000000, 3);
INSERT INTO `tz_area` VALUES (530824000000, '景谷傣族彝族自治县', 530800000000, 3);
INSERT INTO `tz_area` VALUES (530825000000, '镇沅彝族哈尼族拉祜族自治县', 530800000000, 3);
INSERT INTO `tz_area` VALUES (530826000000, '江城哈尼族彝族自治县', 530800000000, 3);
INSERT INTO `tz_area` VALUES (530827000000, '孟连傣族拉祜族佤族自治县', 530800000000, 3);
INSERT INTO `tz_area` VALUES (530828000000, '澜沧拉祜族自治县', 530800000000, 3);
INSERT INTO `tz_area` VALUES (530829000000, '西盟佤族自治县', 530800000000, 3);
INSERT INTO `tz_area` VALUES (530900000000, '临沧市', 530000000000, 2);
INSERT INTO `tz_area` VALUES (530901000000, '市辖区', 530900000000, 3);
INSERT INTO `tz_area` VALUES (530902000000, '临翔区', 530900000000, 3);
INSERT INTO `tz_area` VALUES (530921000000, '凤庆县', 530900000000, 3);
INSERT INTO `tz_area` VALUES (530922000000, '云县', 530900000000, 3);
INSERT INTO `tz_area` VALUES (530923000000, '永德县', 530900000000, 3);
INSERT INTO `tz_area` VALUES (530924000000, '镇康县', 530900000000, 3);
INSERT INTO `tz_area` VALUES (530925000000, '双江拉祜族佤族布朗族傣族自治县', 530900000000, 3);
INSERT INTO `tz_area` VALUES (530926000000, '耿马傣族佤族自治县', 530900000000, 3);
INSERT INTO `tz_area` VALUES (530927000000, '沧源佤族自治县', 530900000000, 3);
INSERT INTO `tz_area` VALUES (532300000000, '楚雄彝族自治州', 530000000000, 2);
INSERT INTO `tz_area` VALUES (532301000000, '楚雄市', 532300000000, 3);
INSERT INTO `tz_area` VALUES (532322000000, '双柏县', 532300000000, 3);
INSERT INTO `tz_area` VALUES (532323000000, '牟定县', 532300000000, 3);
INSERT INTO `tz_area` VALUES (532324000000, '南华县', 532300000000, 3);
INSERT INTO `tz_area` VALUES (532325000000, '姚安县', 532300000000, 3);
INSERT INTO `tz_area` VALUES (532326000000, '大姚县', 532300000000, 3);
INSERT INTO `tz_area` VALUES (532327000000, '永仁县', 532300000000, 3);
INSERT INTO `tz_area` VALUES (532328000000, '元谋县', 532300000000, 3);
INSERT INTO `tz_area` VALUES (532329000000, '武定县', 532300000000, 3);
INSERT INTO `tz_area` VALUES (532331000000, '禄丰县', 532300000000, 3);
INSERT INTO `tz_area` VALUES (532500000000, '红河哈尼族彝族自治州', 530000000000, 2);
INSERT INTO `tz_area` VALUES (532501000000, '个旧市', 532500000000, 3);
INSERT INTO `tz_area` VALUES (532502000000, '开远市', 532500000000, 3);
INSERT INTO `tz_area` VALUES (532503000000, '蒙自市', 532500000000, 3);
INSERT INTO `tz_area` VALUES (532504000000, '弥勒市', 532500000000, 3);
INSERT INTO `tz_area` VALUES (532523000000, '屏边苗族自治县', 532500000000, 3);
INSERT INTO `tz_area` VALUES (532524000000, '建水县', 532500000000, 3);
INSERT INTO `tz_area` VALUES (532525000000, '石屏县', 532500000000, 3);
INSERT INTO `tz_area` VALUES (532527000000, '泸西县', 532500000000, 3);
INSERT INTO `tz_area` VALUES (532528000000, '元阳县', 532500000000, 3);
INSERT INTO `tz_area` VALUES (532529000000, '红河县', 532500000000, 3);
INSERT INTO `tz_area` VALUES (532530000000, '金平苗族瑶族傣族自治县', 532500000000, 3);
INSERT INTO `tz_area` VALUES (532531000000, '绿春县', 532500000000, 3);
INSERT INTO `tz_area` VALUES (532532000000, '河口瑶族自治县', 532500000000, 3);
INSERT INTO `tz_area` VALUES (532600000000, '文山壮族苗族自治州', 530000000000, 2);
INSERT INTO `tz_area` VALUES (532601000000, '文山市', 532600000000, 3);
INSERT INTO `tz_area` VALUES (532622000000, '砚山县', 532600000000, 3);
INSERT INTO `tz_area` VALUES (532623000000, '西畴县', 532600000000, 3);
INSERT INTO `tz_area` VALUES (532624000000, '麻栗坡县', 532600000000, 3);
INSERT INTO `tz_area` VALUES (532625000000, '马关县', 532600000000, 3);
INSERT INTO `tz_area` VALUES (532626000000, '丘北县', 532600000000, 3);
INSERT INTO `tz_area` VALUES (532627000000, '广南县', 532600000000, 3);
INSERT INTO `tz_area` VALUES (532628000000, '富宁县', 532600000000, 3);
INSERT INTO `tz_area` VALUES (532800000000, '西双版纳傣族自治州', 530000000000, 2);
INSERT INTO `tz_area` VALUES (532801000000, '景洪市', 532800000000, 3);
INSERT INTO `tz_area` VALUES (532822000000, '勐海县', 532800000000, 3);
INSERT INTO `tz_area` VALUES (532823000000, '勐腊县', 532800000000, 3);
INSERT INTO `tz_area` VALUES (532900000000, '大理白族自治州', 530000000000, 2);
INSERT INTO `tz_area` VALUES (532901000000, '大理市', 532900000000, 3);
INSERT INTO `tz_area` VALUES (532922000000, '漾濞彝族自治县', 532900000000, 3);
INSERT INTO `tz_area` VALUES (532923000000, '祥云县', 532900000000, 3);
INSERT INTO `tz_area` VALUES (532924000000, '宾川县', 532900000000, 3);
INSERT INTO `tz_area` VALUES (532925000000, '弥渡县', 532900000000, 3);
INSERT INTO `tz_area` VALUES (532926000000, '南涧彝族自治县', 532900000000, 3);
INSERT INTO `tz_area` VALUES (532927000000, '巍山彝族回族自治县', 532900000000, 3);
INSERT INTO `tz_area` VALUES (532928000000, '永平县', 532900000000, 3);
INSERT INTO `tz_area` VALUES (532929000000, '云龙县', 532900000000, 3);
INSERT INTO `tz_area` VALUES (532930000000, '洱源县', 532900000000, 3);
INSERT INTO `tz_area` VALUES (532931000000, '剑川县', 532900000000, 3);
INSERT INTO `tz_area` VALUES (532932000000, '鹤庆县', 532900000000, 3);
INSERT INTO `tz_area` VALUES (533100000000, '德宏傣族景颇族自治州', 530000000000, 2);
INSERT INTO `tz_area` VALUES (533102000000, '瑞丽市', 533100000000, 3);
INSERT INTO `tz_area` VALUES (533103000000, '芒市', 533100000000, 3);
INSERT INTO `tz_area` VALUES (533122000000, '梁河县', 533100000000, 3);
INSERT INTO `tz_area` VALUES (533123000000, '盈江县', 533100000000, 3);
INSERT INTO `tz_area` VALUES (533124000000, '陇川县', 533100000000, 3);
INSERT INTO `tz_area` VALUES (533300000000, '怒江傈僳族自治州', 530000000000, 2);
INSERT INTO `tz_area` VALUES (533301000000, '泸水市', 533300000000, 3);
INSERT INTO `tz_area` VALUES (533323000000, '福贡县', 533300000000, 3);
INSERT INTO `tz_area` VALUES (533324000000, '贡山独龙族怒族自治县', 533300000000, 3);
INSERT INTO `tz_area` VALUES (533325000000, '兰坪白族普米族自治县', 533300000000, 3);
INSERT INTO `tz_area` VALUES (533400000000, '迪庆藏族自治州', 530000000000, 2);
INSERT INTO `tz_area` VALUES (533401000000, '香格里拉市', 533400000000, 3);
INSERT INTO `tz_area` VALUES (533422000000, '德钦县', 533400000000, 3);
INSERT INTO `tz_area` VALUES (533423000000, '维西傈僳族自治县', 533400000000, 3);
INSERT INTO `tz_area` VALUES (540000000000, '西藏自治区', 0, 1);
INSERT INTO `tz_area` VALUES (540100000000, '拉萨市', 540000000000, 2);
INSERT INTO `tz_area` VALUES (540101000000, '市辖区', 540100000000, 3);
INSERT INTO `tz_area` VALUES (540102000000, '城关区', 540100000000, 3);
INSERT INTO `tz_area` VALUES (540103000000, '堆龙德庆区', 540100000000, 3);
INSERT INTO `tz_area` VALUES (540104000000, '达孜区', 540100000000, 3);
INSERT INTO `tz_area` VALUES (540121000000, '林周县', 540100000000, 3);
INSERT INTO `tz_area` VALUES (540122000000, '当雄县', 540100000000, 3);
INSERT INTO `tz_area` VALUES (540123000000, '尼木县', 540100000000, 3);
INSERT INTO `tz_area` VALUES (540124000000, '曲水县', 540100000000, 3);
INSERT INTO `tz_area` VALUES (540127000000, '墨竹工卡县', 540100000000, 3);
INSERT INTO `tz_area` VALUES (540171000000, '格尔木藏青工业园区', 540100000000, 3);
INSERT INTO `tz_area` VALUES (540172000000, '拉萨经济技术开发区', 540100000000, 3);
INSERT INTO `tz_area` VALUES (540173000000, '西藏文化旅游创意园区', 540100000000, 3);
INSERT INTO `tz_area` VALUES (540174000000, '达孜工业园区', 540100000000, 3);
INSERT INTO `tz_area` VALUES (540200000000, '日喀则市', 540000000000, 2);
INSERT INTO `tz_area` VALUES (540202000000, '桑珠孜区', 540200000000, 3);
INSERT INTO `tz_area` VALUES (540221000000, '南木林县', 540200000000, 3);
INSERT INTO `tz_area` VALUES (540222000000, '江孜县', 540200000000, 3);
INSERT INTO `tz_area` VALUES (540223000000, '定日县', 540200000000, 3);
INSERT INTO `tz_area` VALUES (540224000000, '萨迦县', 540200000000, 3);
INSERT INTO `tz_area` VALUES (540225000000, '拉孜县', 540200000000, 3);
INSERT INTO `tz_area` VALUES (540226000000, '昂仁县', 540200000000, 3);
INSERT INTO `tz_area` VALUES (540227000000, '谢通门县', 540200000000, 3);
INSERT INTO `tz_area` VALUES (540228000000, '白朗县', 540200000000, 3);
INSERT INTO `tz_area` VALUES (540229000000, '仁布县', 540200000000, 3);
INSERT INTO `tz_area` VALUES (540230000000, '康马县', 540200000000, 3);
INSERT INTO `tz_area` VALUES (540231000000, '定结县', 540200000000, 3);
INSERT INTO `tz_area` VALUES (540232000000, '仲巴县', 540200000000, 3);
INSERT INTO `tz_area` VALUES (540233000000, '亚东县', 540200000000, 3);
INSERT INTO `tz_area` VALUES (540234000000, '吉隆县', 540200000000, 3);
INSERT INTO `tz_area` VALUES (540235000000, '聂拉木县', 540200000000, 3);
INSERT INTO `tz_area` VALUES (540236000000, '萨嘎县', 540200000000, 3);
INSERT INTO `tz_area` VALUES (540237000000, '岗巴县', 540200000000, 3);
INSERT INTO `tz_area` VALUES (540300000000, '昌都市', 540000000000, 2);
INSERT INTO `tz_area` VALUES (540302000000, '卡若区', 540300000000, 3);
INSERT INTO `tz_area` VALUES (540321000000, '江达县', 540300000000, 3);
INSERT INTO `tz_area` VALUES (540322000000, '贡觉县', 540300000000, 3);
INSERT INTO `tz_area` VALUES (540323000000, '类乌齐县', 540300000000, 3);
INSERT INTO `tz_area` VALUES (540324000000, '丁青县', 540300000000, 3);
INSERT INTO `tz_area` VALUES (540325000000, '察雅县', 540300000000, 3);
INSERT INTO `tz_area` VALUES (540326000000, '八宿县', 540300000000, 3);
INSERT INTO `tz_area` VALUES (540327000000, '左贡县', 540300000000, 3);
INSERT INTO `tz_area` VALUES (540328000000, '芒康县', 540300000000, 3);
INSERT INTO `tz_area` VALUES (540329000000, '洛隆县', 540300000000, 3);
INSERT INTO `tz_area` VALUES (540330000000, '边坝县', 540300000000, 3);
INSERT INTO `tz_area` VALUES (540400000000, '林芝市', 540000000000, 2);
INSERT INTO `tz_area` VALUES (540402000000, '巴宜区', 540400000000, 3);
INSERT INTO `tz_area` VALUES (540421000000, '工布江达县', 540400000000, 3);
INSERT INTO `tz_area` VALUES (540422000000, '米林县', 540400000000, 3);
INSERT INTO `tz_area` VALUES (540423000000, '墨脱县', 540400000000, 3);
INSERT INTO `tz_area` VALUES (540424000000, '波密县', 540400000000, 3);
INSERT INTO `tz_area` VALUES (540425000000, '察隅县', 540400000000, 3);
INSERT INTO `tz_area` VALUES (540426000000, '朗县', 540400000000, 3);
INSERT INTO `tz_area` VALUES (540500000000, '山南市', 540000000000, 2);
INSERT INTO `tz_area` VALUES (540501000000, '市辖区', 540500000000, 3);
INSERT INTO `tz_area` VALUES (540502000000, '乃东区', 540500000000, 3);
INSERT INTO `tz_area` VALUES (540521000000, '扎囊县', 540500000000, 3);
INSERT INTO `tz_area` VALUES (540522000000, '贡嘎县', 540500000000, 3);
INSERT INTO `tz_area` VALUES (540523000000, '桑日县', 540500000000, 3);
INSERT INTO `tz_area` VALUES (540524000000, '琼结县', 540500000000, 3);
INSERT INTO `tz_area` VALUES (540525000000, '曲松县', 540500000000, 3);
INSERT INTO `tz_area` VALUES (540526000000, '措美县', 540500000000, 3);
INSERT INTO `tz_area` VALUES (540527000000, '洛扎县', 540500000000, 3);
INSERT INTO `tz_area` VALUES (540528000000, '加查县', 540500000000, 3);
INSERT INTO `tz_area` VALUES (540529000000, '隆子县', 540500000000, 3);
INSERT INTO `tz_area` VALUES (540530000000, '错那县', 540500000000, 3);
INSERT INTO `tz_area` VALUES (540531000000, '浪卡子县', 540500000000, 3);
INSERT INTO `tz_area` VALUES (540600000000, '那曲市', 540000000000, 2);
INSERT INTO `tz_area` VALUES (540602000000, '色尼区', 540600000000, 3);
INSERT INTO `tz_area` VALUES (540621000000, '嘉黎县', 540600000000, 3);
INSERT INTO `tz_area` VALUES (540622000000, '比如县', 540600000000, 3);
INSERT INTO `tz_area` VALUES (540623000000, '聂荣县', 540600000000, 3);
INSERT INTO `tz_area` VALUES (540624000000, '安多县', 540600000000, 3);
INSERT INTO `tz_area` VALUES (540625000000, '申扎县', 540600000000, 3);
INSERT INTO `tz_area` VALUES (540626000000, '索县', 540600000000, 3);
INSERT INTO `tz_area` VALUES (540627000000, '班戈县', 540600000000, 3);
INSERT INTO `tz_area` VALUES (540628000000, '巴青县', 540600000000, 3);
INSERT INTO `tz_area` VALUES (540629000000, '尼玛县', 540600000000, 3);
INSERT INTO `tz_area` VALUES (540630000000, '双湖县', 540600000000, 3);
INSERT INTO `tz_area` VALUES (542500000000, '阿里地区', 540000000000, 2);
INSERT INTO `tz_area` VALUES (542521000000, '普兰县', 542500000000, 3);
INSERT INTO `tz_area` VALUES (542522000000, '札达县', 542500000000, 3);
INSERT INTO `tz_area` VALUES (542523000000, '噶尔县', 542500000000, 3);
INSERT INTO `tz_area` VALUES (542524000000, '日土县', 542500000000, 3);
INSERT INTO `tz_area` VALUES (542525000000, '革吉县', 542500000000, 3);
INSERT INTO `tz_area` VALUES (542526000000, '改则县', 542500000000, 3);
INSERT INTO `tz_area` VALUES (542527000000, '措勤县', 542500000000, 3);
INSERT INTO `tz_area` VALUES (610000000000, '陕西省', 0, 1);
INSERT INTO `tz_area` VALUES (610100000000, '西安市', 610000000000, 2);
INSERT INTO `tz_area` VALUES (610101000000, '市辖区', 610100000000, 3);
INSERT INTO `tz_area` VALUES (610102000000, '新城区', 610100000000, 3);
INSERT INTO `tz_area` VALUES (610103000000, '碑林区', 610100000000, 3);
INSERT INTO `tz_area` VALUES (610104000000, '莲湖区', 610100000000, 3);
INSERT INTO `tz_area` VALUES (610111000000, '灞桥区', 610100000000, 3);
INSERT INTO `tz_area` VALUES (610112000000, '未央区', 610100000000, 3);
INSERT INTO `tz_area` VALUES (610113000000, '雁塔区', 610100000000, 3);
INSERT INTO `tz_area` VALUES (610114000000, '阎良区', 610100000000, 3);
INSERT INTO `tz_area` VALUES (610115000000, '临潼区', 610100000000, 3);
INSERT INTO `tz_area` VALUES (610116000000, '长安区', 610100000000, 3);
INSERT INTO `tz_area` VALUES (610117000000, '高陵区', 610100000000, 3);
INSERT INTO `tz_area` VALUES (610118000000, '鄠邑区', 610100000000, 3);
INSERT INTO `tz_area` VALUES (610122000000, '蓝田县', 610100000000, 3);
INSERT INTO `tz_area` VALUES (610124000000, '周至县', 610100000000, 3);
INSERT INTO `tz_area` VALUES (610200000000, '铜川市', 610000000000, 2);
INSERT INTO `tz_area` VALUES (610201000000, '市辖区', 610200000000, 3);
INSERT INTO `tz_area` VALUES (610202000000, '王益区', 610200000000, 3);
INSERT INTO `tz_area` VALUES (610203000000, '印台区', 610200000000, 3);
INSERT INTO `tz_area` VALUES (610204000000, '耀州区', 610200000000, 3);
INSERT INTO `tz_area` VALUES (610222000000, '宜君县', 610200000000, 3);
INSERT INTO `tz_area` VALUES (610300000000, '宝鸡市', 610000000000, 2);
INSERT INTO `tz_area` VALUES (610301000000, '市辖区', 610300000000, 3);
INSERT INTO `tz_area` VALUES (610302000000, '渭滨区', 610300000000, 3);
INSERT INTO `tz_area` VALUES (610303000000, '金台区', 610300000000, 3);
INSERT INTO `tz_area` VALUES (610304000000, '陈仓区', 610300000000, 3);
INSERT INTO `tz_area` VALUES (610322000000, '凤翔县', 610300000000, 3);
INSERT INTO `tz_area` VALUES (610323000000, '岐山县', 610300000000, 3);
INSERT INTO `tz_area` VALUES (610324000000, '扶风县', 610300000000, 3);
INSERT INTO `tz_area` VALUES (610326000000, '眉县', 610300000000, 3);
INSERT INTO `tz_area` VALUES (610327000000, '陇县', 610300000000, 3);
INSERT INTO `tz_area` VALUES (610328000000, '千阳县', 610300000000, 3);
INSERT INTO `tz_area` VALUES (610329000000, '麟游县', 610300000000, 3);
INSERT INTO `tz_area` VALUES (610330000000, '凤县', 610300000000, 3);
INSERT INTO `tz_area` VALUES (610331000000, '太白县', 610300000000, 3);
INSERT INTO `tz_area` VALUES (610400000000, '咸阳市', 610000000000, 2);
INSERT INTO `tz_area` VALUES (610401000000, '市辖区', 610400000000, 3);
INSERT INTO `tz_area` VALUES (610402000000, '秦都区', 610400000000, 3);
INSERT INTO `tz_area` VALUES (610403000000, '杨陵区', 610400000000, 3);
INSERT INTO `tz_area` VALUES (610404000000, '渭城区', 610400000000, 3);
INSERT INTO `tz_area` VALUES (610422000000, '三原县', 610400000000, 3);
INSERT INTO `tz_area` VALUES (610423000000, '泾阳县', 610400000000, 3);
INSERT INTO `tz_area` VALUES (610424000000, '乾县', 610400000000, 3);
INSERT INTO `tz_area` VALUES (610425000000, '礼泉县', 610400000000, 3);
INSERT INTO `tz_area` VALUES (610426000000, '永寿县', 610400000000, 3);
INSERT INTO `tz_area` VALUES (610428000000, '长武县', 610400000000, 3);
INSERT INTO `tz_area` VALUES (610429000000, '旬邑县', 610400000000, 3);
INSERT INTO `tz_area` VALUES (610430000000, '淳化县', 610400000000, 3);
INSERT INTO `tz_area` VALUES (610431000000, '武功县', 610400000000, 3);
INSERT INTO `tz_area` VALUES (610481000000, '兴平市', 610400000000, 3);
INSERT INTO `tz_area` VALUES (610482000000, '彬州市', 610400000000, 3);
INSERT INTO `tz_area` VALUES (610500000000, '渭南市', 610000000000, 2);
INSERT INTO `tz_area` VALUES (610501000000, '市辖区', 610500000000, 3);
INSERT INTO `tz_area` VALUES (610502000000, '临渭区', 610500000000, 3);
INSERT INTO `tz_area` VALUES (610503000000, '华州区', 610500000000, 3);
INSERT INTO `tz_area` VALUES (610522000000, '潼关县', 610500000000, 3);
INSERT INTO `tz_area` VALUES (610523000000, '大荔县', 610500000000, 3);
INSERT INTO `tz_area` VALUES (610524000000, '合阳县', 610500000000, 3);
INSERT INTO `tz_area` VALUES (610525000000, '澄城县', 610500000000, 3);
INSERT INTO `tz_area` VALUES (610526000000, '蒲城县', 610500000000, 3);
INSERT INTO `tz_area` VALUES (610527000000, '白水县', 610500000000, 3);
INSERT INTO `tz_area` VALUES (610528000000, '富平县', 610500000000, 3);
INSERT INTO `tz_area` VALUES (610581000000, '韩城市', 610500000000, 3);
INSERT INTO `tz_area` VALUES (610582000000, '华阴市', 610500000000, 3);
INSERT INTO `tz_area` VALUES (610600000000, '延安市', 610000000000, 2);
INSERT INTO `tz_area` VALUES (610601000000, '市辖区', 610600000000, 3);
INSERT INTO `tz_area` VALUES (610602000000, '宝塔区', 610600000000, 3);
INSERT INTO `tz_area` VALUES (610603000000, '安塞区', 610600000000, 3);
INSERT INTO `tz_area` VALUES (610621000000, '延长县', 610600000000, 3);
INSERT INTO `tz_area` VALUES (610622000000, '延川县', 610600000000, 3);
INSERT INTO `tz_area` VALUES (610623000000, '子长县', 610600000000, 3);
INSERT INTO `tz_area` VALUES (610625000000, '志丹县', 610600000000, 3);
INSERT INTO `tz_area` VALUES (610626000000, '吴起县', 610600000000, 3);
INSERT INTO `tz_area` VALUES (610627000000, '甘泉县', 610600000000, 3);
INSERT INTO `tz_area` VALUES (610628000000, '富县', 610600000000, 3);
INSERT INTO `tz_area` VALUES (610629000000, '洛川县', 610600000000, 3);
INSERT INTO `tz_area` VALUES (610630000000, '宜川县', 610600000000, 3);
INSERT INTO `tz_area` VALUES (610631000000, '黄龙县', 610600000000, 3);
INSERT INTO `tz_area` VALUES (610632000000, '黄陵县', 610600000000, 3);
INSERT INTO `tz_area` VALUES (610700000000, '汉中市', 610000000000, 2);
INSERT INTO `tz_area` VALUES (610701000000, '市辖区', 610700000000, 3);
INSERT INTO `tz_area` VALUES (610702000000, '汉台区', 610700000000, 3);
INSERT INTO `tz_area` VALUES (610703000000, '南郑区', 610700000000, 3);
INSERT INTO `tz_area` VALUES (610722000000, '城固县', 610700000000, 3);
INSERT INTO `tz_area` VALUES (610723000000, '洋县', 610700000000, 3);
INSERT INTO `tz_area` VALUES (610724000000, '西乡县', 610700000000, 3);
INSERT INTO `tz_area` VALUES (610725000000, '勉县', 610700000000, 3);
INSERT INTO `tz_area` VALUES (610726000000, '宁强县', 610700000000, 3);
INSERT INTO `tz_area` VALUES (610727000000, '略阳县', 610700000000, 3);
INSERT INTO `tz_area` VALUES (610728000000, '镇巴县', 610700000000, 3);
INSERT INTO `tz_area` VALUES (610729000000, '留坝县', 610700000000, 3);
INSERT INTO `tz_area` VALUES (610730000000, '佛坪县', 610700000000, 3);
INSERT INTO `tz_area` VALUES (610800000000, '榆林市', 610000000000, 2);
INSERT INTO `tz_area` VALUES (610801000000, '市辖区', 610800000000, 3);
INSERT INTO `tz_area` VALUES (610802000000, '榆阳区', 610800000000, 3);
INSERT INTO `tz_area` VALUES (610803000000, '横山区', 610800000000, 3);
INSERT INTO `tz_area` VALUES (610822000000, '府谷县', 610800000000, 3);
INSERT INTO `tz_area` VALUES (610824000000, '靖边县', 610800000000, 3);
INSERT INTO `tz_area` VALUES (610825000000, '定边县', 610800000000, 3);
INSERT INTO `tz_area` VALUES (610826000000, '绥德县', 610800000000, 3);
INSERT INTO `tz_area` VALUES (610827000000, '米脂县', 610800000000, 3);
INSERT INTO `tz_area` VALUES (610828000000, '佳县', 610800000000, 3);
INSERT INTO `tz_area` VALUES (610829000000, '吴堡县', 610800000000, 3);
INSERT INTO `tz_area` VALUES (610830000000, '清涧县', 610800000000, 3);
INSERT INTO `tz_area` VALUES (610831000000, '子洲县', 610800000000, 3);
INSERT INTO `tz_area` VALUES (610881000000, '神木市', 610800000000, 3);
INSERT INTO `tz_area` VALUES (610900000000, '安康市', 610000000000, 2);
INSERT INTO `tz_area` VALUES (610901000000, '市辖区', 610900000000, 3);
INSERT INTO `tz_area` VALUES (610902000000, '汉滨区', 610900000000, 3);
INSERT INTO `tz_area` VALUES (610921000000, '汉阴县', 610900000000, 3);
INSERT INTO `tz_area` VALUES (610922000000, '石泉县', 610900000000, 3);
INSERT INTO `tz_area` VALUES (610923000000, '宁陕县', 610900000000, 3);
INSERT INTO `tz_area` VALUES (610924000000, '紫阳县', 610900000000, 3);
INSERT INTO `tz_area` VALUES (610925000000, '岚皋县', 610900000000, 3);
INSERT INTO `tz_area` VALUES (610926000000, '平利县', 610900000000, 3);
INSERT INTO `tz_area` VALUES (610927000000, '镇坪县', 610900000000, 3);
INSERT INTO `tz_area` VALUES (610928000000, '旬阳县', 610900000000, 3);
INSERT INTO `tz_area` VALUES (610929000000, '白河县', 610900000000, 3);
INSERT INTO `tz_area` VALUES (611000000000, '商洛市', 610000000000, 2);
INSERT INTO `tz_area` VALUES (611001000000, '市辖区', 611000000000, 3);
INSERT INTO `tz_area` VALUES (611002000000, '商州区', 611000000000, 3);
INSERT INTO `tz_area` VALUES (611021000000, '洛南县', 611000000000, 3);
INSERT INTO `tz_area` VALUES (611022000000, '丹凤县', 611000000000, 3);
INSERT INTO `tz_area` VALUES (611023000000, '商南县', 611000000000, 3);
INSERT INTO `tz_area` VALUES (611024000000, '山阳县', 611000000000, 3);
INSERT INTO `tz_area` VALUES (611025000000, '镇安县', 611000000000, 3);
INSERT INTO `tz_area` VALUES (611026000000, '柞水县', 611000000000, 3);
INSERT INTO `tz_area` VALUES (620000000000, '甘肃省', 0, 1);
INSERT INTO `tz_area` VALUES (620100000000, '兰州市', 620000000000, 2);
INSERT INTO `tz_area` VALUES (620101000000, '市辖区', 620100000000, 3);
INSERT INTO `tz_area` VALUES (620102000000, '城关区', 620100000000, 3);
INSERT INTO `tz_area` VALUES (620103000000, '七里河区', 620100000000, 3);
INSERT INTO `tz_area` VALUES (620104000000, '西固区', 620100000000, 3);
INSERT INTO `tz_area` VALUES (620105000000, '安宁区', 620100000000, 3);
INSERT INTO `tz_area` VALUES (620111000000, '红古区', 620100000000, 3);
INSERT INTO `tz_area` VALUES (620121000000, '永登县', 620100000000, 3);
INSERT INTO `tz_area` VALUES (620122000000, '皋兰县', 620100000000, 3);
INSERT INTO `tz_area` VALUES (620123000000, '榆中县', 620100000000, 3);
INSERT INTO `tz_area` VALUES (620171000000, '兰州新区', 620100000000, 3);
INSERT INTO `tz_area` VALUES (620200000000, '嘉峪关市', 620000000000, 2);
INSERT INTO `tz_area` VALUES (620201000000, '市辖区', 620200000000, 3);
INSERT INTO `tz_area` VALUES (620300000000, '金昌市', 620000000000, 2);
INSERT INTO `tz_area` VALUES (620301000000, '市辖区', 620300000000, 3);
INSERT INTO `tz_area` VALUES (620302000000, '金川区', 620300000000, 3);
INSERT INTO `tz_area` VALUES (620321000000, '永昌县', 620300000000, 3);
INSERT INTO `tz_area` VALUES (620400000000, '白银市', 620000000000, 2);
INSERT INTO `tz_area` VALUES (620401000000, '市辖区', 620400000000, 3);
INSERT INTO `tz_area` VALUES (620402000000, '白银区', 620400000000, 3);
INSERT INTO `tz_area` VALUES (620403000000, '平川区', 620400000000, 3);
INSERT INTO `tz_area` VALUES (620421000000, '靖远县', 620400000000, 3);
INSERT INTO `tz_area` VALUES (620422000000, '会宁县', 620400000000, 3);
INSERT INTO `tz_area` VALUES (620423000000, '景泰县', 620400000000, 3);
INSERT INTO `tz_area` VALUES (620500000000, '天水市', 620000000000, 2);
INSERT INTO `tz_area` VALUES (620501000000, '市辖区', 620500000000, 3);
INSERT INTO `tz_area` VALUES (620502000000, '秦州区', 620500000000, 3);
INSERT INTO `tz_area` VALUES (620503000000, '麦积区', 620500000000, 3);
INSERT INTO `tz_area` VALUES (620521000000, '清水县', 620500000000, 3);
INSERT INTO `tz_area` VALUES (620522000000, '秦安县', 620500000000, 3);
INSERT INTO `tz_area` VALUES (620523000000, '甘谷县', 620500000000, 3);
INSERT INTO `tz_area` VALUES (620524000000, '武山县', 620500000000, 3);
INSERT INTO `tz_area` VALUES (620525000000, '张家川回族自治县', 620500000000, 3);
INSERT INTO `tz_area` VALUES (620600000000, '武威市', 620000000000, 2);
INSERT INTO `tz_area` VALUES (620601000000, '市辖区', 620600000000, 3);
INSERT INTO `tz_area` VALUES (620602000000, '凉州区', 620600000000, 3);
INSERT INTO `tz_area` VALUES (620621000000, '民勤县', 620600000000, 3);
INSERT INTO `tz_area` VALUES (620622000000, '古浪县', 620600000000, 3);
INSERT INTO `tz_area` VALUES (620623000000, '天祝藏族自治县', 620600000000, 3);
INSERT INTO `tz_area` VALUES (620700000000, '张掖市', 620000000000, 2);
INSERT INTO `tz_area` VALUES (620701000000, '市辖区', 620700000000, 3);
INSERT INTO `tz_area` VALUES (620702000000, '甘州区', 620700000000, 3);
INSERT INTO `tz_area` VALUES (620721000000, '肃南裕固族自治县', 620700000000, 3);
INSERT INTO `tz_area` VALUES (620722000000, '民乐县', 620700000000, 3);
INSERT INTO `tz_area` VALUES (620723000000, '临泽县', 620700000000, 3);
INSERT INTO `tz_area` VALUES (620724000000, '高台县', 620700000000, 3);
INSERT INTO `tz_area` VALUES (620725000000, '山丹县', 620700000000, 3);
INSERT INTO `tz_area` VALUES (620800000000, '平凉市', 620000000000, 2);
INSERT INTO `tz_area` VALUES (620801000000, '市辖区', 620800000000, 3);
INSERT INTO `tz_area` VALUES (620802000000, '崆峒区', 620800000000, 3);
INSERT INTO `tz_area` VALUES (620821000000, '泾川县', 620800000000, 3);
INSERT INTO `tz_area` VALUES (620822000000, '灵台县', 620800000000, 3);
INSERT INTO `tz_area` VALUES (620823000000, '崇信县', 620800000000, 3);
INSERT INTO `tz_area` VALUES (620825000000, '庄浪县', 620800000000, 3);
INSERT INTO `tz_area` VALUES (620826000000, '静宁县', 620800000000, 3);
INSERT INTO `tz_area` VALUES (620881000000, '华亭市', 620800000000, 3);
INSERT INTO `tz_area` VALUES (620900000000, '酒泉市', 620000000000, 2);
INSERT INTO `tz_area` VALUES (620901000000, '市辖区', 620900000000, 3);
INSERT INTO `tz_area` VALUES (620902000000, '肃州区', 620900000000, 3);
INSERT INTO `tz_area` VALUES (620921000000, '金塔县', 620900000000, 3);
INSERT INTO `tz_area` VALUES (620922000000, '瓜州县', 620900000000, 3);
INSERT INTO `tz_area` VALUES (620923000000, '肃北蒙古族自治县', 620900000000, 3);
INSERT INTO `tz_area` VALUES (620924000000, '阿克塞哈萨克族自治县', 620900000000, 3);
INSERT INTO `tz_area` VALUES (620981000000, '玉门市', 620900000000, 3);
INSERT INTO `tz_area` VALUES (620982000000, '敦煌市', 620900000000, 3);
INSERT INTO `tz_area` VALUES (621000000000, '庆阳市', 620000000000, 2);
INSERT INTO `tz_area` VALUES (621001000000, '市辖区', 621000000000, 3);
INSERT INTO `tz_area` VALUES (621002000000, '西峰区', 621000000000, 3);
INSERT INTO `tz_area` VALUES (621021000000, '庆城县', 621000000000, 3);
INSERT INTO `tz_area` VALUES (621022000000, '环县', 621000000000, 3);
INSERT INTO `tz_area` VALUES (621023000000, '华池县', 621000000000, 3);
INSERT INTO `tz_area` VALUES (621024000000, '合水县', 621000000000, 3);
INSERT INTO `tz_area` VALUES (621025000000, '正宁县', 621000000000, 3);
INSERT INTO `tz_area` VALUES (621026000000, '宁县', 621000000000, 3);
INSERT INTO `tz_area` VALUES (621027000000, '镇原县', 621000000000, 3);
INSERT INTO `tz_area` VALUES (621100000000, '定西市', 620000000000, 2);
INSERT INTO `tz_area` VALUES (621101000000, '市辖区', 621100000000, 3);
INSERT INTO `tz_area` VALUES (621102000000, '安定区', 621100000000, 3);
INSERT INTO `tz_area` VALUES (621121000000, '通渭县', 621100000000, 3);
INSERT INTO `tz_area` VALUES (621122000000, '陇西县', 621100000000, 3);
INSERT INTO `tz_area` VALUES (621123000000, '渭源县', 621100000000, 3);
INSERT INTO `tz_area` VALUES (621124000000, '临洮县', 621100000000, 3);
INSERT INTO `tz_area` VALUES (621125000000, '漳县', 621100000000, 3);
INSERT INTO `tz_area` VALUES (621126000000, '岷县', 621100000000, 3);
INSERT INTO `tz_area` VALUES (621200000000, '陇南市', 620000000000, 2);
INSERT INTO `tz_area` VALUES (621201000000, '市辖区', 621200000000, 3);
INSERT INTO `tz_area` VALUES (621202000000, '武都区', 621200000000, 3);
INSERT INTO `tz_area` VALUES (621221000000, '成县', 621200000000, 3);
INSERT INTO `tz_area` VALUES (621222000000, '文县', 621200000000, 3);
INSERT INTO `tz_area` VALUES (621223000000, '宕昌县', 621200000000, 3);
INSERT INTO `tz_area` VALUES (621224000000, '康县', 621200000000, 3);
INSERT INTO `tz_area` VALUES (621225000000, '西和县', 621200000000, 3);
INSERT INTO `tz_area` VALUES (621226000000, '礼县', 621200000000, 3);
INSERT INTO `tz_area` VALUES (621227000000, '徽县', 621200000000, 3);
INSERT INTO `tz_area` VALUES (621228000000, '两当县', 621200000000, 3);
INSERT INTO `tz_area` VALUES (622900000000, '临夏回族自治州', 620000000000, 2);
INSERT INTO `tz_area` VALUES (622901000000, '临夏市', 622900000000, 3);
INSERT INTO `tz_area` VALUES (622921000000, '临夏县', 622900000000, 3);
INSERT INTO `tz_area` VALUES (622922000000, '康乐县', 622900000000, 3);
INSERT INTO `tz_area` VALUES (622923000000, '永靖县', 622900000000, 3);
INSERT INTO `tz_area` VALUES (622924000000, '广河县', 622900000000, 3);
INSERT INTO `tz_area` VALUES (622925000000, '和政县', 622900000000, 3);
INSERT INTO `tz_area` VALUES (622926000000, '东乡族自治县', 622900000000, 3);
INSERT INTO `tz_area` VALUES (622927000000, '积石山保安族东乡族撒拉族自治县', 622900000000, 3);
INSERT INTO `tz_area` VALUES (623000000000, '甘南藏族自治州', 620000000000, 2);
INSERT INTO `tz_area` VALUES (623001000000, '合作市', 623000000000, 3);
INSERT INTO `tz_area` VALUES (623021000000, '临潭县', 623000000000, 3);
INSERT INTO `tz_area` VALUES (623022000000, '卓尼县', 623000000000, 3);
INSERT INTO `tz_area` VALUES (623023000000, '舟曲县', 623000000000, 3);
INSERT INTO `tz_area` VALUES (623024000000, '迭部县', 623000000000, 3);
INSERT INTO `tz_area` VALUES (623025000000, '玛曲县', 623000000000, 3);
INSERT INTO `tz_area` VALUES (623026000000, '碌曲县', 623000000000, 3);
INSERT INTO `tz_area` VALUES (623027000000, '夏河县', 623000000000, 3);
INSERT INTO `tz_area` VALUES (630000000000, '青海省', 0, 1);
INSERT INTO `tz_area` VALUES (630100000000, '西宁市', 630000000000, 2);
INSERT INTO `tz_area` VALUES (630101000000, '市辖区', 630100000000, 3);
INSERT INTO `tz_area` VALUES (630102000000, '城东区', 630100000000, 3);
INSERT INTO `tz_area` VALUES (630103000000, '城中区', 630100000000, 3);
INSERT INTO `tz_area` VALUES (630104000000, '城西区', 630100000000, 3);
INSERT INTO `tz_area` VALUES (630105000000, '城北区', 630100000000, 3);
INSERT INTO `tz_area` VALUES (630121000000, '大通回族土族自治县', 630100000000, 3);
INSERT INTO `tz_area` VALUES (630122000000, '湟中县', 630100000000, 3);
INSERT INTO `tz_area` VALUES (630123000000, '湟源县', 630100000000, 3);
INSERT INTO `tz_area` VALUES (630200000000, '海东市', 630000000000, 2);
INSERT INTO `tz_area` VALUES (630202000000, '乐都区', 630200000000, 3);
INSERT INTO `tz_area` VALUES (630203000000, '平安区', 630200000000, 3);
INSERT INTO `tz_area` VALUES (630222000000, '民和回族土族自治县', 630200000000, 3);
INSERT INTO `tz_area` VALUES (630223000000, '互助土族自治县', 630200000000, 3);
INSERT INTO `tz_area` VALUES (630224000000, '化隆回族自治县', 630200000000, 3);
INSERT INTO `tz_area` VALUES (630225000000, '循化撒拉族自治县', 630200000000, 3);
INSERT INTO `tz_area` VALUES (632200000000, '海北藏族自治州', 630000000000, 2);
INSERT INTO `tz_area` VALUES (632221000000, '门源回族自治县', 632200000000, 3);
INSERT INTO `tz_area` VALUES (632222000000, '祁连县', 632200000000, 3);
INSERT INTO `tz_area` VALUES (632223000000, '海晏县', 632200000000, 3);
INSERT INTO `tz_area` VALUES (632224000000, '刚察县', 632200000000, 3);
INSERT INTO `tz_area` VALUES (632300000000, '黄南藏族自治州', 630000000000, 2);
INSERT INTO `tz_area` VALUES (632321000000, '同仁县', 632300000000, 3);
INSERT INTO `tz_area` VALUES (632322000000, '尖扎县', 632300000000, 3);
INSERT INTO `tz_area` VALUES (632323000000, '泽库县', 632300000000, 3);
INSERT INTO `tz_area` VALUES (632324000000, '河南蒙古族自治县', 632300000000, 3);
INSERT INTO `tz_area` VALUES (632500000000, '海南藏族自治州', 630000000000, 2);
INSERT INTO `tz_area` VALUES (632521000000, '共和县', 632500000000, 3);
INSERT INTO `tz_area` VALUES (632522000000, '同德县', 632500000000, 3);
INSERT INTO `tz_area` VALUES (632523000000, '贵德县', 632500000000, 3);
INSERT INTO `tz_area` VALUES (632524000000, '兴海县', 632500000000, 3);
INSERT INTO `tz_area` VALUES (632525000000, '贵南县', 632500000000, 3);
INSERT INTO `tz_area` VALUES (632600000000, '果洛藏族自治州', 630000000000, 2);
INSERT INTO `tz_area` VALUES (632621000000, '玛沁县', 632600000000, 3);
INSERT INTO `tz_area` VALUES (632622000000, '班玛县', 632600000000, 3);
INSERT INTO `tz_area` VALUES (632623000000, '甘德县', 632600000000, 3);
INSERT INTO `tz_area` VALUES (632624000000, '达日县', 632600000000, 3);
INSERT INTO `tz_area` VALUES (632625000000, '久治县', 632600000000, 3);
INSERT INTO `tz_area` VALUES (632626000000, '玛多县', 632600000000, 3);
INSERT INTO `tz_area` VALUES (632700000000, '玉树藏族自治州', 630000000000, 2);
INSERT INTO `tz_area` VALUES (632701000000, '玉树市', 632700000000, 3);
INSERT INTO `tz_area` VALUES (632722000000, '杂多县', 632700000000, 3);
INSERT INTO `tz_area` VALUES (632723000000, '称多县', 632700000000, 3);
INSERT INTO `tz_area` VALUES (632724000000, '治多县', 632700000000, 3);
INSERT INTO `tz_area` VALUES (632725000000, '囊谦县', 632700000000, 3);
INSERT INTO `tz_area` VALUES (632726000000, '曲麻莱县', 632700000000, 3);
INSERT INTO `tz_area` VALUES (632800000000, '海西蒙古族藏族自治州', 630000000000, 2);
INSERT INTO `tz_area` VALUES (632801000000, '格尔木市', 632800000000, 3);
INSERT INTO `tz_area` VALUES (632802000000, '德令哈市', 632800000000, 3);
INSERT INTO `tz_area` VALUES (632803000000, '茫崖市', 632800000000, 3);
INSERT INTO `tz_area` VALUES (632821000000, '乌兰县', 632800000000, 3);
INSERT INTO `tz_area` VALUES (632822000000, '都兰县', 632800000000, 3);
INSERT INTO `tz_area` VALUES (632823000000, '天峻县', 632800000000, 3);
INSERT INTO `tz_area` VALUES (632857000000, '大柴旦行政委员会', 632800000000, 3);
INSERT INTO `tz_area` VALUES (640000000000, '宁夏回族自治区', 0, 1);
INSERT INTO `tz_area` VALUES (640100000000, '银川市', 640000000000, 2);
INSERT INTO `tz_area` VALUES (640101000000, '市辖区', 640100000000, 3);
INSERT INTO `tz_area` VALUES (640104000000, '兴庆区', 640100000000, 3);
INSERT INTO `tz_area` VALUES (640105000000, '西夏区', 640100000000, 3);
INSERT INTO `tz_area` VALUES (640106000000, '金凤区', 640100000000, 3);
INSERT INTO `tz_area` VALUES (640121000000, '永宁县', 640100000000, 3);
INSERT INTO `tz_area` VALUES (640122000000, '贺兰县', 640100000000, 3);
INSERT INTO `tz_area` VALUES (640181000000, '灵武市', 640100000000, 3);
INSERT INTO `tz_area` VALUES (640200000000, '石嘴山市', 640000000000, 2);
INSERT INTO `tz_area` VALUES (640201000000, '市辖区', 640200000000, 3);
INSERT INTO `tz_area` VALUES (640202000000, '大武口区', 640200000000, 3);
INSERT INTO `tz_area` VALUES (640205000000, '惠农区', 640200000000, 3);
INSERT INTO `tz_area` VALUES (640221000000, '平罗县', 640200000000, 3);
INSERT INTO `tz_area` VALUES (640300000000, '吴忠市', 640000000000, 2);
INSERT INTO `tz_area` VALUES (640301000000, '市辖区', 640300000000, 3);
INSERT INTO `tz_area` VALUES (640302000000, '利通区', 640300000000, 3);
INSERT INTO `tz_area` VALUES (640303000000, '红寺堡区', 640300000000, 3);
INSERT INTO `tz_area` VALUES (640323000000, '盐池县', 640300000000, 3);
INSERT INTO `tz_area` VALUES (640324000000, '同心县', 640300000000, 3);
INSERT INTO `tz_area` VALUES (640381000000, '青铜峡市', 640300000000, 3);
INSERT INTO `tz_area` VALUES (640400000000, '固原市', 640000000000, 2);
INSERT INTO `tz_area` VALUES (640401000000, '市辖区', 640400000000, 3);
INSERT INTO `tz_area` VALUES (640402000000, '原州区', 640400000000, 3);
INSERT INTO `tz_area` VALUES (640422000000, '西吉县', 640400000000, 3);
INSERT INTO `tz_area` VALUES (640423000000, '隆德县', 640400000000, 3);
INSERT INTO `tz_area` VALUES (640424000000, '泾源县', 640400000000, 3);
INSERT INTO `tz_area` VALUES (640425000000, '彭阳县', 640400000000, 3);
INSERT INTO `tz_area` VALUES (640500000000, '中卫市', 640000000000, 2);
INSERT INTO `tz_area` VALUES (640501000000, '市辖区', 640500000000, 3);
INSERT INTO `tz_area` VALUES (640502000000, '沙坡头区', 640500000000, 3);
INSERT INTO `tz_area` VALUES (640521000000, '中宁县', 640500000000, 3);
INSERT INTO `tz_area` VALUES (640522000000, '海原县', 640500000000, 3);
INSERT INTO `tz_area` VALUES (650000000000, '新疆维吾尔自治区', 0, 1);
INSERT INTO `tz_area` VALUES (650100000000, '乌鲁木齐市', 650000000000, 2);
INSERT INTO `tz_area` VALUES (650101000000, '市辖区', 650100000000, 3);
INSERT INTO `tz_area` VALUES (650102000000, '天山区', 650100000000, 3);
INSERT INTO `tz_area` VALUES (650103000000, '沙依巴克区', 650100000000, 3);
INSERT INTO `tz_area` VALUES (650104000000, '新市区', 650100000000, 3);
INSERT INTO `tz_area` VALUES (650105000000, '水磨沟区', 650100000000, 3);
INSERT INTO `tz_area` VALUES (650106000000, '头屯河区', 650100000000, 3);
INSERT INTO `tz_area` VALUES (650107000000, '达坂城区', 650100000000, 3);
INSERT INTO `tz_area` VALUES (650109000000, '米东区', 650100000000, 3);
INSERT INTO `tz_area` VALUES (650121000000, '乌鲁木齐县', 650100000000, 3);
INSERT INTO `tz_area` VALUES (650171000000, '乌鲁木齐经济技术开发区', 650100000000, 3);
INSERT INTO `tz_area` VALUES (650172000000, '乌鲁木齐高新技术产业开发区', 650100000000, 3);
INSERT INTO `tz_area` VALUES (650200000000, '克拉玛依市', 650000000000, 2);
INSERT INTO `tz_area` VALUES (650201000000, '市辖区', 650200000000, 3);
INSERT INTO `tz_area` VALUES (650202000000, '独山子区', 650200000000, 3);
INSERT INTO `tz_area` VALUES (650203000000, '克拉玛依区', 650200000000, 3);
INSERT INTO `tz_area` VALUES (650204000000, '白碱滩区', 650200000000, 3);
INSERT INTO `tz_area` VALUES (650205000000, '乌尔禾区', 650200000000, 3);
INSERT INTO `tz_area` VALUES (650400000000, '吐鲁番市', 650000000000, 2);
INSERT INTO `tz_area` VALUES (650402000000, '高昌区', 650400000000, 3);
INSERT INTO `tz_area` VALUES (650421000000, '鄯善县', 650400000000, 3);
INSERT INTO `tz_area` VALUES (650422000000, '托克逊县', 650400000000, 3);
INSERT INTO `tz_area` VALUES (650500000000, '哈密市', 650000000000, 2);
INSERT INTO `tz_area` VALUES (650502000000, '伊州区', 650500000000, 3);
INSERT INTO `tz_area` VALUES (650521000000, '巴里坤哈萨克自治县', 650500000000, 3);
INSERT INTO `tz_area` VALUES (650522000000, '伊吾县', 650500000000, 3);
INSERT INTO `tz_area` VALUES (652300000000, '昌吉回族自治州', 650000000000, 2);
INSERT INTO `tz_area` VALUES (652301000000, '昌吉市', 652300000000, 3);
INSERT INTO `tz_area` VALUES (652302000000, '阜康市', 652300000000, 3);
INSERT INTO `tz_area` VALUES (652323000000, '呼图壁县', 652300000000, 3);
INSERT INTO `tz_area` VALUES (652324000000, '玛纳斯县', 652300000000, 3);
INSERT INTO `tz_area` VALUES (652325000000, '奇台县', 652300000000, 3);
INSERT INTO `tz_area` VALUES (652327000000, '吉木萨尔县', 652300000000, 3);
INSERT INTO `tz_area` VALUES (652328000000, '木垒哈萨克自治县', 652300000000, 3);
INSERT INTO `tz_area` VALUES (652700000000, '博尔塔拉蒙古自治州', 650000000000, 2);
INSERT INTO `tz_area` VALUES (652701000000, '博乐市', 652700000000, 3);
INSERT INTO `tz_area` VALUES (652702000000, '阿拉山口市', 652700000000, 3);
INSERT INTO `tz_area` VALUES (652722000000, '精河县', 652700000000, 3);
INSERT INTO `tz_area` VALUES (652723000000, '温泉县', 652700000000, 3);
INSERT INTO `tz_area` VALUES (652800000000, '巴音郭楞蒙古自治州', 650000000000, 2);
INSERT INTO `tz_area` VALUES (652801000000, '库尔勒市', 652800000000, 3);
INSERT INTO `tz_area` VALUES (652822000000, '轮台县', 652800000000, 3);
INSERT INTO `tz_area` VALUES (652823000000, '尉犁县', 652800000000, 3);
INSERT INTO `tz_area` VALUES (652824000000, '若羌县', 652800000000, 3);
INSERT INTO `tz_area` VALUES (652825000000, '且末县', 652800000000, 3);
INSERT INTO `tz_area` VALUES (652826000000, '焉耆回族自治县', 652800000000, 3);
INSERT INTO `tz_area` VALUES (652827000000, '和静县', 652800000000, 3);
INSERT INTO `tz_area` VALUES (652828000000, '和硕县', 652800000000, 3);
INSERT INTO `tz_area` VALUES (652829000000, '博湖县', 652800000000, 3);
INSERT INTO `tz_area` VALUES (652871000000, '库尔勒经济技术开发区', 652800000000, 3);
INSERT INTO `tz_area` VALUES (652900000000, '阿克苏地区', 650000000000, 2);
INSERT INTO `tz_area` VALUES (652901000000, '阿克苏市', 652900000000, 3);
INSERT INTO `tz_area` VALUES (652922000000, '温宿县', 652900000000, 3);
INSERT INTO `tz_area` VALUES (652923000000, '库车县', 652900000000, 3);
INSERT INTO `tz_area` VALUES (652924000000, '沙雅县', 652900000000, 3);
INSERT INTO `tz_area` VALUES (652925000000, '新和县', 652900000000, 3);
INSERT INTO `tz_area` VALUES (652926000000, '拜城县', 652900000000, 3);
INSERT INTO `tz_area` VALUES (652927000000, '乌什县', 652900000000, 3);
INSERT INTO `tz_area` VALUES (652928000000, '阿瓦提县', 652900000000, 3);
INSERT INTO `tz_area` VALUES (652929000000, '柯坪县', 652900000000, 3);
INSERT INTO `tz_area` VALUES (653000000000, '克孜勒苏柯尔克孜自治州', 650000000000, 2);
INSERT INTO `tz_area` VALUES (653001000000, '阿图什市', 653000000000, 3);
INSERT INTO `tz_area` VALUES (653022000000, '阿克陶县', 653000000000, 3);
INSERT INTO `tz_area` VALUES (653023000000, '阿合奇县', 653000000000, 3);
INSERT INTO `tz_area` VALUES (653024000000, '乌恰县', 653000000000, 3);
INSERT INTO `tz_area` VALUES (653100000000, '喀什地区', 650000000000, 2);
INSERT INTO `tz_area` VALUES (653101000000, '喀什市', 653100000000, 3);
INSERT INTO `tz_area` VALUES (653121000000, '疏附县', 653100000000, 3);
INSERT INTO `tz_area` VALUES (653122000000, '疏勒县', 653100000000, 3);
INSERT INTO `tz_area` VALUES (653123000000, '英吉沙县', 653100000000, 3);
INSERT INTO `tz_area` VALUES (653124000000, '泽普县', 653100000000, 3);
INSERT INTO `tz_area` VALUES (653125000000, '莎车县', 653100000000, 3);
INSERT INTO `tz_area` VALUES (653126000000, '叶城县', 653100000000, 3);
INSERT INTO `tz_area` VALUES (653127000000, '麦盖提县', 653100000000, 3);
INSERT INTO `tz_area` VALUES (653128000000, '岳普湖县', 653100000000, 3);
INSERT INTO `tz_area` VALUES (653129000000, '伽师县', 653100000000, 3);
INSERT INTO `tz_area` VALUES (653130000000, '巴楚县', 653100000000, 3);
INSERT INTO `tz_area` VALUES (653131000000, '塔什库尔干塔吉克自治县', 653100000000, 3);
INSERT INTO `tz_area` VALUES (653200000000, '和田地区', 650000000000, 2);
INSERT INTO `tz_area` VALUES (653201000000, '和田市', 653200000000, 3);
INSERT INTO `tz_area` VALUES (653221000000, '和田县', 653200000000, 3);
INSERT INTO `tz_area` VALUES (653222000000, '墨玉县', 653200000000, 3);
INSERT INTO `tz_area` VALUES (653223000000, '皮山县', 653200000000, 3);
INSERT INTO `tz_area` VALUES (653224000000, '洛浦县', 653200000000, 3);
INSERT INTO `tz_area` VALUES (653225000000, '策勒县', 653200000000, 3);
INSERT INTO `tz_area` VALUES (653226000000, '于田县', 653200000000, 3);
INSERT INTO `tz_area` VALUES (653227000000, '民丰县', 653200000000, 3);
INSERT INTO `tz_area` VALUES (654000000000, '伊犁哈萨克自治州', 650000000000, 2);
INSERT INTO `tz_area` VALUES (654002000000, '伊宁市', 654000000000, 3);
INSERT INTO `tz_area` VALUES (654003000000, '奎屯市', 654000000000, 3);
INSERT INTO `tz_area` VALUES (654004000000, '霍尔果斯市', 654000000000, 3);
INSERT INTO `tz_area` VALUES (654021000000, '伊宁县', 654000000000, 3);
INSERT INTO `tz_area` VALUES (654022000000, '察布查尔锡伯自治县', 654000000000, 3);
INSERT INTO `tz_area` VALUES (654023000000, '霍城县', 654000000000, 3);
INSERT INTO `tz_area` VALUES (654024000000, '巩留县', 654000000000, 3);
INSERT INTO `tz_area` VALUES (654025000000, '新源县', 654000000000, 3);
INSERT INTO `tz_area` VALUES (654026000000, '昭苏县', 654000000000, 3);
INSERT INTO `tz_area` VALUES (654027000000, '特克斯县', 654000000000, 3);
INSERT INTO `tz_area` VALUES (654028000000, '尼勒克县', 654000000000, 3);
INSERT INTO `tz_area` VALUES (654200000000, '塔城地区', 650000000000, 2);
INSERT INTO `tz_area` VALUES (654201000000, '塔城市', 654200000000, 3);
INSERT INTO `tz_area` VALUES (654202000000, '乌苏市', 654200000000, 3);
INSERT INTO `tz_area` VALUES (654221000000, '额敏县', 654200000000, 3);
INSERT INTO `tz_area` VALUES (654223000000, '沙湾县', 654200000000, 3);
INSERT INTO `tz_area` VALUES (654224000000, '托里县', 654200000000, 3);
INSERT INTO `tz_area` VALUES (654225000000, '裕民县', 654200000000, 3);
INSERT INTO `tz_area` VALUES (654226000000, '和布克赛尔蒙古自治县', 654200000000, 3);
INSERT INTO `tz_area` VALUES (654300000000, '阿勒泰地区', 650000000000, 2);
INSERT INTO `tz_area` VALUES (654301000000, '阿勒泰市', 654300000000, 3);
INSERT INTO `tz_area` VALUES (654321000000, '布尔津县', 654300000000, 3);
INSERT INTO `tz_area` VALUES (654322000000, '富蕴县', 654300000000, 3);
INSERT INTO `tz_area` VALUES (654323000000, '福海县', 654300000000, 3);
INSERT INTO `tz_area` VALUES (654324000000, '哈巴河县', 654300000000, 3);
INSERT INTO `tz_area` VALUES (654325000000, '青河县', 654300000000, 3);
INSERT INTO `tz_area` VALUES (654326000000, '吉木乃县', 654300000000, 3);
INSERT INTO `tz_area` VALUES (659000000000, '自治区直辖县级行政区划', 650000000000, 2);
INSERT INTO `tz_area` VALUES (659001000000, '石河子市', 659000000000, 3);
INSERT INTO `tz_area` VALUES (659002000000, '阿拉尔市', 659000000000, 3);
INSERT INTO `tz_area` VALUES (659003000000, '图木舒克市', 659000000000, 3);
INSERT INTO `tz_area` VALUES (659004000000, '五家渠市', 659000000000, 3);
INSERT INTO `tz_area` VALUES (659006000000, '铁门关市', 659000000000, 3);

-- ----------------------------
-- Table structure for tz_carousel
-- ----------------------------
DROP TABLE IF EXISTS `tz_carousel`;
CREATE TABLE `tz_carousel`  (
  `id` int(0) UNSIGNED NOT NULL AUTO_INCREMENT,
  `img` varchar(255) CHARACTER SET utf8mb4 COLLATE utf8mb4_0900_ai_ci NULL DEFAULT NULL COMMENT '轮播图地址',
  `seq` int(0) NULL DEFAULT NULL COMMENT '轮播图序号（越小约优先）',
  `status` tinyint(0) NULL DEFAULT NULL COMMENT '1开启，0禁用',
  `link` varchar(255) CHARACTER SET utf8mb4 COLLATE utf8mb4_0900_ai_ci NULL DEFAULT NULL COMMENT '连接对象',
  `link_type` tinyint(0) NULL DEFAULT NULL COMMENT '连接类型（1：http地址，2：商品，3:通告）',
  `create_time` datetime(0) NULL DEFAULT NULL,
  `background` varchar(20) CHARACTER SET utf8mb4 COLLATE utf8mb4_0900_ai_ci NULL DEFAULT NULL COMMENT '背景颜色（rgb）',
  `update_time` datetime(0) NULL DEFAULT NULL,
  `create_user` bigint(0) NULL DEFAULT NULL,
  `last_update_user` bigint(0) NULL DEFAULT NULL,
  PRIMARY KEY (`id`) USING BTREE
) ENGINE = InnoDB AUTO_INCREMENT = 15107 CHARACTER SET = utf8mb4 COLLATE = utf8mb4_0900_ai_ci ROW_FORMAT = Dynamic;

-- ----------------------------
-- Records of tz_carousel
-- ----------------------------
INSERT INTO `tz_carousel` VALUES (15104, 'https://suse-mall.oss-cn-chengdu.aliyuncs.com/2022/04/81433de139584e8792f3d963d8d0fa84.jpg', 1, 0, 'https://suse-mall.oss-cn-chengdu.aliyuncs.com/2022/04/81433de139584e8792f3d963d8d0fa84.jpg', 1, '2022-04-21 17:13:35', 'rgb(205, 215, 218)', '2022-06-04 16:45:23', 1502911354422542338, 1502911354422542338);
INSERT INTO `tz_carousel` VALUES (15105, 'https://suse-mall.oss-cn-chengdu.aliyuncs.com/2022/04/eeb4a1591a4847c49fff2eeb63c3f4c3.jpg', 2, 0, 'https://suse-mall.oss-cn-chengdu.aliyuncs.com/2022/04/eeb4a1591a4847c49fff2eeb63c3f4c3.jpg', 1, '2022-04-21 17:13:52', 'rgb(183, 73, 69)', '2022-06-04 16:45:29', 1502911354422542338, 1502911354422542338);
INSERT INTO `tz_carousel` VALUES (15106, 'https://suse-mall.oss-cn-chengdu.aliyuncs.com/2022/04/995bb289b34f42d9ac986608acbc6e95.jpg', 1, 1, 'https://suse-mall.oss-cn-chengdu.aliyuncs.com/2022/04/995bb289b34f42d9ac986608acbc6e95.jpg', 1, '2022-04-21 17:14:05', 'rgb(183, 73, 69)', '2022-04-21 17:16:07', 1502911354422542338, 1502911354422542338);
INSERT INTO `tz_carousel` VALUES (15107, 'https://suse-mall.oss-cn-chengdu.aliyuncs.com/2022/04/d01460449ae345e1ae72e2896af789b6.jpg', 1, 1, '107', 2, '2022-06-03 19:52:43', NULL, '2022-06-03 19:53:01', 1532532629235068930, 1532532629235068930);

-- ----------------------------
-- Table structure for tz_cart
-- ----------------------------
DROP TABLE IF EXISTS `tz_cart`;
CREATE TABLE `tz_cart`  (
  `id` int(0) NOT NULL AUTO_INCREMENT,
  `user_id` varchar(30) CHARACTER SET utf8mb4 COLLATE utf8mb4_0900_ai_ci NOT NULL,
  `status` int(0) NULL DEFAULT 1 COMMENT '是否被选中（1-选中）',
  `prod_id` bigint(0) NOT NULL,
  `number` int(0) NULL DEFAULT 1 COMMENT '商品数量',
  `old_price` decimal(10, 2) NULL DEFAULT NULL COMMENT '收录时的商品价格',
  `old_sold_num` int(0) NULL DEFAULT NULL COMMENT '收录时的商品销售量',
  `create_time` datetime(0) NULL DEFAULT NULL,
  `update_time` datetime(0) NULL DEFAULT NULL,
  PRIMARY KEY (`id`) USING BTREE
) ENGINE = InnoDB AUTO_INCREMENT = 40 CHARACTER SET = utf8mb4 COLLATE = utf8mb4_0900_ai_ci ROW_FORMAT = Dynamic;

-- ----------------------------
-- Records of tz_cart
-- ----------------------------
INSERT INTO `tz_cart` VALUES (40, '1532532629235068930', 1, 106, 1, 53.50, 3, '2022-06-04 16:51:30', '2022-06-04 16:51:30');

-- ----------------------------
-- Table structure for tz_category
-- ----------------------------
DROP TABLE IF EXISTS `tz_category`;
CREATE TABLE `tz_category`  (
  `category_id` bigint(0) UNSIGNED NOT NULL AUTO_INCREMENT COMMENT '类目ID',
  `shop_id` bigint(0) NULL DEFAULT NULL COMMENT '店铺ID',
  `parent_id` bigint(0) UNSIGNED NOT NULL COMMENT '父节点',
  `category_name` varchar(50) CHARACTER SET utf8 COLLATE utf8_general_ci NOT NULL DEFAULT '' COMMENT '产品类目名称',
  `icon` varchar(255) CHARACTER SET utf8 COLLATE utf8_general_ci NULL DEFAULT NULL COMMENT '类目图标',
  `pic` varchar(300) CHARACTER SET utf8 COLLATE utf8_general_ci NULL DEFAULT NULL COMMENT '类目的显示图片',
  `seq` int(0) NOT NULL COMMENT '排序',
  `status` int(0) NOT NULL DEFAULT 1 COMMENT '默认是1，表示正常状态,0为下线状态',
  `rec_time` datetime(0) NOT NULL COMMENT '记录时间',
  `grade` int(0) NOT NULL COMMENT '分类层级',
  `update_time` datetime(0) NULL DEFAULT NULL COMMENT '更新时间',
  PRIMARY KEY (`category_id`) USING BTREE,
  INDEX `parent_id`(`parent_id`) USING BTREE,
  INDEX `shop_id`(`shop_id`) USING BTREE
) ENGINE = InnoDB AUTO_INCREMENT = 156 CHARACTER SET = utf8 COLLATE = utf8_general_ci COMMENT = '产品类目' ROW_FORMAT = Dynamic;

-- ----------------------------
-- Records of tz_category
-- ----------------------------
INSERT INTO `tz_category` VALUES (25, 1, 88, '男装', NULL, NULL, 1, 1, '2022-03-14 22:25:40', 2, NULL);
INSERT INTO `tz_category` VALUES (26, 1, 88, ' 女装', NULL, NULL, 1, 1, '2022-03-14 22:25:40', 2, NULL);
INSERT INTO `tz_category` VALUES (31, 1, 26, '上装（女）', NULL, 'https://suse-mall.oss-cn-chengdu.aliyuncs.com/2022/04/f8814d2778104a7ab95aea48f928c606.jpg', 1, 1, '2022-03-14 22:25:40', 3, '2022-04-30 10:20:25');
INSERT INTO `tz_category` VALUES (32, 1, 26, '下装（女）', NULL, 'https://suse-mall.oss-cn-chengdu.aliyuncs.com/2022/04/b23864f9d7414eab991d7feb639ffc7e.jpg', 1, 1, '2022-03-14 22:25:40', 3, '2022-04-30 10:20:29');
INSERT INTO `tz_category` VALUES (85, 1, 0, '数码设备', NULL, '2019/04/4f148d81d60941b695cb77370a073653.jpg', 1, 1, '2019-04-21 17:28:32', 1, '2022-05-04 09:56:38');
INSERT INTO `tz_category` VALUES (87, 1, 0, '美妆护肤', NULL, '2019/04/84f1a591a9ed46f68d46eee55c130b34.jpg', 1, 1, '2019-04-21 17:30:45', 1, '2019-04-27 10:46:12');
INSERT INTO `tz_category` VALUES (88, 1, 0, '男装女装', NULL, NULL, 1, 1, '2022-03-14 21:51:17', 1, NULL);
INSERT INTO `tz_category` VALUES (95, 1, 0, '美味零食', NULL, '2019/04/3483eafc86674a74bcf9da6100769a9a.jpg', 1, 1, '2019-04-21 21:46:01', 1, '2019-04-27 11:23:27');
INSERT INTO `tz_category` VALUES (101, 1, 0, '服装', NULL, '2019/04/68f081f04c2644319d882a8828f4741c.jpg', 1, 0, '2019-04-21 17:31:12', 1, '2019-04-27 10:38:31');
INSERT INTO `tz_category` VALUES (106, NULL, 0, '图书资料', NULL, NULL, 1, 1, '2022-04-29 22:18:52', 1, NULL);
INSERT INTO `tz_category` VALUES (107, NULL, 106, '电子资料', NULL, NULL, 1, 1, '2022-04-29 22:19:17', 2, NULL);
INSERT INTO `tz_category` VALUES (108, NULL, 106, '课本教材', NULL, NULL, 2, 1, '2022-04-29 22:19:40', 2, NULL);
INSERT INTO `tz_category` VALUES (109, NULL, 25, '鞋子（男）', NULL, 'https://suse-mall.oss-cn-chengdu.aliyuncs.com/2022/04/9dcd5a67646f4dde99180081151ad6d3.jpg', 1, 1, '2022-04-29 22:23:47', 3, '2022-04-30 10:19:56');
INSERT INTO `tz_category` VALUES (111, NULL, 85, '电脑', NULL, NULL, 1, 1, '2022-04-29 22:30:16', 2, '2022-05-04 09:56:45');
INSERT INTO `tz_category` VALUES (112, NULL, 111, '笔记本电脑', NULL, 'https://suse-mall.oss-cn-chengdu.aliyuncs.com/2022/04/44844baffedf46b68eade03c99420451.jpg', 1, 1, '2022-04-29 22:31:23', 3, NULL);
INSERT INTO `tz_category` VALUES (113, NULL, 111, '台式电脑', NULL, 'https://suse-mall.oss-cn-chengdu.aliyuncs.com/2022/04/92b5257ba8824c6585355da7969c0606.webp', 2, 1, '2022-04-29 22:32:39', 3, NULL);
INSERT INTO `tz_category` VALUES (114, NULL, 85, '配件', NULL, NULL, 3, 1, '2022-04-29 22:33:28', 2, NULL);
INSERT INTO `tz_category` VALUES (115, NULL, 114, '耳机', NULL, 'https://suse-mall.oss-cn-chengdu.aliyuncs.com/2022/04/2564c2a86ff5418e9fe0ddf72b828e25.webp', 1, 1, '2022-04-29 22:34:12', 3, NULL);
INSERT INTO `tz_category` VALUES (116, NULL, 114, '键盘', NULL, 'https://suse-mall.oss-cn-chengdu.aliyuncs.com/2022/04/c5a76742f1534192baf92824914ecee1.webp', 2, 1, '2022-04-29 22:35:07', 3, NULL);
INSERT INTO `tz_category` VALUES (117, NULL, 114, '鼠标', NULL, 'https://suse-mall.oss-cn-chengdu.aliyuncs.com/2022/04/009174c3a027463d8cce5489e87ac522.webp', 4, 1, '2022-04-29 22:35:40', 3, NULL);
INSERT INTO `tz_category` VALUES (120, NULL, 0, '代步工具', NULL, NULL, 1, 1, '2022-04-29 22:37:31', 1, NULL);
INSERT INTO `tz_category` VALUES (121, NULL, 120, '电动', NULL, NULL, 1, 1, '2022-04-29 22:38:00', 2, NULL);
INSERT INTO `tz_category` VALUES (122, NULL, 120, '机械', NULL, NULL, 2, 1, '2022-04-29 22:38:12', 2, NULL);
INSERT INTO `tz_category` VALUES (123, NULL, 122, '自行车', NULL, 'https://suse-mall.oss-cn-chengdu.aliyuncs.com/2022/04/31b625c4e7ee4a70b5881f5948654607.webp', 1, 1, '2022-04-29 22:39:08', 3, NULL);
INSERT INTO `tz_category` VALUES (124, NULL, 122, '滑板', NULL, 'https://suse-mall.oss-cn-chengdu.aliyuncs.com/2022/04/740e289fe2284fc1b98910ce4e50144a.webp', 2, 1, '2022-04-29 22:40:25', 3, NULL);
INSERT INTO `tz_category` VALUES (125, NULL, 122, '轮滑鞋', NULL, 'https://suse-mall.oss-cn-chengdu.aliyuncs.com/2022/04/586af2a976e641779645536de3b97cd7.webp', 3, 1, '2022-04-29 22:41:19', 3, NULL);
INSERT INTO `tz_category` VALUES (126, NULL, 121, '摩托车', NULL, 'https://suse-mall.oss-cn-chengdu.aliyuncs.com/2022/04/272a3dda980e4b8e86cd19175ce33bb1.webp', 1, 1, '2022-04-29 22:41:52', 3, NULL);
INSERT INTO `tz_category` VALUES (127, NULL, 121, '电瓶车', NULL, 'https://suse-mall.oss-cn-chengdu.aliyuncs.com/2022/04/0eb2a6399fe14926b8cf96c2b8045a68.webp', 2, 1, '2022-04-29 22:42:22', 3, NULL);
INSERT INTO `tz_category` VALUES (131, NULL, 95, '坚果类', NULL, NULL, 4, 1, '2022-04-29 22:44:06', 2, '2022-04-29 23:26:08');
INSERT INTO `tz_category` VALUES (134, NULL, 131, '开心果', NULL, 'https://suse-mall.oss-cn-chengdu.aliyuncs.com/2022/04/f2c75ee1812b4d6792ba8ca28d1800d1.webp', 1, 1, '2022-04-29 23:27:52', 3, NULL);
INSERT INTO `tz_category` VALUES (135, NULL, 131, '核桃', NULL, 'https://suse-mall.oss-cn-chengdu.aliyuncs.com/2022/04/17ba87997a074b96bd67912cac06e439.webp', 2, 1, '2022-04-29 23:28:16', 3, NULL);
INSERT INTO `tz_category` VALUES (136, NULL, 131, '其他坚果', NULL, 'https://suse-mall.oss-cn-chengdu.aliyuncs.com/2022/04/5e3a10bca44d401cb3e93010ff06d06b.webp', 3, 1, '2022-04-29 23:28:40', 3, NULL);
INSERT INTO `tz_category` VALUES (137, NULL, 107, '电子书', NULL, 'https://suse-mall.oss-cn-chengdu.aliyuncs.com/2022/04/53f33444460047bb950943e47fc58cd4.webp', 1, 1, '2022-04-29 23:31:28', 3, NULL);
INSERT INTO `tz_category` VALUES (138, NULL, 107, '试卷', NULL, 'https://suse-mall.oss-cn-chengdu.aliyuncs.com/2022/04/11bf60e262f04213b1504589c0950eed.webp', 2, 1, '2022-04-29 23:32:11', 3, NULL);
INSERT INTO `tz_category` VALUES (139, NULL, 107, '影视', NULL, 'https://suse-mall.oss-cn-chengdu.aliyuncs.com/2022/04/f43ab3ef709b444dba3737ee3f7052a9.webp', 3, 1, '2022-04-29 23:33:03', 3, NULL);
INSERT INTO `tz_category` VALUES (140, NULL, 108, '教科书', NULL, 'https://suse-mall.oss-cn-chengdu.aliyuncs.com/2022/04/6d938c951d414b1eba321bd12be5b606.webp', 1, 1, '2022-04-29 23:33:16', 3, NULL);
INSERT INTO `tz_category` VALUES (141, NULL, 108, '笔记本', NULL, 'https://suse-mall.oss-cn-chengdu.aliyuncs.com/2022/04/8451601b46e2434c94015dee9ab2d2aa.webp', 2, 1, '2022-04-29 23:34:14', 3, NULL);
INSERT INTO `tz_category` VALUES (142, NULL, 85, '其他数码设备', NULL, NULL, 3, 1, '2022-04-29 23:36:16', 2, NULL);
INSERT INTO `tz_category` VALUES (143, NULL, 142, '照相机', NULL, 'https://suse-mall.oss-cn-chengdu.aliyuncs.com/2022/04/39ee842d4fd3408199c9df9c2adaf191.jpg', 1, 1, '2022-04-29 23:36:25', 3, NULL);
INSERT INTO `tz_category` VALUES (144, NULL, 111, '平板电脑', NULL, 'https://suse-mall.oss-cn-chengdu.aliyuncs.com/2022/04/5a655e0bbb2449bfaa28de9b1061e275.webp', 3, 1, '2022-04-29 23:37:07', 3, '2022-05-04 09:56:53');
INSERT INTO `tz_category` VALUES (145, NULL, 142, '智能音箱', NULL, 'https://suse-mall.oss-cn-chengdu.aliyuncs.com/2022/04/76f5807651204bbe99b2f5a41b05d972.webp', 2, 1, '2022-04-29 23:38:11', 3, NULL);
INSERT INTO `tz_category` VALUES (146, NULL, 25, '衣服（男）', NULL, 'https://suse-mall.oss-cn-chengdu.aliyuncs.com/2022/04/a400498bd4f042bb8e4abc570c7a1d9e.webp', 1, 1, '2022-04-29 23:39:05', 3, '2022-04-30 10:20:05');
INSERT INTO `tz_category` VALUES (147, NULL, 25, '裤子（男）', NULL, 'https://suse-mall.oss-cn-chengdu.aliyuncs.com/2022/04/42e54fa7f6db4da2b28c5a4baf970f81.jpg', 3, 1, '2022-04-29 23:39:19', 3, '2022-04-30 10:20:10');
INSERT INTO `tz_category` VALUES (148, NULL, 0, '运动器材', NULL, NULL, 2, 1, '2022-04-29 23:41:22', 1, NULL);
INSERT INTO `tz_category` VALUES (149, NULL, 148, '户外', NULL, NULL, 1, 1, '2022-04-30 00:13:16', 2, NULL);
INSERT INTO `tz_category` VALUES (150, NULL, 148, '室内', NULL, NULL, 2, 1, '2022-04-30 00:13:27', 2, NULL);
INSERT INTO `tz_category` VALUES (151, NULL, 150, '哑铃', NULL, 'https://suse-mall.oss-cn-chengdu.aliyuncs.com/2022/04/62765737a51b441596af3f6fc1d15cb5.webp', 1, 1, '2022-04-30 00:14:26', 3, NULL);
INSERT INTO `tz_category` VALUES (152, NULL, 149, '乒乓球', NULL, 'https://suse-mall.oss-cn-chengdu.aliyuncs.com/2022/04/33d1877a05784bc5a83ac043fdf9d78a.webp', 1, 1, '2022-04-30 00:14:54', 3, NULL);
INSERT INTO `tz_category` VALUES (153, NULL, 149, '网球', NULL, 'https://suse-mall.oss-cn-chengdu.aliyuncs.com/2022/04/e978d4614be14f06bb1daac8034816fc.webp', 2, 1, '2022-04-30 00:15:47', 3, NULL);
INSERT INTO `tz_category` VALUES (154, NULL, 149, '羽毛球', NULL, 'https://suse-mall.oss-cn-chengdu.aliyuncs.com/2022/04/32918726b3334acdbd9ec7c7947853a4.webp', 3, 1, '2022-04-30 00:16:55', 3, NULL);
INSERT INTO `tz_category` VALUES (155, NULL, 85, '手机通讯', NULL, NULL, 1, 1, '2022-04-30 10:22:21', 2, NULL);
INSERT INTO `tz_category` VALUES (156, NULL, 155, '智能机', NULL, 'https://suse-mall.oss-cn-chengdu.aliyuncs.com/2022/04/ef9b9568d59b48669c85369160c8dd56.webp', 1, 1, '2022-04-30 10:23:22', 3, NULL);

-- ----------------------------
-- Table structure for tz_chat
-- ----------------------------
DROP TABLE IF EXISTS `tz_chat`;
CREATE TABLE `tz_chat`  (
  `id` bigint(0) NOT NULL,
  `msg` varchar(500) CHARACTER SET utf8mb4 COLLATE utf8mb4_0900_ai_ci NULL DEFAULT NULL COMMENT '消息内容',
  `dest` varchar(36) CHARACTER SET utf8mb4 COLLATE utf8mb4_0900_ai_ci NULL DEFAULT NULL COMMENT '目标用户',
  `user_id` varchar(36) CHARACTER SET utf8mb4 COLLATE utf8mb4_0900_ai_ci NULL DEFAULT NULL COMMENT '当前用户ID',
  `create_time` datetime(0) NULL DEFAULT NULL,
  `is_read` tinyint(1) NULL DEFAULT NULL COMMENT '是否已读',
  `type` char(10) CHARACTER SET utf8mb4 COLLATE utf8mb4_0900_ai_ci NULL DEFAULT NULL COMMENT '消息类型（user、system）',
  PRIMARY KEY (`id`) USING BTREE
) ENGINE = InnoDB CHARACTER SET = utf8mb4 COLLATE = utf8mb4_0900_ai_ci ROW_FORMAT = Dynamic;

-- ----------------------------
-- Records of tz_chat
-- ----------------------------
INSERT INTO `tz_chat` VALUES (123123, 'wada啊吴大维', '121211', '1502911354422542338', '2022-05-10 15:39:06', 2, 'text');
INSERT INTO `tz_chat` VALUES (321312, 'awde', '21312312', '1502911354422542338', '2022-05-26 15:50:16', 2, 'text');
INSERT INTO `tz_chat` VALUES (4123123, '164648啊啊', '21312312', '1502911354422542338', '2022-05-10 15:39:09', 2, 'text');
INSERT INTO `tz_chat` VALUES (1524026731957161986, '<div style=\"display: flex;align-items: center;word-wrap:break-word;\">啊伟大伟大</div>', '1502911354422542338', '121211', '2022-05-10 22:01:01', 2, 'text');
INSERT INTO `tz_chat` VALUES (1524027201849233409, '哇大王大大', '121211', '1502911354422542338', '2022-05-10 22:02:55', 2, 'text');
INSERT INTO `tz_chat` VALUES (1524045857001848833, 'dawda', '121211', '1502911354422542338', '2022-05-10 23:17:02', 2, 'text');
INSERT INTO `tz_chat` VALUES (1524212458888146946, '1231231', '1502911354422542338', '121211', '2022-05-11 10:19:03', 2, 'text');
INSERT INTO `tz_chat` VALUES (1524212479134052353, '2121', '121211', '1502911354422542338', '2022-05-11 10:19:08', 2, 'text');
INSERT INTO `tz_chat` VALUES (1524212506120204290, '22', '1502911354422542338', '121211', '2022-05-11 10:19:15', 2, 'text');
INSERT INTO `tz_chat` VALUES (1524214565674463234, '12', '121211', '1502911354422542338', '2022-05-11 10:27:26', 2, 'text');
INSERT INTO `tz_chat` VALUES (1524214577955385345, '312', '121211', '1502911354422542338', '2022-05-11 10:27:29', 2, 'text');
INSERT INTO `tz_chat` VALUES (1524217314839408642, '11', '1502911354422542338', '121211', '2022-05-11 10:38:21', 2, 'text');
INSERT INTO `tz_chat` VALUES (1524217329397837825, '22', '121211', '1502911354422542338', '2022-05-11 10:38:25', 2, 'text');
INSERT INTO `tz_chat` VALUES (1524217349920567298, '33', '1502911354422542338', '121211', '2022-05-11 10:38:29', 2, 'text');
INSERT INTO `tz_chat` VALUES (1524217371928080385, '2', '121211', '1502911354422542338', '2022-05-11 10:38:35', 2, 'text');
INSERT INTO `tz_chat` VALUES (1524224146832138241, '2121', '121211', '1502911354422542338', '2022-05-11 11:05:30', 2, 'text');
INSERT INTO `tz_chat` VALUES (1524224243871555585, '11', '121211', '1502911354422542338', '2022-05-11 11:05:53', 2, 'text');
INSERT INTO `tz_chat` VALUES (1524224397676683265, '1', '1502911354422542338', '121211', '2022-05-11 11:06:30', 2, 'text');
INSERT INTO `tz_chat` VALUES (1524225780060647426, 'aa', '1502911354422542338', '121211', '2022-05-11 11:11:59', 2, 'text');
INSERT INTO `tz_chat` VALUES (1524226042930262017, '1', '121211', '1502911354422542338', '2022-05-11 11:13:02', 2, 'text');
INSERT INTO `tz_chat` VALUES (1524226801247842306, '2', '1502911354422542338', '121211', '2022-05-11 11:16:03', 2, 'text');
INSERT INTO `tz_chat` VALUES (1524227468855209986, '1', '1502911354422542338', '121211', '2022-05-11 11:18:42', 2, 'text');
INSERT INTO `tz_chat` VALUES (1524227666503397378, '21', '1502911354422542338', '121211', '2022-05-11 11:19:29', 2, 'text');
INSERT INTO `tz_chat` VALUES (1524227716239454210, '11', '121211', '1502911354422542338', '2022-05-11 11:19:41', 2, 'text');
INSERT INTO `tz_chat` VALUES (1524227877523025922, '12', '121211', '1502911354422542338', '2022-05-11 11:20:19', 2, 'text');
INSERT INTO `tz_chat` VALUES (1524229480120446977, '1', '121211', '1502911354422542338', '2022-05-11 11:26:42', 2, 'text');
INSERT INTO `tz_chat` VALUES (1524229525108551682, '2', '1502911354422542338', '121211', '2022-05-11 11:26:52', 2, 'text');
INSERT INTO `tz_chat` VALUES (1524229680469766145, '[墨镜][墨镜]', '121211', '1502911354422542338', '2022-05-11 11:27:29', 2, 'text');
INSERT INTO `tz_chat` VALUES (1524229896275095554, '1231', '21312312', '1502911354422542338', '2022-05-11 11:28:21', 2, 'text');
INSERT INTO `tz_chat` VALUES (1524231454727467010, '怎么卖', '121211', '1502911354422542338', '2022-05-11 11:34:32', 2, 'text');
INSERT INTO `tz_chat` VALUES (1524356529489195009, '多少钱吖', '121211', '1502911354422542338', '2022-05-11 19:51:32', 2, 'text');
INSERT INTO `tz_chat` VALUES (1524360379529027585, '不要钱', '1502911354422542338', '121211', '2022-05-11 20:06:50', 2, 'text');
INSERT INTO `tz_chat` VALUES (1524360429353164802, '免费哦', '1502911354422542338', '121211', '2022-05-11 20:07:02', 2, 'text');
INSERT INTO `tz_chat` VALUES (1524360533866831873, '你只需要出邮费', '1502911354422542338', '121211', '2022-05-11 20:07:27', 2, 'text');
INSERT INTO `tz_chat` VALUES (1524360826264346626, '那邮费多少哦\n', '121211', '1502911354422542338', '2022-05-11 20:08:37', 2, 'text');
INSERT INTO `tz_chat` VALUES (1524360939464417282, '12？\n', '121211', '1502911354422542338', '2022-05-11 20:09:04', 2, 'text');
INSERT INTO `tz_chat` VALUES (1524361923125174274, 'a', '121211', '1502911354422542338', '2022-05-11 20:12:58', 2, 'text');
INSERT INTO `tz_chat` VALUES (1524365363909820418, '多少嘛', '121211', '1502911354422542338', '2022-05-11 20:26:39', 2, 'text');
INSERT INTO `tz_chat` VALUES (1524365419601788930, '23\n', '121211', '1502911354422542338', '2022-05-11 20:26:52', 2, 'text');
INSERT INTO `tz_chat` VALUES (1524368175121104898, '达瓦达瓦', '1502911354422542338', '121211', '2022-05-11 20:37:49', 2, 'text');
INSERT INTO `tz_chat` VALUES (1524368463198486530, '1', '1502911354422542338', '121211', '2022-05-11 20:38:58', 2, 'text');
INSERT INTO `tz_chat` VALUES (1524368473730383874, '2', '121211', '1502911354422542338', '2022-05-11 20:39:00', 2, 'text');
INSERT INTO `tz_chat` VALUES (1524369102020345857, '[微笑]', '121211', '1502911354422542338', '2022-05-11 20:41:30', 2, 'text');
INSERT INTO `tz_chat` VALUES (1524371611610841089, '[奇][奇]aaa', '121211', '1502911354422542338', '2022-05-11 20:51:28', 2, 'text');
INSERT INTO `tz_chat` VALUES (1524372248230690817, '[aa]a', '121211', '1502911354422542338', '2022-05-11 20:54:00', 2, 'text');
INSERT INTO `tz_chat` VALUES (1524372554591043586, '[发呆]a[a]', '121211', '1502911354422542338', '2022-05-11 20:55:13', 2, 'text');
INSERT INTO `tz_chat` VALUES (1524373070108753922, '[a]a[调皮]', '121211', '1502911354422542338', '2022-05-11 20:57:16', 2, 'text');
INSERT INTO `tz_chat` VALUES (1524373286958465026, '<img src=\"https://s2.ax1x.com/2019/04/12/AbNGHf.gif\">', '121211', '1502911354422542338', '2022-05-11 20:58:08', 2, 'text');
INSERT INTO `tz_chat` VALUES (1524373330797330434, '<img src=\"https://s2.ax1x.com/2019/04/12/AbNrD0.gif\"><img src=\"https://s2.ax1x.com/2019/04/12/AbNrD0.gif\"><img src=\"https://s2.ax1x.com/2019/04/12/AbNrD0.gif\"><img src=\"https://s2.ax1x.com/2019/04/12/AbNGHf.gif\">', '121211', '1502911354422542338', '2022-05-11 20:58:18', 2, 'text');
INSERT INTO `tz_chat` VALUES (1524373436753838082, '<img src=\"https://s2.ax1x.com/2019/04/12/Aba9yR.gif\">', '121211', '1502911354422542338', '2022-05-11 20:58:43', 2, 'text');
INSERT INTO `tz_chat` VALUES (1524382174281793538, '<img src=\"https://s2.ax1x.com/2019/04/12/AbNtUS.gif\">', '1502911354422542338', '121211', '2022-05-11 21:33:27', 2, 'text');
INSERT INTO `tz_chat` VALUES (1524383895624155137, '<img src=\'https://suse-mall.oss-cn-chengdu.aliyuncs.com/2022/05/3cce53b643e84adca8301b2d9f5ceceb.jpg\' style=\'max-width:160px\'>', '1502911354422542338', '121211', '2022-05-11 21:40:17', 2, 'text');
INSERT INTO `tz_chat` VALUES (1529432063868936194, '<img src=\"https://s2.ax1x.com/2019/04/12/AbNd3j.gif\"><img src=\"https://s2.ax1x.com/2019/04/12/AbN0vn.gif\"><img src=\"https://s2.ax1x.com/2019/04/12/AbNd3j.gif\"><img src=\"https://s2.ax1x.com/2019/04/12/AbNO8H.gif\"><img src=\"https://s2.ax1x.com/2019/04/12/AbNxKI.gif\">', '121211', '1502911354422542338', '2022-05-25 19:59:54', 1, 'text');
INSERT INTO `tz_chat` VALUES (1532667034452635649, '适合初学者?', '1532532629235068930', '1502911354422542338', '2022-06-03 18:14:31', 2, 'text');
INSERT INTO `tz_chat` VALUES (1532667114517704706, '在吗？', '1532532629235068930', '1502911354422542338', '2022-06-03 18:14:50', 2, 'text');
INSERT INTO `tz_chat` VALUES (1532667199221673986, '可以', '1502911354422542338', '1532532629235068930', '2022-06-03 18:15:11', 2, 'text');
INSERT INTO `tz_chat` VALUES (1532667305362731009, '你那校区的哦', '1502911354422542338', '1532532629235068930', '2022-06-03 18:15:36', 2, 'text');
INSERT INTO `tz_chat` VALUES (1532732839798353922, '<img src=\"https://s2.ax1x.com/2019/04/12/AbNljI.gif\"><img src=\"https://s2.ax1x.com/2019/04/12/AbNljI.gif\">', '1502911354422542338', '1532532629235068930', '2022-06-03 22:36:00', 2, 'text');
INSERT INTO `tz_chat` VALUES (1532733295043915778, '在？', '1502911354422542338', '1532532629235068930', '2022-06-03 22:37:49', 2, 'text');
INSERT INTO `tz_chat` VALUES (1533008695594586114, 'qqqq', '1532532629235068930', '1532532629235068930', '2022-06-04 16:52:10', 1, 'text');

-- ----------------------------
-- Table structure for tz_collect
-- ----------------------------
DROP TABLE IF EXISTS `tz_collect`;
CREATE TABLE `tz_collect`  (
  `id` bigint(0) NOT NULL AUTO_INCREMENT,
  `prod_id` bigint(0) NOT NULL,
  `user_id` varchar(32) CHARACTER SET utf8mb4 COLLATE utf8mb4_0900_ai_ci NOT NULL,
  `create_time` datetime(0) NULL DEFAULT NULL,
  PRIMARY KEY (`id`) USING BTREE
) ENGINE = InnoDB AUTO_INCREMENT = 46 CHARACTER SET = utf8mb4 COLLATE = utf8mb4_0900_ai_ci ROW_FORMAT = Dynamic;

-- ----------------------------
-- Records of tz_collect
-- ----------------------------
INSERT INTO `tz_collect` VALUES (46, 97, '1502911354422542338', '2022-05-19 11:21:01');

-- ----------------------------
-- Table structure for tz_index_img
-- ----------------------------
DROP TABLE IF EXISTS `tz_index_img`;
CREATE TABLE `tz_index_img`  (
  `img_id` bigint(0) UNSIGNED NOT NULL AUTO_INCREMENT COMMENT '主键',
  `shop_id` bigint(0) NULL DEFAULT NULL COMMENT '店铺ID',
  `img_url` varchar(200) CHARACTER SET utf8 COLLATE utf8_general_ci NOT NULL COMMENT '图片',
  `des` varchar(200) CHARACTER SET utf8 COLLATE utf8_general_ci NULL DEFAULT '' COMMENT '说明文字,描述',
  `title` varchar(200) CHARACTER SET utf8 COLLATE utf8_general_ci NULL DEFAULT NULL COMMENT '标题',
  `link` varchar(200) CHARACTER SET utf8 COLLATE utf8_general_ci NULL DEFAULT NULL COMMENT '链接',
  `status` tinyint(1) NULL DEFAULT 0 COMMENT '状态',
  `seq` int(0) NULL DEFAULT 0 COMMENT '顺序',
  `upload_time` datetime(0) NULL DEFAULT NULL COMMENT '上传时间',
  `relation` bigint(0) NULL DEFAULT NULL COMMENT '关联',
  `type` int(0) NULL DEFAULT NULL COMMENT '类型',
  PRIMARY KEY (`img_id`) USING BTREE,
  INDEX `shop_id`(`shop_id`) USING BTREE
) ENGINE = InnoDB AUTO_INCREMENT = 5 CHARACTER SET = utf8 COLLATE = utf8_general_ci COMMENT = '主页轮播图' ROW_FORMAT = Dynamic;

-- ----------------------------
-- Records of tz_index_img
-- ----------------------------
INSERT INTO `tz_index_img` VALUES (2, 1, '2019/04/f676a8a8dbcb4e5c9bc907ef059aedb9.jpg', '', NULL, NULL, 1, 1, '2018-12-20 15:22:19', 73, 0);
INSERT INTO `tz_index_img` VALUES (4, 1, '2019/04/52b0082c60c04fc99dd03288548f2841.dpg', '', NULL, NULL, 1, 120, '2019-04-17 17:12:37', 76, 0);
INSERT INTO `tz_index_img` VALUES (5, 1, '2019/04/c2d830afc56d469f96825e91e464d155.jpg', '', NULL, NULL, 1, 10, '2019-04-22 09:57:34', 76, 0);

-- ----------------------------
-- Table structure for tz_menu_role
-- ----------------------------
DROP TABLE IF EXISTS `tz_menu_role`;
CREATE TABLE `tz_menu_role`  (
  `id` varchar(36) CHARACTER SET utf8mb4 COLLATE utf8mb4_0900_ai_ci NOT NULL,
  `menu_id` int(0) NOT NULL,
  `role_id` int(0) NOT NULL,
  PRIMARY KEY (`id`) USING BTREE
) ENGINE = InnoDB CHARACTER SET = utf8mb4 COLLATE = utf8mb4_0900_ai_ci ROW_FORMAT = Dynamic;

-- ----------------------------
-- Records of tz_menu_role
-- ----------------------------
INSERT INTO `tz_menu_role` VALUES ('1', 0, 3);
INSERT INTO `tz_menu_role` VALUES ('10', 3, 1);
INSERT INTO `tz_menu_role` VALUES ('100', 33, 1);
INSERT INTO `tz_menu_role` VALUES ('101', 33, 2);
INSERT INTO `tz_menu_role` VALUES ('102', 33, 3);
INSERT INTO `tz_menu_role` VALUES ('103', 34, 1);
INSERT INTO `tz_menu_role` VALUES ('104', 34, 2);
INSERT INTO `tz_menu_role` VALUES ('105', 34, 3);
INSERT INTO `tz_menu_role` VALUES ('109', 36, 1);
INSERT INTO `tz_menu_role` VALUES ('110', 36, 2);
INSERT INTO `tz_menu_role` VALUES ('111', 36, 2);
INSERT INTO `tz_menu_role` VALUES ('112', 36, 3);
INSERT INTO `tz_menu_role` VALUES ('113', 37, 37);
INSERT INTO `tz_menu_role` VALUES ('114', 37, 2);
INSERT INTO `tz_menu_role` VALUES ('115', 37, 3);
INSERT INTO `tz_menu_role` VALUES ('2', 0, 2);
INSERT INTO `tz_menu_role` VALUES ('25', 8, 1);
INSERT INTO `tz_menu_role` VALUES ('26', 8, 2);
INSERT INTO `tz_menu_role` VALUES ('27', 8, 3);
INSERT INTO `tz_menu_role` VALUES ('28', 9, 1);
INSERT INTO `tz_menu_role` VALUES ('32', 10, 1);
INSERT INTO `tz_menu_role` VALUES ('34', 11, 1);
INSERT INTO `tz_menu_role` VALUES ('37', 12, 1);
INSERT INTO `tz_menu_role` VALUES ('38', 12, 2);
INSERT INTO `tz_menu_role` VALUES ('39', 12, 3);
INSERT INTO `tz_menu_role` VALUES ('392', 0, 1);
INSERT INTO `tz_menu_role` VALUES ('4', 1, 1);
INSERT INTO `tz_menu_role` VALUES ('43', 14, 1);
INSERT INTO `tz_menu_role` VALUES ('5', 1, 2);
INSERT INTO `tz_menu_role` VALUES ('6', 1, 3);
INSERT INTO `tz_menu_role` VALUES ('62', 21, 2);
INSERT INTO `tz_menu_role` VALUES ('63', 20, 3);
INSERT INTO `tz_menu_role` VALUES ('64', 21, 1);
INSERT INTO `tz_menu_role` VALUES ('65', 21, 2);
INSERT INTO `tz_menu_role` VALUES ('66', 21, 3);
INSERT INTO `tz_menu_role` VALUES ('76', 25, 1);
INSERT INTO `tz_menu_role` VALUES ('77', 25, 2);
INSERT INTO `tz_menu_role` VALUES ('78', 25, 3);
INSERT INTO `tz_menu_role` VALUES ('79', 26, 1);
INSERT INTO `tz_menu_role` VALUES ('81', 26, 3);
INSERT INTO `tz_menu_role` VALUES ('85', 28, 1);
INSERT INTO `tz_menu_role` VALUES ('86', 28, 2);
INSERT INTO `tz_menu_role` VALUES ('87', 28, 3);
INSERT INTO `tz_menu_role` VALUES ('88', 29, 1);
INSERT INTO `tz_menu_role` VALUES ('89', 29, 2);
INSERT INTO `tz_menu_role` VALUES ('90', 29, 3);
INSERT INTO `tz_menu_role` VALUES ('91', 30, 1);
INSERT INTO `tz_menu_role` VALUES ('92', 30, 2);
INSERT INTO `tz_menu_role` VALUES ('93', 30, 3);
INSERT INTO `tz_menu_role` VALUES ('94', 31, 1);
INSERT INTO `tz_menu_role` VALUES ('95', 31, 2);
INSERT INTO `tz_menu_role` VALUES ('96', 31, 3);
INSERT INTO `tz_menu_role` VALUES ('97', 32, 1);
INSERT INTO `tz_menu_role` VALUES ('98', 32, 2);
INSERT INTO `tz_menu_role` VALUES ('99', 32, 3);

-- ----------------------------
-- Table structure for tz_message
-- ----------------------------
DROP TABLE IF EXISTS `tz_message`;
CREATE TABLE `tz_message`  (
  `id` bigint(0) UNSIGNED NOT NULL AUTO_INCREMENT,
  `create_time` datetime(0) NULL DEFAULT NULL COMMENT '留言创建时间',
  `user_name` varchar(36) CHARACTER SET utf8 COLLATE utf8_general_ci NULL DEFAULT NULL COMMENT ' 用户名',
  `user_id` bigint(0) NULL DEFAULT NULL COMMENT '用户ID',
  `content` text CHARACTER SET utf8 COLLATE utf8_general_ci NULL COMMENT '留言内容',
  `status` tinyint(0) NULL DEFAULT NULL COMMENT '状态：0:未审核 1审核通过',
  `approve` int(0) NULL DEFAULT NULL COMMENT '点赞数',
  `imgs` varchar(255) CHARACTER SET utf8 COLLATE utf8_general_ci NULL DEFAULT NULL COMMENT '图片地址,分割',
  `target_id` bigint(0) NULL DEFAULT NULL COMMENT '评论商品Id',
  PRIMARY KEY (`id`) USING BTREE
) ENGINE = InnoDB AUTO_INCREMENT = 17 CHARACTER SET = utf8 COLLATE = utf8_general_ci COMMENT = '评论信息' ROW_FORMAT = Dynamic;

-- ----------------------------
-- Records of tz_message
-- ----------------------------
INSERT INTO `tz_message` VALUES (17, '2022-03-03 06:59:42', NULL, NULL, '****,哈哈哈哈', 1, 0, NULL, NULL);

-- ----------------------------
-- Table structure for tz_order
-- ----------------------------
DROP TABLE IF EXISTS `tz_order`;
CREATE TABLE `tz_order`  (
  `id` bigint(0) UNSIGNED NOT NULL AUTO_INCREMENT,
  `coupon_id` varchar(36) CHARACTER SET utf8mb4 COLLATE utf8mb4_0900_ai_ci NULL DEFAULT NULL COMMENT '使用的优惠券',
  `user_id` varchar(36) CHARACTER SET utf8mb4 COLLATE utf8mb4_0900_ai_ci NOT NULL COMMENT '用户名(买家)',
  `total_amount` decimal(18, 4) NULL DEFAULT NULL COMMENT '订单总额（实际付款）',
  `pay_amount` decimal(18, 4) NULL DEFAULT NULL COMMENT '应付总额',
  `freight_amount` decimal(18, 4) NULL DEFAULT NULL COMMENT '运费金额',
  `promotion_amount` decimal(18, 4) NULL DEFAULT NULL COMMENT '促销优化金额（促销价、满减、阶梯价）',
  `integration_amount` decimal(18, 4) NULL DEFAULT NULL COMMENT '积分抵扣金额',
  `coupon_amount` decimal(18, 4) NULL DEFAULT NULL COMMENT '优惠券抵扣金额',
  `discount_amount` decimal(18, 4) NULL DEFAULT NULL COMMENT '后台调整订单使用的折扣金额',
  `pay_type` tinyint(0) NULL DEFAULT NULL COMMENT '支付方式【1->支付宝；2->微信；3->银联； 4->货到付款；】',
  `source_type` tinyint(0) NULL DEFAULT NULL COMMENT '订单来源[0->PC订单；1->app订单]',
  `status` tinyint(0) NULL DEFAULT NULL COMMENT '订单状态【0->待付款；1->待收货；2->待评价 3->已完成】',
  `delivery_company` varchar(64) CHARACTER SET utf8mb4 COLLATE utf8mb4_0900_ai_ci NULL DEFAULT NULL COMMENT '物流公司(配送方式)',
  `delivery_sn` varchar(64) CHARACTER SET utf8mb4 COLLATE utf8mb4_0900_ai_ci NULL DEFAULT NULL COMMENT '物流单号',
  `auto_confirm_day` int(0) NULL DEFAULT NULL COMMENT '自动确认时间（天）',
  `integration` int(0) NULL DEFAULT NULL COMMENT '可以获得的积分',
  `growth` int(0) NULL DEFAULT NULL COMMENT '可以获得的成长值',
  `bill_type` tinyint(0) NULL DEFAULT NULL COMMENT '发票类型[0->不开发票；1->电子发票；2->纸质发票]',
  `bill_header` varchar(255) CHARACTER SET utf8mb4 COLLATE utf8mb4_0900_ai_ci NULL DEFAULT NULL COMMENT '发票抬头',
  `bill_content` varchar(255) CHARACTER SET utf8mb4 COLLATE utf8mb4_0900_ai_ci NULL DEFAULT NULL COMMENT '发票内容',
  `bill_receiver_phone` varchar(32) CHARACTER SET utf8mb4 COLLATE utf8mb4_0900_ai_ci NULL DEFAULT NULL COMMENT '收票人电话',
  `bill_receiver_email` varchar(64) CHARACTER SET utf8mb4 COLLATE utf8mb4_0900_ai_ci NULL DEFAULT NULL COMMENT '收票人邮箱',
  `receiver_name` varchar(100) CHARACTER SET utf8mb4 COLLATE utf8mb4_0900_ai_ci NULL DEFAULT NULL COMMENT '收货人姓名',
  `receiver_phone` varchar(32) CHARACTER SET utf8mb4 COLLATE utf8mb4_0900_ai_ci NULL DEFAULT NULL COMMENT '收货人电话',
  `receiver_post_code` varchar(32) CHARACTER SET utf8mb4 COLLATE utf8mb4_0900_ai_ci NULL DEFAULT NULL COMMENT '收货人邮编',
  `receiver_province` varchar(32) CHARACTER SET utf8mb4 COLLATE utf8mb4_0900_ai_ci NULL DEFAULT NULL COMMENT '省份/直辖市',
  `receiver_city` varchar(32) CHARACTER SET utf8mb4 COLLATE utf8mb4_0900_ai_ci NULL DEFAULT NULL COMMENT '城市',
  `create_time` datetime(0) NULL DEFAULT NULL COMMENT 'create_time',
  `remake` varchar(255) CHARACTER SET utf8mb4 COLLATE utf8mb4_0900_ai_ci NULL DEFAULT NULL COMMENT '备注',
  `order_addr_id` bigint(0) NULL DEFAULT NULL COMMENT '收货地址ID',
  PRIMARY KEY (`id`) USING BTREE
) ENGINE = InnoDB AUTO_INCREMENT = 110 CHARACTER SET = utf8mb4 COLLATE = utf8mb4_0900_ai_ci ROW_FORMAT = Dynamic;

-- ----------------------------
-- Records of tz_order
-- ----------------------------
INSERT INTO `tz_order` VALUES (23, NULL, '1502911354422542338', NULL, 15357.0000, NULL, NULL, NULL, NULL, NULL, NULL, NULL, 0, NULL, NULL, NULL, NULL, NULL, NULL, NULL, NULL, NULL, NULL, NULL, NULL, NULL, NULL, NULL, '2022-05-04 22:53:15', NULL, NULL);
INSERT INTO `tz_order` VALUES (24, NULL, '1502911354422542338', NULL, 15357.0000, NULL, NULL, NULL, NULL, NULL, NULL, NULL, 2, NULL, NULL, NULL, NULL, NULL, NULL, NULL, NULL, NULL, NULL, NULL, NULL, NULL, NULL, NULL, '2022-05-04 23:04:26', NULL, NULL);
INSERT INTO `tz_order` VALUES (25, NULL, '1502911354422542338', NULL, 17156.0000, NULL, NULL, NULL, NULL, NULL, NULL, NULL, 2, NULL, NULL, NULL, NULL, NULL, NULL, NULL, NULL, NULL, NULL, NULL, NULL, NULL, NULL, NULL, '2022-05-05 09:35:23', NULL, NULL);
INSERT INTO `tz_order` VALUES (26, NULL, '1502911354422542338', NULL, 17156.0000, NULL, NULL, NULL, NULL, NULL, NULL, NULL, 0, NULL, NULL, NULL, NULL, NULL, NULL, NULL, NULL, NULL, NULL, NULL, NULL, NULL, NULL, NULL, '2022-05-05 09:51:05', NULL, NULL);
INSERT INTO `tz_order` VALUES (31, NULL, '1502911354422542338', NULL, 17156.0000, NULL, NULL, NULL, NULL, NULL, NULL, NULL, 2, NULL, NULL, NULL, NULL, NULL, NULL, NULL, NULL, NULL, NULL, NULL, NULL, NULL, NULL, NULL, '2022-05-05 10:42:12', NULL, NULL);
INSERT INTO `tz_order` VALUES (32, NULL, '1502911354422542338', NULL, 1799.0000, NULL, NULL, NULL, NULL, NULL, NULL, NULL, 0, NULL, NULL, NULL, NULL, NULL, NULL, NULL, NULL, NULL, NULL, NULL, NULL, NULL, NULL, NULL, '2022-05-05 10:43:25', NULL, NULL);
INSERT INTO `tz_order` VALUES (33, NULL, '1502911354422542338', NULL, 1799.0000, NULL, NULL, NULL, NULL, NULL, NULL, NULL, 2, NULL, NULL, NULL, NULL, NULL, NULL, NULL, NULL, NULL, NULL, NULL, NULL, NULL, NULL, NULL, '2022-05-05 10:46:12', NULL, NULL);
INSERT INTO `tz_order` VALUES (35, NULL, '1502911354422542338', NULL, 129.0000, NULL, NULL, NULL, NULL, NULL, NULL, NULL, 2, NULL, NULL, NULL, NULL, NULL, NULL, NULL, NULL, NULL, NULL, NULL, NULL, NULL, NULL, NULL, '2022-05-07 14:33:20', NULL, NULL);
INSERT INTO `tz_order` VALUES (36, NULL, '1502911354422542338', NULL, 129.0000, NULL, NULL, NULL, NULL, NULL, NULL, NULL, 2, NULL, NULL, NULL, NULL, NULL, NULL, NULL, NULL, NULL, NULL, NULL, NULL, NULL, NULL, NULL, '2022-05-07 14:46:03', NULL, NULL);
INSERT INTO `tz_order` VALUES (37, NULL, '1502911354422542338', NULL, 129.0000, NULL, NULL, NULL, NULL, NULL, NULL, NULL, 0, NULL, NULL, NULL, NULL, NULL, NULL, NULL, NULL, NULL, NULL, NULL, NULL, NULL, NULL, NULL, '2022-05-07 14:46:07', NULL, NULL);
INSERT INTO `tz_order` VALUES (38, NULL, '1502911354422542338', NULL, 129.0000, NULL, NULL, NULL, NULL, NULL, NULL, NULL, 2, NULL, NULL, NULL, NULL, NULL, NULL, NULL, NULL, NULL, NULL, NULL, NULL, NULL, NULL, NULL, '2022-05-07 14:58:51', NULL, NULL);
INSERT INTO `tz_order` VALUES (39, NULL, '1502911354422542338', NULL, 129.0000, NULL, NULL, NULL, NULL, NULL, NULL, NULL, 2, NULL, NULL, NULL, NULL, NULL, NULL, NULL, NULL, NULL, NULL, NULL, NULL, NULL, NULL, NULL, '2022-05-07 14:59:37', NULL, NULL);
INSERT INTO `tz_order` VALUES (40, NULL, '1502911354422542338', NULL, 129.0000, NULL, NULL, NULL, NULL, NULL, NULL, NULL, 3, NULL, NULL, NULL, NULL, NULL, NULL, NULL, NULL, NULL, NULL, NULL, NULL, NULL, NULL, NULL, '2022-05-07 15:05:43', NULL, NULL);
INSERT INTO `tz_order` VALUES (41, NULL, '1502911354422542338', NULL, 129.0000, NULL, NULL, NULL, NULL, NULL, NULL, NULL, 2, NULL, NULL, NULL, NULL, NULL, NULL, NULL, NULL, NULL, NULL, NULL, NULL, NULL, NULL, NULL, '2022-05-07 15:07:36', NULL, NULL);
INSERT INTO `tz_order` VALUES (42, NULL, '1502911354422542338', NULL, 129.0000, NULL, NULL, NULL, NULL, NULL, NULL, NULL, 3, NULL, NULL, NULL, NULL, NULL, NULL, NULL, NULL, NULL, NULL, NULL, NULL, NULL, NULL, NULL, '2022-05-07 15:08:25', NULL, NULL);
INSERT INTO `tz_order` VALUES (43, NULL, '1502911354422542338', NULL, 129.0000, NULL, NULL, NULL, NULL, NULL, NULL, NULL, 3, NULL, NULL, NULL, NULL, NULL, NULL, NULL, NULL, NULL, NULL, NULL, NULL, NULL, NULL, NULL, '2022-05-08 10:20:01', NULL, NULL);
INSERT INTO `tz_order` VALUES (44, NULL, '1502911354422542338', NULL, 129.0000, NULL, NULL, NULL, NULL, NULL, NULL, NULL, 3, NULL, NULL, NULL, NULL, NULL, NULL, NULL, NULL, NULL, NULL, NULL, NULL, NULL, NULL, NULL, '2022-05-08 10:23:04', NULL, NULL);
INSERT INTO `tz_order` VALUES (45, NULL, '1502911354422542338', NULL, 129.0000, NULL, NULL, NULL, NULL, NULL, NULL, NULL, 3, NULL, NULL, NULL, NULL, NULL, NULL, NULL, NULL, NULL, NULL, NULL, NULL, NULL, NULL, NULL, '2022-05-08 10:24:25', NULL, NULL);
INSERT INTO `tz_order` VALUES (46, NULL, '1502911354422542338', NULL, 129.0000, NULL, NULL, NULL, NULL, NULL, NULL, NULL, 3, NULL, NULL, NULL, NULL, NULL, NULL, NULL, NULL, NULL, NULL, NULL, NULL, NULL, NULL, NULL, '2022-05-08 10:28:56', NULL, NULL);
INSERT INTO `tz_order` VALUES (48, NULL, '1502911354422542338', NULL, 0.0000, NULL, NULL, NULL, NULL, NULL, NULL, NULL, 0, NULL, NULL, NULL, NULL, NULL, NULL, NULL, NULL, NULL, NULL, NULL, NULL, NULL, NULL, NULL, '2022-05-08 10:51:52', NULL, NULL);
INSERT INTO `tz_order` VALUES (49, NULL, '1502911354422542338', NULL, 0.0000, NULL, NULL, NULL, NULL, NULL, NULL, NULL, 0, NULL, NULL, NULL, NULL, NULL, NULL, NULL, NULL, NULL, NULL, NULL, NULL, NULL, NULL, NULL, '2022-05-08 10:53:16', NULL, NULL);
INSERT INTO `tz_order` VALUES (50, NULL, '1502911354422542338', NULL, 0.0000, NULL, NULL, NULL, NULL, NULL, NULL, NULL, 0, NULL, NULL, NULL, NULL, NULL, NULL, NULL, NULL, NULL, NULL, NULL, NULL, NULL, NULL, NULL, '2022-05-08 10:54:01', NULL, NULL);
INSERT INTO `tz_order` VALUES (51, NULL, '1502911354422542338', NULL, 0.0000, NULL, NULL, NULL, NULL, NULL, NULL, NULL, 0, NULL, NULL, NULL, NULL, NULL, NULL, NULL, NULL, NULL, NULL, NULL, NULL, NULL, NULL, NULL, '2022-05-08 10:56:01', NULL, NULL);
INSERT INTO `tz_order` VALUES (52, NULL, '1502911354422542338', NULL, 61.0000, NULL, NULL, NULL, NULL, NULL, NULL, NULL, 0, NULL, NULL, NULL, NULL, NULL, NULL, NULL, NULL, NULL, NULL, NULL, NULL, NULL, NULL, NULL, '2022-05-08 11:01:07', NULL, NULL);
INSERT INTO `tz_order` VALUES (53, NULL, '1502911354422542338', NULL, 61.0000, NULL, NULL, NULL, NULL, NULL, NULL, NULL, 0, NULL, NULL, NULL, NULL, NULL, NULL, NULL, NULL, NULL, NULL, NULL, NULL, NULL, NULL, NULL, '2022-05-08 11:01:13', NULL, NULL);
INSERT INTO `tz_order` VALUES (54, NULL, '1502911354422542338', NULL, 61.0000, NULL, NULL, NULL, NULL, NULL, NULL, NULL, 0, NULL, NULL, NULL, NULL, NULL, NULL, NULL, NULL, NULL, NULL, NULL, NULL, NULL, NULL, NULL, '2022-05-08 11:03:19', NULL, NULL);
INSERT INTO `tz_order` VALUES (55, NULL, '1502911354422542338', NULL, 61.0000, NULL, NULL, NULL, NULL, NULL, NULL, NULL, 0, NULL, NULL, NULL, NULL, NULL, NULL, NULL, NULL, NULL, NULL, NULL, NULL, NULL, NULL, NULL, '2022-05-08 11:06:56', NULL, NULL);
INSERT INTO `tz_order` VALUES (56, NULL, '1502911354422542338', NULL, 61.0000, NULL, NULL, NULL, NULL, NULL, NULL, NULL, 0, NULL, NULL, NULL, NULL, NULL, NULL, NULL, NULL, NULL, NULL, NULL, NULL, NULL, NULL, NULL, '2022-05-08 11:07:01', NULL, NULL);
INSERT INTO `tz_order` VALUES (57, NULL, '1502911354422542338', NULL, 61.0000, NULL, NULL, NULL, NULL, NULL, NULL, NULL, 0, NULL, NULL, NULL, NULL, NULL, NULL, NULL, NULL, NULL, NULL, NULL, NULL, NULL, NULL, NULL, '2022-05-08 11:18:25', NULL, NULL);
INSERT INTO `tz_order` VALUES (58, NULL, '1502911354422542338', NULL, 61.0000, NULL, NULL, NULL, NULL, NULL, NULL, NULL, 0, NULL, NULL, NULL, NULL, NULL, NULL, NULL, NULL, NULL, NULL, NULL, NULL, NULL, NULL, NULL, '2022-05-08 11:19:51', NULL, NULL);
INSERT INTO `tz_order` VALUES (59, NULL, '1502911354422542338', NULL, 61.0000, NULL, NULL, NULL, NULL, NULL, NULL, NULL, 0, NULL, NULL, NULL, NULL, NULL, NULL, NULL, NULL, NULL, NULL, NULL, NULL, NULL, NULL, NULL, '2022-05-08 11:21:05', NULL, NULL);
INSERT INTO `tz_order` VALUES (60, NULL, '1502911354422542338', NULL, 79.0000, NULL, NULL, NULL, NULL, NULL, NULL, NULL, 0, NULL, NULL, NULL, NULL, NULL, NULL, NULL, NULL, NULL, NULL, NULL, NULL, NULL, NULL, NULL, '2022-05-08 11:21:22', NULL, NULL);
INSERT INTO `tz_order` VALUES (61, NULL, '1502911354422542338', NULL, 25.0000, NULL, NULL, NULL, NULL, NULL, NULL, NULL, 0, NULL, NULL, NULL, NULL, NULL, NULL, NULL, NULL, NULL, NULL, NULL, NULL, NULL, NULL, NULL, '2022-05-08 11:23:08', NULL, NULL);
INSERT INTO `tz_order` VALUES (62, NULL, '1502911354422542338', NULL, 25.0000, NULL, NULL, NULL, NULL, NULL, NULL, NULL, 0, NULL, NULL, NULL, NULL, NULL, NULL, NULL, NULL, NULL, NULL, NULL, NULL, NULL, NULL, NULL, '2022-05-08 11:26:27', NULL, NULL);
INSERT INTO `tz_order` VALUES (63, NULL, '1502911354422542338', NULL, 25.0000, NULL, NULL, NULL, NULL, NULL, NULL, NULL, 0, NULL, NULL, NULL, NULL, NULL, NULL, NULL, NULL, NULL, NULL, NULL, NULL, NULL, NULL, NULL, '2022-05-08 11:27:28', NULL, NULL);
INSERT INTO `tz_order` VALUES (66, NULL, '1502911354422542338', NULL, 969.0000, NULL, NULL, NULL, NULL, NULL, NULL, NULL, 3, NULL, NULL, NULL, NULL, NULL, NULL, NULL, NULL, NULL, NULL, NULL, NULL, NULL, NULL, NULL, '2022-05-08 11:36:50', NULL, NULL);
INSERT INTO `tz_order` VALUES (67, NULL, '1502911354422542338', NULL, 79.0000, NULL, NULL, NULL, NULL, NULL, NULL, NULL, 3, NULL, NULL, NULL, NULL, NULL, NULL, NULL, NULL, NULL, NULL, NULL, NULL, NULL, NULL, NULL, '2022-05-08 11:38:48', NULL, NULL);
INSERT INTO `tz_order` VALUES (81, NULL, '1502911354422542338', NULL, 150.0000, NULL, NULL, NULL, NULL, NULL, NULL, NULL, 0, NULL, NULL, NULL, NULL, NULL, NULL, NULL, NULL, NULL, NULL, NULL, NULL, NULL, NULL, NULL, '2022-05-31 11:16:41', NULL, 4);
INSERT INTO `tz_order` VALUES (82, NULL, '1532532629235068930', NULL, 129.0000, NULL, NULL, NULL, NULL, NULL, NULL, NULL, 0, NULL, NULL, NULL, NULL, NULL, NULL, NULL, NULL, NULL, NULL, NULL, NULL, NULL, NULL, NULL, '2022-06-03 14:23:00', NULL, NULL);
INSERT INTO `tz_order` VALUES (96, NULL, '1532532629235068930', NULL, 150.0000, NULL, NULL, NULL, NULL, NULL, NULL, NULL, 0, NULL, NULL, NULL, NULL, NULL, NULL, NULL, NULL, NULL, NULL, NULL, NULL, NULL, NULL, NULL, '2022-06-03 15:10:32', NULL, 6);
INSERT INTO `tz_order` VALUES (98, NULL, '1532532629235068930', NULL, 1799.0000, NULL, NULL, NULL, NULL, NULL, 1, NULL, 3, NULL, NULL, NULL, NULL, NULL, NULL, NULL, NULL, NULL, NULL, NULL, NULL, NULL, NULL, NULL, '2022-06-03 15:29:30', NULL, 6);
INSERT INTO `tz_order` VALUES (100, NULL, '1532532629235068930', NULL, 84.0000, NULL, NULL, NULL, NULL, NULL, NULL, NULL, 0, NULL, NULL, NULL, NULL, NULL, NULL, NULL, NULL, NULL, NULL, NULL, NULL, NULL, NULL, NULL, '2022-06-03 18:04:31', NULL, 6);
INSERT INTO `tz_order` VALUES (101, NULL, '1532532629235068930', NULL, 978.0000, NULL, NULL, NULL, NULL, NULL, NULL, NULL, 0, NULL, NULL, NULL, NULL, NULL, NULL, NULL, NULL, NULL, NULL, NULL, NULL, NULL, NULL, NULL, '2022-06-03 20:06:30', NULL, 6);
INSERT INTO `tz_order` VALUES (102, NULL, '1532532629235068930', NULL, 53.5000, NULL, NULL, NULL, NULL, NULL, 1, NULL, 1, NULL, NULL, NULL, NULL, NULL, NULL, NULL, NULL, NULL, NULL, NULL, NULL, NULL, NULL, NULL, '2022-06-03 20:15:09', NULL, 6);
INSERT INTO `tz_order` VALUES (103, NULL, '1532532629235068930', NULL, 899.0000, NULL, NULL, NULL, NULL, NULL, NULL, NULL, 0, NULL, NULL, NULL, NULL, NULL, NULL, NULL, NULL, NULL, NULL, NULL, NULL, NULL, NULL, NULL, '2022-06-03 20:17:09', NULL, 6);
INSERT INTO `tz_order` VALUES (104, NULL, '1532532629235068930', NULL, 899.0000, NULL, NULL, NULL, NULL, NULL, 1, NULL, 1, NULL, NULL, NULL, NULL, NULL, NULL, NULL, NULL, NULL, NULL, NULL, NULL, NULL, NULL, NULL, '2022-06-03 20:17:16', NULL, 6);
INSERT INTO `tz_order` VALUES (105, NULL, '1532532629235068930', NULL, 129.0000, NULL, NULL, NULL, NULL, NULL, 1, NULL, 2, NULL, NULL, NULL, NULL, NULL, NULL, NULL, NULL, NULL, NULL, NULL, NULL, NULL, NULL, NULL, '2022-06-04 16:05:26', NULL, 6);
INSERT INTO `tz_order` VALUES (106, NULL, '1532532629235068930', NULL, 61.0000, NULL, NULL, NULL, NULL, NULL, 1, NULL, 2, NULL, NULL, NULL, NULL, NULL, NULL, NULL, NULL, NULL, NULL, NULL, NULL, NULL, NULL, NULL, '2022-06-04 16:07:51', NULL, 6);
INSERT INTO `tz_order` VALUES (107, NULL, '1502911354422542338', NULL, 129.0000, NULL, NULL, NULL, NULL, NULL, 1, NULL, 1, NULL, NULL, NULL, NULL, NULL, NULL, NULL, NULL, NULL, NULL, NULL, NULL, NULL, NULL, NULL, '2022-06-04 16:22:09', NULL, 4);
INSERT INTO `tz_order` VALUES (108, NULL, '1502911354422542338', NULL, 53.5000, NULL, NULL, NULL, NULL, NULL, 1, NULL, 1, NULL, NULL, NULL, NULL, NULL, NULL, NULL, NULL, NULL, NULL, NULL, NULL, NULL, NULL, NULL, '2022-06-04 16:26:34', NULL, 4);
INSERT INTO `tz_order` VALUES (109, NULL, '1502911354422542338', NULL, 129.0000, NULL, NULL, NULL, NULL, NULL, NULL, NULL, 0, NULL, NULL, NULL, NULL, NULL, NULL, NULL, NULL, NULL, NULL, NULL, NULL, NULL, NULL, NULL, '2022-06-04 16:47:23', NULL, 4);
INSERT INTO `tz_order` VALUES (110, NULL, '1532532629235068930', NULL, 53.5000, NULL, NULL, NULL, NULL, NULL, 1, NULL, 3, NULL, NULL, NULL, NULL, NULL, NULL, NULL, NULL, NULL, NULL, NULL, NULL, NULL, NULL, NULL, '2022-06-04 16:47:54', NULL, 6);

-- ----------------------------
-- Table structure for tz_order_addr
-- ----------------------------
DROP TABLE IF EXISTS `tz_order_addr`;
CREATE TABLE `tz_order_addr`  (
  `id` bigint(0) UNSIGNED NOT NULL AUTO_INCREMENT COMMENT 'ID',
  `real_name` varchar(255) CHARACTER SET utf8 COLLATE utf8_general_ci NULL DEFAULT NULL,
  `is_template` tinyint(0) NULL DEFAULT 2 COMMENT '（1是学校地址、2自定义地址）',
  `template_id` int(0) NULL DEFAULT NULL,
  `user_id` varchar(36) CHARACTER SET utf8 COLLATE utf8_general_ci NOT NULL DEFAULT '0' COMMENT '用户ID',
  `region` varchar(255) CHARACTER SET utf8 COLLATE utf8_general_ci NULL DEFAULT NULL COMMENT '地区',
  `receiver` varchar(50) CHARACTER SET utf8 COLLATE utf8_general_ci NULL DEFAULT NULL COMMENT '收货人',
  `addr` varchar(1000) CHARACTER SET utf8 COLLATE utf8_general_ci NULL DEFAULT NULL COMMENT '地址',
  `mobile` varchar(20) CHARACTER SET utf8 COLLATE utf8_general_ci NULL DEFAULT NULL COMMENT '手机',
  `create_time` datetime(0) NULL DEFAULT NULL COMMENT '建立时间',
  `update_time` datetime(0) NULL DEFAULT NULL COMMENT '更新时间',
  `user_addr_id` bigint(0) NULL DEFAULT NULL COMMENT '源地址ID',
  PRIMARY KEY (`id`) USING BTREE
) ENGINE = InnoDB AUTO_INCREMENT = 29 CHARACTER SET = utf8 COLLATE = utf8_general_ci COMMENT = '用户配送地址' ROW_FORMAT = Dynamic;

-- ----------------------------
-- Records of tz_order_addr
-- ----------------------------
INSERT INTO `tz_order_addr` VALUES (4, NULL, 2, NULL, '1502911354422542338', '四川宜宾翠屏区', '邹坤', '四川轻化工大学', '18280894627', '2022-04-30 17:30:07', '2022-05-09 00:20:37', 5);
INSERT INTO `tz_order_addr` VALUES (5, NULL, 2, NULL, '1502911354422542338', '四川宜宾翠屏区', '邹坤', '四川轻化工大学', '18280894627', '2022-04-30 17:30:07', '2022-05-09 11:59:40', 4);
INSERT INTO `tz_order_addr` VALUES (6, NULL, 2, NULL, '1502911354422542338', '四川省自贡李白河', '邹坤', '四川轻化工大学', '18280894627', '2022-05-08 20:39:56', NULL, NULL);
INSERT INTO `tz_order_addr` VALUES (7, NULL, 2, NULL, '1502911354422542338', '四川省自贡李白河', '邹坤', '四川轻化工大学', '18280894627', '2022-05-08 20:40:19', NULL, NULL);
INSERT INTO `tz_order_addr` VALUES (8, NULL, 2, NULL, '1502911354422542338', '四川省自贡李白河', '邹坤', '四川轻化工大学', '18280894627', '2022-05-08 20:45:02', NULL, NULL);
INSERT INTO `tz_order_addr` VALUES (9, NULL, 2, NULL, '1502911354422542338', '四川省自贡李白河', '邹坤', '四川轻化工大学', '18280894627', '2022-05-08 20:51:44', NULL, 5);
INSERT INTO `tz_order_addr` VALUES (10, NULL, 2, NULL, '1502911354422542338', '四川省自贡李白河', '邹坤', '四川轻化工大学', '18280894627', '2022-05-08 23:00:31', NULL, 5);
INSERT INTO `tz_order_addr` VALUES (11, NULL, 2, NULL, '1502911354422542338', '四川省自贡李白河', '邹坤', '四川轻化工大学', '18280894627', '2022-05-08 23:00:33', NULL, 5);
INSERT INTO `tz_order_addr` VALUES (12, NULL, 2, NULL, '1502911354422542338', '四川省自贡李白河', '邹坤', '四川轻化工大学', '18280894627', '2022-05-08 23:13:18', NULL, 5);
INSERT INTO `tz_order_addr` VALUES (13, NULL, 2, NULL, '1502911354422542338', '四川省自贡李白河', '邹坤', '四川轻化工大学', '18280894627', '2022-05-08 23:16:18', NULL, 5);
INSERT INTO `tz_order_addr` VALUES (14, NULL, 2, NULL, '1502911354422542338', '四川省自贡李白河', '邹坤', '四川轻化工大学', '18280894627', '2022-04-30 23:03:55', '2022-05-17 16:09:19', 5);
INSERT INTO `tz_order_addr` VALUES (15, NULL, 2, NULL, '1502911354422542338', '四川省自贡李白河', '邹坤', '四川轻化工大学', '18280894627', '2022-04-30 23:03:55', '2022-05-17 16:14:54', 5);
INSERT INTO `tz_order_addr` VALUES (16, NULL, 2, NULL, '1502911354422542338', '四川宜宾翠屏区', '邹坤', '四川轻化工大学', '18280894627', '2022-05-23 15:49:29', NULL, 4);
INSERT INTO `tz_order_addr` VALUES (17, NULL, 2, NULL, '1502911354422542338', '四川宜宾翠屏区', '邹坤', '四川轻化工大学', '18280894627', '2022-05-31 11:16:41', NULL, 4);
INSERT INTO `tz_order_addr` VALUES (18, NULL, 2, NULL, '1532532629235068930', '宜宾 翠屏区 SUSE', 'XMing', ' B8', '18280894627', '2022-06-03 14:35:10', NULL, 6);
INSERT INTO `tz_order_addr` VALUES (19, NULL, 2, NULL, '1532532629235068930', '宜宾 翠屏区 SUSE', 'XMing', ' B8', '18280894627', '2022-06-03 15:15:26', NULL, 6);
INSERT INTO `tz_order_addr` VALUES (20, NULL, 2, NULL, '1532532629235068930', '宜宾 翠屏区 SUSE', 'XMing', ' B8', '18280894627', '2022-06-03 15:29:30', NULL, 6);
INSERT INTO `tz_order_addr` VALUES (21, NULL, 2, NULL, '1532532629235068930', '宜宾 翠屏区 SUSE', 'XMing', ' B8', '18280894627', '2022-06-03 15:30:39', NULL, 6);
INSERT INTO `tz_order_addr` VALUES (22, NULL, 2, NULL, '1532532629235068930', '宜宾 翠屏区 SUSE', 'XMing', ' B8', '18280894627', '2022-06-03 18:04:31', NULL, 6);
INSERT INTO `tz_order_addr` VALUES (23, NULL, 2, NULL, '1532532629235068930', '宜宾 翠屏区 SUSE', 'XMing', ' B8', '18280894627', '2022-06-03 20:06:30', NULL, 6);
INSERT INTO `tz_order_addr` VALUES (24, NULL, 2, NULL, '1532532629235068930', '宜宾 翠屏区 SUSE', 'XMing', ' B8', '18280894627', '2022-06-03 20:15:09', NULL, 6);
INSERT INTO `tz_order_addr` VALUES (25, NULL, 2, NULL, '1532532629235068930', '宜宾 翠屏区 SUSE', 'XMing', ' B8', '18280894627', '2022-06-03 20:17:09', NULL, 6);
INSERT INTO `tz_order_addr` VALUES (26, NULL, 2, NULL, '1532532629235068930', '宜宾 翠屏区 SUSE', 'XMing', ' B8', '18280894627', '2022-06-03 20:17:16', NULL, 6);
INSERT INTO `tz_order_addr` VALUES (27, NULL, 2, NULL, '1532532629235068930', '宜宾 翠屏区 SUSE', 'XMing', ' B8', '18280894627', '2022-06-04 16:05:26', NULL, 6);
INSERT INTO `tz_order_addr` VALUES (28, NULL, 2, NULL, '1532532629235068930', '宜宾 翠屏区 SUSE', 'XMing', ' B8', '18280894627', '2022-06-04 16:07:51', NULL, 6);
INSERT INTO `tz_order_addr` VALUES (29, NULL, 2, NULL, '1502911354422542338', '四川宜宾翠屏区', '邹坤', '四川轻化工大学', '18280894627', '2022-06-04 16:47:23', NULL, 4);

-- ----------------------------
-- Table structure for tz_order_prod
-- ----------------------------
DROP TABLE IF EXISTS `tz_order_prod`;
CREATE TABLE `tz_order_prod`  (
  `id` bigint(0) NOT NULL AUTO_INCREMENT,
  `prod_id` bigint(0) NOT NULL COMMENT '产品ID',
  `prod_name` varchar(300) CHARACTER SET utf8 COLLATE utf8_general_ci NULL DEFAULT '' COMMENT '商品名称',
  `user_id` varchar(50) CHARACTER SET utf8 COLLATE utf8_general_ci NULL DEFAULT NULL COMMENT '用户（买家）id',
  `ori_price` decimal(15, 2) NULL COMMENT '原价',
  `price` decimal(15, 2) NULL DEFAULT NULL COMMENT '现价',
  `brief` varchar(500) CHARACTER SET utf8 COLLATE utf8_general_ci NULL DEFAULT '' COMMENT '简要描述,卖点等',
  `pic` varchar(1000) CHARACTER SET utf8 COLLATE utf8_general_ci NULL DEFAULT NULL COMMENT '商品主图 （预览图）',
  `imgs` varchar(1000) CHARACTER SET utf8 COLLATE utf8_general_ci NULL DEFAULT NULL COMMENT '商品图片，以,分割',
  `category_id` bigint(0) UNSIGNED NULL DEFAULT NULL COMMENT '商品分类',
  `number` int(0) NULL DEFAULT 0 COMMENT '销量',
  `create_time` datetime(0) NULL DEFAULT NULL COMMENT '录入时间',
  `update_time` datetime(0) NULL DEFAULT NULL COMMENT '修改时间',
  `putaway_time` datetime(0) NULL DEFAULT NULL COMMENT '上架时间',
  `delivery_price` decimal(10, 2) NULL DEFAULT NULL COMMENT '邮费',
  PRIMARY KEY (`id`) USING BTREE,
  INDEX `shop_id`(`user_id`) USING BTREE
) ENGINE = InnoDB AUTO_INCREMENT = 256 CHARACTER SET = utf8 COLLATE = utf8_general_ci COMMENT = '订单商品表' ROW_FORMAT = Dynamic;

-- ----------------------------
-- Records of tz_order_prod
-- ----------------------------
INSERT INTO `tz_order_prod` VALUES (91, 91, 'Apple iPhone 13 Pro', NULL, 0.00, 7648.00, 'Apple iPhone 13 Pro 苹果13pro 5G手机 二手手机 99新远峰蓝色 256G', 'https://suse-mall.oss-cn-chengdu.aliyuncs.com/2022/04/6d6e891fe1b24dcf89d95950742accb7.png,https://suse-mall.oss-cn-chengdu.aliyuncs.com/2022/04/c59494a4105f4222ae0caa089a0fb018.jpg', 'https://suse-mall.oss-cn-chengdu.aliyuncs.com/2022/04/9c59acffe86a4148a28f5706eaaf01e5.jpg,https://suse-mall.oss-cn-chengdu.aliyuncs.com/2022/04/69021436fd454097b514ed5866dcf17c.jpg,https://suse-mall.oss-cn-chengdu.aliyuncs.com/2022/04/41ff1ad60888437083b1b11a47af548b.jpg', 156, 1, '2022-04-25 19:49:57', '2022-04-25 19:49:57', '2022-04-25 19:49:57', NULL);
INSERT INTO `tz_order_prod` VALUES (100, 100, '卫衣外套女', NULL, 0.00, 61.00, '拉夏贝尔欧洲站洋气假两件卫衣外套女宽松女装2022年春秋新款气质百搭显瘦女士上衣 藏青色 L(110-130斤)', 'https://suse-mall.oss-cn-chengdu.aliyuncs.com/2022/04/b3b1b6b562e9422585f5884d001a87d0.jpg', 'https://suse-mall.oss-cn-chengdu.aliyuncs.com/2022/04/155e5811f78d49bb816a86395e5d5f0d.jpg,https://suse-mall.oss-cn-chengdu.aliyuncs.com/2022/04/3353ea944966463a9139a713110cd77d.jpg,https://suse-mall.oss-cn-chengdu.aliyuncs.com/2022/04/aee7ba3465214fc9bf2c2cef3d0e882d.jpg,https://suse-mall.oss-cn-chengdu.aliyuncs.com/2022/04/c53b9a63be1144d496f0f43058b03bcf.jpg', 26, 1, '2022-04-25 22:03:40', '2022-04-25 22:03:40', '2022-04-25 22:03:40', NULL);
INSERT INTO `tz_order_prod` VALUES (138, 100, '卫衣外套女', NULL, 0.00, 61.00, '拉夏贝尔欧洲站洋气假两件卫衣外套女宽松女装2022年春秋新款气质百搭显瘦女士上衣 藏青色 L(110-130斤)', 'https://suse-mall.oss-cn-chengdu.aliyuncs.com/2022/04/b3b1b6b562e9422585f5884d001a87d0.jpg', 'https://suse-mall.oss-cn-chengdu.aliyuncs.com/2022/04/155e5811f78d49bb816a86395e5d5f0d.jpg,https://suse-mall.oss-cn-chengdu.aliyuncs.com/2022/04/3353ea944966463a9139a713110cd77d.jpg,https://suse-mall.oss-cn-chengdu.aliyuncs.com/2022/04/aee7ba3465214fc9bf2c2cef3d0e882d.jpg,https://suse-mall.oss-cn-chengdu.aliyuncs.com/2022/04/c53b9a63be1144d496f0f43058b03bcf.jpg', 26, 1, '2022-04-25 22:03:40', '2022-04-25 22:03:40', '2022-04-25 22:03:40', NULL);
INSERT INTO `tz_order_prod` VALUES (139, 91, 'Apple iPhone 13 Pro', NULL, 0.00, 7648.00, 'Apple iPhone 13 Pro 苹果13pro 5G手机 二手手机 99新远峰蓝色 256G', 'https://suse-mall.oss-cn-chengdu.aliyuncs.com/2022/04/6d6e891fe1b24dcf89d95950742accb7.png,https://suse-mall.oss-cn-chengdu.aliyuncs.com/2022/04/c59494a4105f4222ae0caa089a0fb018.jpg', 'https://suse-mall.oss-cn-chengdu.aliyuncs.com/2022/04/9c59acffe86a4148a28f5706eaaf01e5.jpg,https://suse-mall.oss-cn-chengdu.aliyuncs.com/2022/04/69021436fd454097b514ed5866dcf17c.jpg,https://suse-mall.oss-cn-chengdu.aliyuncs.com/2022/04/41ff1ad60888437083b1b11a47af548b.jpg', 156, 1, '2022-04-25 19:49:57', '2022-04-25 19:49:57', '2022-04-25 19:49:57', NULL);
INSERT INTO `tz_order_prod` VALUES (140, 100, '卫衣外套女', NULL, 0.00, 61.00, '拉夏贝尔欧洲站洋气假两件卫衣外套女宽松女装2022年春秋新款气质百搭显瘦女士上衣 藏青色 L(110-130斤)', 'https://suse-mall.oss-cn-chengdu.aliyuncs.com/2022/04/b3b1b6b562e9422585f5884d001a87d0.jpg', 'https://suse-mall.oss-cn-chengdu.aliyuncs.com/2022/04/155e5811f78d49bb816a86395e5d5f0d.jpg,https://suse-mall.oss-cn-chengdu.aliyuncs.com/2022/04/3353ea944966463a9139a713110cd77d.jpg,https://suse-mall.oss-cn-chengdu.aliyuncs.com/2022/04/aee7ba3465214fc9bf2c2cef3d0e882d.jpg,https://suse-mall.oss-cn-chengdu.aliyuncs.com/2022/04/c53b9a63be1144d496f0f43058b03bcf.jpg', 26, 1, '2022-04-25 22:03:40', '2022-04-25 22:03:40', '2022-04-25 22:03:40', NULL);
INSERT INTO `tz_order_prod` VALUES (141, 91, 'Apple iPhone 13 Pro', NULL, 0.00, 7648.00, 'Apple iPhone 13 Pro 苹果13pro 5G手机 二手手机 99新远峰蓝色 256G', 'https://suse-mall.oss-cn-chengdu.aliyuncs.com/2022/04/6d6e891fe1b24dcf89d95950742accb7.png,https://suse-mall.oss-cn-chengdu.aliyuncs.com/2022/04/c59494a4105f4222ae0caa089a0fb018.jpg', 'https://suse-mall.oss-cn-chengdu.aliyuncs.com/2022/04/9c59acffe86a4148a28f5706eaaf01e5.jpg,https://suse-mall.oss-cn-chengdu.aliyuncs.com/2022/04/69021436fd454097b514ed5866dcf17c.jpg,https://suse-mall.oss-cn-chengdu.aliyuncs.com/2022/04/41ff1ad60888437083b1b11a47af548b.jpg', 156, 2, '2022-04-25 19:49:57', '2022-04-25 19:49:57', '2022-04-25 19:49:57', NULL);
INSERT INTO `tz_order_prod` VALUES (142, 100, '卫衣外套女', NULL, 0.00, 61.00, '拉夏贝尔欧洲站洋气假两件卫衣外套女宽松女装2022年春秋新款气质百搭显瘦女士上衣 藏青色 L(110-130斤)', 'https://suse-mall.oss-cn-chengdu.aliyuncs.com/2022/04/b3b1b6b562e9422585f5884d001a87d0.jpg', 'https://suse-mall.oss-cn-chengdu.aliyuncs.com/2022/04/155e5811f78d49bb816a86395e5d5f0d.jpg,https://suse-mall.oss-cn-chengdu.aliyuncs.com/2022/04/3353ea944966463a9139a713110cd77d.jpg,https://suse-mall.oss-cn-chengdu.aliyuncs.com/2022/04/aee7ba3465214fc9bf2c2cef3d0e882d.jpg,https://suse-mall.oss-cn-chengdu.aliyuncs.com/2022/04/c53b9a63be1144d496f0f43058b03bcf.jpg', 26, 2, '2022-04-25 22:03:40', '2022-04-25 22:03:40', '2022-04-25 22:03:40', NULL);
INSERT INTO `tz_order_prod` VALUES (143, 91, 'Apple iPhone 13 Pro', NULL, 0.00, 7648.00, 'Apple iPhone 13 Pro 苹果13pro 5G手机 二手手机 99新远峰蓝色 256G', 'https://suse-mall.oss-cn-chengdu.aliyuncs.com/2022/04/6d6e891fe1b24dcf89d95950742accb7.png,https://suse-mall.oss-cn-chengdu.aliyuncs.com/2022/04/c59494a4105f4222ae0caa089a0fb018.jpg', 'https://suse-mall.oss-cn-chengdu.aliyuncs.com/2022/04/9c59acffe86a4148a28f5706eaaf01e5.jpg,https://suse-mall.oss-cn-chengdu.aliyuncs.com/2022/04/69021436fd454097b514ed5866dcf17c.jpg,https://suse-mall.oss-cn-chengdu.aliyuncs.com/2022/04/41ff1ad60888437083b1b11a47af548b.jpg', 156, 2, '2022-04-25 19:49:57', '2022-04-25 19:49:57', '2022-04-25 19:49:57', NULL);
INSERT INTO `tz_order_prod` VALUES (144, 100, '卫衣外套女', NULL, 0.00, 61.00, '拉夏贝尔欧洲站洋气假两件卫衣外套女宽松女装2022年春秋新款气质百搭显瘦女士上衣 藏青色 L(110-130斤)', 'https://suse-mall.oss-cn-chengdu.aliyuncs.com/2022/04/b3b1b6b562e9422585f5884d001a87d0.jpg', 'https://suse-mall.oss-cn-chengdu.aliyuncs.com/2022/04/155e5811f78d49bb816a86395e5d5f0d.jpg,https://suse-mall.oss-cn-chengdu.aliyuncs.com/2022/04/3353ea944966463a9139a713110cd77d.jpg,https://suse-mall.oss-cn-chengdu.aliyuncs.com/2022/04/aee7ba3465214fc9bf2c2cef3d0e882d.jpg,https://suse-mall.oss-cn-chengdu.aliyuncs.com/2022/04/c53b9a63be1144d496f0f43058b03bcf.jpg', 26, 1, '2022-04-25 22:03:40', '2022-04-25 22:03:40', '2022-04-25 22:03:40', NULL);
INSERT INTO `tz_order_prod` VALUES (145, 91, 'Apple iPhone 13 Pro', NULL, 0.00, 7648.00, 'Apple iPhone 13 Pro 苹果13pro 5G手机 二手手机 99新远峰蓝色 256G', 'https://suse-mall.oss-cn-chengdu.aliyuncs.com/2022/04/6d6e891fe1b24dcf89d95950742accb7.png,https://suse-mall.oss-cn-chengdu.aliyuncs.com/2022/04/c59494a4105f4222ae0caa089a0fb018.jpg', 'https://suse-mall.oss-cn-chengdu.aliyuncs.com/2022/04/9c59acffe86a4148a28f5706eaaf01e5.jpg,https://suse-mall.oss-cn-chengdu.aliyuncs.com/2022/04/69021436fd454097b514ed5866dcf17c.jpg,https://suse-mall.oss-cn-chengdu.aliyuncs.com/2022/04/41ff1ad60888437083b1b11a47af548b.jpg', 156, 2, '2022-04-25 19:49:57', '2022-04-25 19:49:57', '2022-04-25 19:49:57', NULL);
INSERT INTO `tz_order_prod` VALUES (146, 100, '卫衣外套女', NULL, 0.00, 61.00, '拉夏贝尔欧洲站洋气假两件卫衣外套女宽松女装2022年春秋新款气质百搭显瘦女士上衣 藏青色 L(110-130斤)', 'https://suse-mall.oss-cn-chengdu.aliyuncs.com/2022/04/b3b1b6b562e9422585f5884d001a87d0.jpg', 'https://suse-mall.oss-cn-chengdu.aliyuncs.com/2022/04/155e5811f78d49bb816a86395e5d5f0d.jpg,https://suse-mall.oss-cn-chengdu.aliyuncs.com/2022/04/3353ea944966463a9139a713110cd77d.jpg,https://suse-mall.oss-cn-chengdu.aliyuncs.com/2022/04/aee7ba3465214fc9bf2c2cef3d0e882d.jpg,https://suse-mall.oss-cn-chengdu.aliyuncs.com/2022/04/c53b9a63be1144d496f0f43058b03bcf.jpg', 26, 1, '2022-04-25 22:03:40', '2022-04-25 22:03:40', '2022-04-25 22:03:40', NULL);
INSERT INTO `tz_order_prod` VALUES (147, 91, 'Apple iPhone 13 Pro', NULL, 0.00, 7648.00, 'Apple iPhone 13 Pro 苹果13pro 5G手机 二手手机 99新远峰蓝色 256G', 'https://suse-mall.oss-cn-chengdu.aliyuncs.com/2022/04/6d6e891fe1b24dcf89d95950742accb7.png,https://suse-mall.oss-cn-chengdu.aliyuncs.com/2022/04/c59494a4105f4222ae0caa089a0fb018.jpg', 'https://suse-mall.oss-cn-chengdu.aliyuncs.com/2022/04/9c59acffe86a4148a28f5706eaaf01e5.jpg,https://suse-mall.oss-cn-chengdu.aliyuncs.com/2022/04/69021436fd454097b514ed5866dcf17c.jpg,https://suse-mall.oss-cn-chengdu.aliyuncs.com/2022/04/41ff1ad60888437083b1b11a47af548b.jpg', 156, 2, '2022-04-25 19:49:57', '2022-04-25 19:49:57', '2022-04-25 19:49:57', NULL);
INSERT INTO `tz_order_prod` VALUES (148, 100, '卫衣外套女', NULL, 0.00, 61.00, '拉夏贝尔欧洲站洋气假两件卫衣外套女宽松女装2022年春秋新款气质百搭显瘦女士上衣 藏青色 L(110-130斤)', 'https://suse-mall.oss-cn-chengdu.aliyuncs.com/2022/04/b3b1b6b562e9422585f5884d001a87d0.jpg', 'https://suse-mall.oss-cn-chengdu.aliyuncs.com/2022/04/155e5811f78d49bb816a86395e5d5f0d.jpg,https://suse-mall.oss-cn-chengdu.aliyuncs.com/2022/04/3353ea944966463a9139a713110cd77d.jpg,https://suse-mall.oss-cn-chengdu.aliyuncs.com/2022/04/aee7ba3465214fc9bf2c2cef3d0e882d.jpg,https://suse-mall.oss-cn-chengdu.aliyuncs.com/2022/04/c53b9a63be1144d496f0f43058b03bcf.jpg', 26, 1, '2022-04-25 22:03:40', '2022-04-25 22:03:40', '2022-04-25 22:03:40', NULL);
INSERT INTO `tz_order_prod` VALUES (149, 91, 'Apple iPhone 13 Pro', NULL, 0.00, 7648.00, 'Apple iPhone 13 Pro 苹果13pro 5G手机 二手手机 99新远峰蓝色 256G', 'https://suse-mall.oss-cn-chengdu.aliyuncs.com/2022/04/6d6e891fe1b24dcf89d95950742accb7.png,https://suse-mall.oss-cn-chengdu.aliyuncs.com/2022/04/c59494a4105f4222ae0caa089a0fb018.jpg', 'https://suse-mall.oss-cn-chengdu.aliyuncs.com/2022/04/9c59acffe86a4148a28f5706eaaf01e5.jpg,https://suse-mall.oss-cn-chengdu.aliyuncs.com/2022/04/69021436fd454097b514ed5866dcf17c.jpg,https://suse-mall.oss-cn-chengdu.aliyuncs.com/2022/04/41ff1ad60888437083b1b11a47af548b.jpg', 156, 2, '2022-04-25 19:49:57', '2022-04-25 19:49:57', '2022-04-25 19:49:57', NULL);
INSERT INTO `tz_order_prod` VALUES (150, 100, '卫衣外套女', NULL, 0.00, 61.00, '拉夏贝尔欧洲站洋气假两件卫衣外套女宽松女装2022年春秋新款气质百搭显瘦女士上衣 藏青色 L(110-130斤)', 'https://suse-mall.oss-cn-chengdu.aliyuncs.com/2022/04/b3b1b6b562e9422585f5884d001a87d0.jpg', 'https://suse-mall.oss-cn-chengdu.aliyuncs.com/2022/04/155e5811f78d49bb816a86395e5d5f0d.jpg,https://suse-mall.oss-cn-chengdu.aliyuncs.com/2022/04/3353ea944966463a9139a713110cd77d.jpg,https://suse-mall.oss-cn-chengdu.aliyuncs.com/2022/04/aee7ba3465214fc9bf2c2cef3d0e882d.jpg,https://suse-mall.oss-cn-chengdu.aliyuncs.com/2022/04/c53b9a63be1144d496f0f43058b03bcf.jpg', 26, 1, '2022-04-25 22:03:40', '2022-04-25 22:03:40', '2022-04-25 22:03:40', NULL);
INSERT INTO `tz_order_prod` VALUES (151, 91, 'Apple iPhone 13 Pro', NULL, 0.00, 7648.00, 'Apple iPhone 13 Pro 苹果13pro 5G手机 二手手机 99新远峰蓝色 256G', 'https://suse-mall.oss-cn-chengdu.aliyuncs.com/2022/04/6d6e891fe1b24dcf89d95950742accb7.png,https://suse-mall.oss-cn-chengdu.aliyuncs.com/2022/04/c59494a4105f4222ae0caa089a0fb018.jpg', 'https://suse-mall.oss-cn-chengdu.aliyuncs.com/2022/04/9c59acffe86a4148a28f5706eaaf01e5.jpg,https://suse-mall.oss-cn-chengdu.aliyuncs.com/2022/04/69021436fd454097b514ed5866dcf17c.jpg,https://suse-mall.oss-cn-chengdu.aliyuncs.com/2022/04/41ff1ad60888437083b1b11a47af548b.jpg', 156, 2, '2022-04-25 19:49:57', '2022-04-25 19:49:57', '2022-04-25 19:49:57', NULL);
INSERT INTO `tz_order_prod` VALUES (152, 93, '魅族17', NULL, 0.00, 1799.00, '魅族17 8GB+128GB 十七度灰 骁龙865 旗舰5G手机 30W快充 6400W后置主摄 90Hz屏幕 支持NFC 智能拍照游戏手机', 'https://suse-mall.oss-cn-chengdu.aliyuncs.com/2022/04/25008e57a25149f5af1fd48d83ee5fc6.avif,https://suse-mall.oss-cn-chengdu.aliyuncs.com/2022/04/692908ce888a4131a524c4caad9b3b76.avif,https://suse-mall.oss-cn-chengdu.aliyuncs.com/2022/04/90d1f702ce074115a1ba16452386fa69.avif,https://suse-mall.oss-cn-chengdu.aliyuncs.com/2022/04/50a2472c50354e40b34e4a91e33b1b3c.avif', 'https://suse-mall.oss-cn-chengdu.aliyuncs.com/2022/04/00bbe776a6b144aabefe885b3b447c0b.jpg,https://suse-mall.oss-cn-chengdu.aliyuncs.com/2022/04/05c9baad1ea240a2972c46d6901d4bdc.jpg,https://suse-mall.oss-cn-chengdu.aliyuncs.com/2022/04/e61c651a5c624b009b44bc32c80afe39.jpg,https://suse-mall.oss-cn-chengdu.aliyuncs.com/2022/04/7736a324126246368a79b54d7a1a1a66.jpg', 156, 1, '2022-04-25 20:03:46', '2022-04-25 20:03:46', '2022-04-25 20:03:46', NULL);
INSERT INTO `tz_order_prod` VALUES (153, 100, '卫衣外套女', NULL, 0.00, 61.00, '拉夏贝尔欧洲站洋气假两件卫衣外套女宽松女装2022年春秋新款气质百搭显瘦女士上衣 藏青色 L(110-130斤)', 'https://suse-mall.oss-cn-chengdu.aliyuncs.com/2022/04/b3b1b6b562e9422585f5884d001a87d0.jpg', 'https://suse-mall.oss-cn-chengdu.aliyuncs.com/2022/04/155e5811f78d49bb816a86395e5d5f0d.jpg,https://suse-mall.oss-cn-chengdu.aliyuncs.com/2022/04/3353ea944966463a9139a713110cd77d.jpg,https://suse-mall.oss-cn-chengdu.aliyuncs.com/2022/04/aee7ba3465214fc9bf2c2cef3d0e882d.jpg,https://suse-mall.oss-cn-chengdu.aliyuncs.com/2022/04/c53b9a63be1144d496f0f43058b03bcf.jpg', 26, 1, '2022-04-25 22:03:40', '2022-04-25 22:03:40', '2022-04-25 22:03:40', NULL);
INSERT INTO `tz_order_prod` VALUES (154, 91, 'Apple iPhone 13 Pro', NULL, 0.00, 7648.00, 'Apple iPhone 13 Pro 苹果13pro 5G手机 二手手机 99新远峰蓝色 256G', 'https://suse-mall.oss-cn-chengdu.aliyuncs.com/2022/04/6d6e891fe1b24dcf89d95950742accb7.png,https://suse-mall.oss-cn-chengdu.aliyuncs.com/2022/04/c59494a4105f4222ae0caa089a0fb018.jpg', 'https://suse-mall.oss-cn-chengdu.aliyuncs.com/2022/04/9c59acffe86a4148a28f5706eaaf01e5.jpg,https://suse-mall.oss-cn-chengdu.aliyuncs.com/2022/04/69021436fd454097b514ed5866dcf17c.jpg,https://suse-mall.oss-cn-chengdu.aliyuncs.com/2022/04/41ff1ad60888437083b1b11a47af548b.jpg', 156, 2, '2022-04-25 19:49:57', '2022-04-25 19:49:57', '2022-04-25 19:49:57', NULL);
INSERT INTO `tz_order_prod` VALUES (155, 93, '魅族17', NULL, 0.00, 1799.00, '魅族17 8GB+128GB 十七度灰 骁龙865 旗舰5G手机 30W快充 6400W后置主摄 90Hz屏幕 支持NFC 智能拍照游戏手机', 'https://suse-mall.oss-cn-chengdu.aliyuncs.com/2022/04/25008e57a25149f5af1fd48d83ee5fc6.avif,https://suse-mall.oss-cn-chengdu.aliyuncs.com/2022/04/692908ce888a4131a524c4caad9b3b76.avif,https://suse-mall.oss-cn-chengdu.aliyuncs.com/2022/04/90d1f702ce074115a1ba16452386fa69.avif,https://suse-mall.oss-cn-chengdu.aliyuncs.com/2022/04/50a2472c50354e40b34e4a91e33b1b3c.avif', 'https://suse-mall.oss-cn-chengdu.aliyuncs.com/2022/04/00bbe776a6b144aabefe885b3b447c0b.jpg,https://suse-mall.oss-cn-chengdu.aliyuncs.com/2022/04/05c9baad1ea240a2972c46d6901d4bdc.jpg,https://suse-mall.oss-cn-chengdu.aliyuncs.com/2022/04/e61c651a5c624b009b44bc32c80afe39.jpg,https://suse-mall.oss-cn-chengdu.aliyuncs.com/2022/04/7736a324126246368a79b54d7a1a1a66.jpg', 156, 1, '2022-04-25 20:03:46', '2022-04-25 20:03:46', '2022-04-25 20:03:46', NULL);
INSERT INTO `tz_order_prod` VALUES (156, 100, '卫衣外套女', NULL, 0.00, 61.00, '拉夏贝尔欧洲站洋气假两件卫衣外套女宽松女装2022年春秋新款气质百搭显瘦女士上衣 藏青色 L(110-130斤)', 'https://suse-mall.oss-cn-chengdu.aliyuncs.com/2022/04/b3b1b6b562e9422585f5884d001a87d0.jpg', 'https://suse-mall.oss-cn-chengdu.aliyuncs.com/2022/04/155e5811f78d49bb816a86395e5d5f0d.jpg,https://suse-mall.oss-cn-chengdu.aliyuncs.com/2022/04/3353ea944966463a9139a713110cd77d.jpg,https://suse-mall.oss-cn-chengdu.aliyuncs.com/2022/04/aee7ba3465214fc9bf2c2cef3d0e882d.jpg,https://suse-mall.oss-cn-chengdu.aliyuncs.com/2022/04/c53b9a63be1144d496f0f43058b03bcf.jpg', 26, 1, '2022-04-25 22:03:40', '2022-04-25 22:03:40', '2022-04-25 22:03:40', NULL);
INSERT INTO `tz_order_prod` VALUES (157, 91, 'Apple iPhone 13 Pro', NULL, 0.00, 7648.00, 'Apple iPhone 13 Pro 苹果13pro 5G手机 二手手机 99新远峰蓝色 256G', 'https://suse-mall.oss-cn-chengdu.aliyuncs.com/2022/04/6d6e891fe1b24dcf89d95950742accb7.png,https://suse-mall.oss-cn-chengdu.aliyuncs.com/2022/04/c59494a4105f4222ae0caa089a0fb018.jpg', 'https://suse-mall.oss-cn-chengdu.aliyuncs.com/2022/04/9c59acffe86a4148a28f5706eaaf01e5.jpg,https://suse-mall.oss-cn-chengdu.aliyuncs.com/2022/04/69021436fd454097b514ed5866dcf17c.jpg,https://suse-mall.oss-cn-chengdu.aliyuncs.com/2022/04/41ff1ad60888437083b1b11a47af548b.jpg', 156, 2, '2022-04-25 19:49:57', '2022-04-25 19:49:57', '2022-04-25 19:49:57', NULL);
INSERT INTO `tz_order_prod` VALUES (158, 93, '魅族17', NULL, 0.00, 1799.00, '魅族17 8GB+128GB 十七度灰 骁龙865 旗舰5G手机 30W快充 6400W后置主摄 90Hz屏幕 支持NFC 智能拍照游戏手机', 'https://suse-mall.oss-cn-chengdu.aliyuncs.com/2022/04/25008e57a25149f5af1fd48d83ee5fc6.avif,https://suse-mall.oss-cn-chengdu.aliyuncs.com/2022/04/692908ce888a4131a524c4caad9b3b76.avif,https://suse-mall.oss-cn-chengdu.aliyuncs.com/2022/04/90d1f702ce074115a1ba16452386fa69.avif,https://suse-mall.oss-cn-chengdu.aliyuncs.com/2022/04/50a2472c50354e40b34e4a91e33b1b3c.avif', 'https://suse-mall.oss-cn-chengdu.aliyuncs.com/2022/04/00bbe776a6b144aabefe885b3b447c0b.jpg,https://suse-mall.oss-cn-chengdu.aliyuncs.com/2022/04/05c9baad1ea240a2972c46d6901d4bdc.jpg,https://suse-mall.oss-cn-chengdu.aliyuncs.com/2022/04/e61c651a5c624b009b44bc32c80afe39.jpg,https://suse-mall.oss-cn-chengdu.aliyuncs.com/2022/04/7736a324126246368a79b54d7a1a1a66.jpg', 156, 1, '2022-04-25 20:03:46', '2022-04-25 20:03:46', '2022-04-25 20:03:46', NULL);
INSERT INTO `tz_order_prod` VALUES (159, 100, '卫衣外套女', NULL, 0.00, 61.00, '拉夏贝尔欧洲站洋气假两件卫衣外套女宽松女装2022年春秋新款气质百搭显瘦女士上衣 藏青色 L(110-130斤)', 'https://suse-mall.oss-cn-chengdu.aliyuncs.com/2022/04/b3b1b6b562e9422585f5884d001a87d0.jpg', 'https://suse-mall.oss-cn-chengdu.aliyuncs.com/2022/04/155e5811f78d49bb816a86395e5d5f0d.jpg,https://suse-mall.oss-cn-chengdu.aliyuncs.com/2022/04/3353ea944966463a9139a713110cd77d.jpg,https://suse-mall.oss-cn-chengdu.aliyuncs.com/2022/04/aee7ba3465214fc9bf2c2cef3d0e882d.jpg,https://suse-mall.oss-cn-chengdu.aliyuncs.com/2022/04/c53b9a63be1144d496f0f43058b03bcf.jpg', 26, 1, '2022-04-25 22:03:40', '2022-04-25 22:03:40', '2022-04-25 22:03:40', NULL);
INSERT INTO `tz_order_prod` VALUES (160, 91, 'Apple iPhone 13 Pro', NULL, 0.00, 7648.00, 'Apple iPhone 13 Pro 苹果13pro 5G手机 二手手机 99新远峰蓝色 256G', 'https://suse-mall.oss-cn-chengdu.aliyuncs.com/2022/04/6d6e891fe1b24dcf89d95950742accb7.png,https://suse-mall.oss-cn-chengdu.aliyuncs.com/2022/04/c59494a4105f4222ae0caa089a0fb018.jpg', 'https://suse-mall.oss-cn-chengdu.aliyuncs.com/2022/04/9c59acffe86a4148a28f5706eaaf01e5.jpg,https://suse-mall.oss-cn-chengdu.aliyuncs.com/2022/04/69021436fd454097b514ed5866dcf17c.jpg,https://suse-mall.oss-cn-chengdu.aliyuncs.com/2022/04/41ff1ad60888437083b1b11a47af548b.jpg', 156, 2, '2022-04-25 19:49:57', '2022-04-25 19:49:57', '2022-04-25 19:49:57', NULL);
INSERT INTO `tz_order_prod` VALUES (161, 93, '魅族17', NULL, 0.00, 1799.00, '魅族17 8GB+128GB 十七度灰 骁龙865 旗舰5G手机 30W快充 6400W后置主摄 90Hz屏幕 支持NFC 智能拍照游戏手机', 'https://suse-mall.oss-cn-chengdu.aliyuncs.com/2022/04/25008e57a25149f5af1fd48d83ee5fc6.avif,https://suse-mall.oss-cn-chengdu.aliyuncs.com/2022/04/692908ce888a4131a524c4caad9b3b76.avif,https://suse-mall.oss-cn-chengdu.aliyuncs.com/2022/04/90d1f702ce074115a1ba16452386fa69.avif,https://suse-mall.oss-cn-chengdu.aliyuncs.com/2022/04/50a2472c50354e40b34e4a91e33b1b3c.avif', 'https://suse-mall.oss-cn-chengdu.aliyuncs.com/2022/04/00bbe776a6b144aabefe885b3b447c0b.jpg,https://suse-mall.oss-cn-chengdu.aliyuncs.com/2022/04/05c9baad1ea240a2972c46d6901d4bdc.jpg,https://suse-mall.oss-cn-chengdu.aliyuncs.com/2022/04/e61c651a5c624b009b44bc32c80afe39.jpg,https://suse-mall.oss-cn-chengdu.aliyuncs.com/2022/04/7736a324126246368a79b54d7a1a1a66.jpg', 156, 1, '2022-04-25 20:03:46', '2022-04-25 20:03:46', '2022-04-25 20:03:46', NULL);
INSERT INTO `tz_order_prod` VALUES (162, 100, '卫衣外套女', NULL, 0.00, 61.00, '拉夏贝尔欧洲站洋气假两件卫衣外套女宽松女装2022年春秋新款气质百搭显瘦女士上衣 藏青色 L(110-130斤)', 'https://suse-mall.oss-cn-chengdu.aliyuncs.com/2022/04/b3b1b6b562e9422585f5884d001a87d0.jpg', 'https://suse-mall.oss-cn-chengdu.aliyuncs.com/2022/04/155e5811f78d49bb816a86395e5d5f0d.jpg,https://suse-mall.oss-cn-chengdu.aliyuncs.com/2022/04/3353ea944966463a9139a713110cd77d.jpg,https://suse-mall.oss-cn-chengdu.aliyuncs.com/2022/04/aee7ba3465214fc9bf2c2cef3d0e882d.jpg,https://suse-mall.oss-cn-chengdu.aliyuncs.com/2022/04/c53b9a63be1144d496f0f43058b03bcf.jpg', 26, 1, '2022-04-25 22:03:40', '2022-04-25 22:03:40', '2022-04-25 22:03:40', NULL);
INSERT INTO `tz_order_prod` VALUES (163, 91, 'Apple iPhone 13 Pro', NULL, 0.00, 7648.00, 'Apple iPhone 13 Pro 苹果13pro 5G手机 二手手机 99新远峰蓝色 256G', 'https://suse-mall.oss-cn-chengdu.aliyuncs.com/2022/04/6d6e891fe1b24dcf89d95950742accb7.png,https://suse-mall.oss-cn-chengdu.aliyuncs.com/2022/04/c59494a4105f4222ae0caa089a0fb018.jpg', 'https://suse-mall.oss-cn-chengdu.aliyuncs.com/2022/04/9c59acffe86a4148a28f5706eaaf01e5.jpg,https://suse-mall.oss-cn-chengdu.aliyuncs.com/2022/04/69021436fd454097b514ed5866dcf17c.jpg,https://suse-mall.oss-cn-chengdu.aliyuncs.com/2022/04/41ff1ad60888437083b1b11a47af548b.jpg', 156, 2, '2022-04-25 19:49:57', '2022-04-25 19:49:57', '2022-04-25 19:49:57', NULL);
INSERT INTO `tz_order_prod` VALUES (164, 93, '魅族17', NULL, 0.00, 1799.00, '魅族17 8GB+128GB 十七度灰 骁龙865 旗舰5G手机 30W快充 6400W后置主摄 90Hz屏幕 支持NFC 智能拍照游戏手机', 'https://suse-mall.oss-cn-chengdu.aliyuncs.com/2022/04/25008e57a25149f5af1fd48d83ee5fc6.avif,https://suse-mall.oss-cn-chengdu.aliyuncs.com/2022/04/692908ce888a4131a524c4caad9b3b76.avif,https://suse-mall.oss-cn-chengdu.aliyuncs.com/2022/04/90d1f702ce074115a1ba16452386fa69.avif,https://suse-mall.oss-cn-chengdu.aliyuncs.com/2022/04/50a2472c50354e40b34e4a91e33b1b3c.avif', 'https://suse-mall.oss-cn-chengdu.aliyuncs.com/2022/04/00bbe776a6b144aabefe885b3b447c0b.jpg,https://suse-mall.oss-cn-chengdu.aliyuncs.com/2022/04/05c9baad1ea240a2972c46d6901d4bdc.jpg,https://suse-mall.oss-cn-chengdu.aliyuncs.com/2022/04/e61c651a5c624b009b44bc32c80afe39.jpg,https://suse-mall.oss-cn-chengdu.aliyuncs.com/2022/04/7736a324126246368a79b54d7a1a1a66.jpg', 156, 1, '2022-04-25 20:03:46', '2022-04-25 20:03:46', '2022-04-25 20:03:46', NULL);
INSERT INTO `tz_order_prod` VALUES (165, 100, '卫衣外套女', NULL, 0.00, 61.00, '拉夏贝尔欧洲站洋气假两件卫衣外套女宽松女装2022年春秋新款气质百搭显瘦女士上衣 藏青色 L(110-130斤)', 'https://suse-mall.oss-cn-chengdu.aliyuncs.com/2022/04/b3b1b6b562e9422585f5884d001a87d0.jpg', 'https://suse-mall.oss-cn-chengdu.aliyuncs.com/2022/04/155e5811f78d49bb816a86395e5d5f0d.jpg,https://suse-mall.oss-cn-chengdu.aliyuncs.com/2022/04/3353ea944966463a9139a713110cd77d.jpg,https://suse-mall.oss-cn-chengdu.aliyuncs.com/2022/04/aee7ba3465214fc9bf2c2cef3d0e882d.jpg,https://suse-mall.oss-cn-chengdu.aliyuncs.com/2022/04/c53b9a63be1144d496f0f43058b03bcf.jpg', 26, 1, '2022-04-25 22:03:40', '2022-04-25 22:03:40', '2022-04-25 22:03:40', NULL);
INSERT INTO `tz_order_prod` VALUES (166, 91, 'Apple iPhone 13 Pro', NULL, 0.00, 7648.00, 'Apple iPhone 13 Pro 苹果13pro 5G手机 二手手机 99新远峰蓝色 256G', 'https://suse-mall.oss-cn-chengdu.aliyuncs.com/2022/04/6d6e891fe1b24dcf89d95950742accb7.png,https://suse-mall.oss-cn-chengdu.aliyuncs.com/2022/04/c59494a4105f4222ae0caa089a0fb018.jpg', 'https://suse-mall.oss-cn-chengdu.aliyuncs.com/2022/04/9c59acffe86a4148a28f5706eaaf01e5.jpg,https://suse-mall.oss-cn-chengdu.aliyuncs.com/2022/04/69021436fd454097b514ed5866dcf17c.jpg,https://suse-mall.oss-cn-chengdu.aliyuncs.com/2022/04/41ff1ad60888437083b1b11a47af548b.jpg', 156, 2, '2022-04-25 19:49:57', '2022-04-25 19:49:57', '2022-04-25 19:49:57', NULL);
INSERT INTO `tz_order_prod` VALUES (167, 93, '魅族17', NULL, 0.00, 1799.00, '魅族17 8GB+128GB 十七度灰 骁龙865 旗舰5G手机 30W快充 6400W后置主摄 90Hz屏幕 支持NFC 智能拍照游戏手机', 'https://suse-mall.oss-cn-chengdu.aliyuncs.com/2022/04/25008e57a25149f5af1fd48d83ee5fc6.avif,https://suse-mall.oss-cn-chengdu.aliyuncs.com/2022/04/692908ce888a4131a524c4caad9b3b76.avif,https://suse-mall.oss-cn-chengdu.aliyuncs.com/2022/04/90d1f702ce074115a1ba16452386fa69.avif,https://suse-mall.oss-cn-chengdu.aliyuncs.com/2022/04/50a2472c50354e40b34e4a91e33b1b3c.avif', 'https://suse-mall.oss-cn-chengdu.aliyuncs.com/2022/04/00bbe776a6b144aabefe885b3b447c0b.jpg,https://suse-mall.oss-cn-chengdu.aliyuncs.com/2022/04/05c9baad1ea240a2972c46d6901d4bdc.jpg,https://suse-mall.oss-cn-chengdu.aliyuncs.com/2022/04/e61c651a5c624b009b44bc32c80afe39.jpg,https://suse-mall.oss-cn-chengdu.aliyuncs.com/2022/04/7736a324126246368a79b54d7a1a1a66.jpg', 156, 1, '2022-04-25 20:03:46', '2022-04-25 20:03:46', '2022-04-25 20:03:46', NULL);
INSERT INTO `tz_order_prod` VALUES (168, 100, '卫衣外套女', NULL, 0.00, 61.00, '拉夏贝尔欧洲站洋气假两件卫衣外套女宽松女装2022年春秋新款气质百搭显瘦女士上衣 藏青色 L(110-130斤)', 'https://suse-mall.oss-cn-chengdu.aliyuncs.com/2022/04/b3b1b6b562e9422585f5884d001a87d0.jpg', 'https://suse-mall.oss-cn-chengdu.aliyuncs.com/2022/04/155e5811f78d49bb816a86395e5d5f0d.jpg,https://suse-mall.oss-cn-chengdu.aliyuncs.com/2022/04/3353ea944966463a9139a713110cd77d.jpg,https://suse-mall.oss-cn-chengdu.aliyuncs.com/2022/04/aee7ba3465214fc9bf2c2cef3d0e882d.jpg,https://suse-mall.oss-cn-chengdu.aliyuncs.com/2022/04/c53b9a63be1144d496f0f43058b03bcf.jpg', 26, 1, '2022-04-25 22:03:40', '2022-04-25 22:03:40', '2022-04-25 22:03:40', NULL);
INSERT INTO `tz_order_prod` VALUES (169, 91, 'Apple iPhone 13 Pro', NULL, 0.00, 7648.00, 'Apple iPhone 13 Pro 苹果13pro 5G手机 二手手机 99新远峰蓝色 256G', 'https://suse-mall.oss-cn-chengdu.aliyuncs.com/2022/04/6d6e891fe1b24dcf89d95950742accb7.png,https://suse-mall.oss-cn-chengdu.aliyuncs.com/2022/04/c59494a4105f4222ae0caa089a0fb018.jpg', 'https://suse-mall.oss-cn-chengdu.aliyuncs.com/2022/04/9c59acffe86a4148a28f5706eaaf01e5.jpg,https://suse-mall.oss-cn-chengdu.aliyuncs.com/2022/04/69021436fd454097b514ed5866dcf17c.jpg,https://suse-mall.oss-cn-chengdu.aliyuncs.com/2022/04/41ff1ad60888437083b1b11a47af548b.jpg', 156, 2, '2022-04-25 19:49:57', '2022-04-25 19:49:57', '2022-04-25 19:49:57', NULL);
INSERT INTO `tz_order_prod` VALUES (170, 93, '魅族17', NULL, 0.00, 1799.00, '魅族17 8GB+128GB 十七度灰 骁龙865 旗舰5G手机 30W快充 6400W后置主摄 90Hz屏幕 支持NFC 智能拍照游戏手机', 'https://suse-mall.oss-cn-chengdu.aliyuncs.com/2022/04/25008e57a25149f5af1fd48d83ee5fc6.avif,https://suse-mall.oss-cn-chengdu.aliyuncs.com/2022/04/692908ce888a4131a524c4caad9b3b76.avif,https://suse-mall.oss-cn-chengdu.aliyuncs.com/2022/04/90d1f702ce074115a1ba16452386fa69.avif,https://suse-mall.oss-cn-chengdu.aliyuncs.com/2022/04/50a2472c50354e40b34e4a91e33b1b3c.avif', 'https://suse-mall.oss-cn-chengdu.aliyuncs.com/2022/04/00bbe776a6b144aabefe885b3b447c0b.jpg,https://suse-mall.oss-cn-chengdu.aliyuncs.com/2022/04/05c9baad1ea240a2972c46d6901d4bdc.jpg,https://suse-mall.oss-cn-chengdu.aliyuncs.com/2022/04/e61c651a5c624b009b44bc32c80afe39.jpg,https://suse-mall.oss-cn-chengdu.aliyuncs.com/2022/04/7736a324126246368a79b54d7a1a1a66.jpg', 156, 1, '2022-04-25 20:03:46', '2022-04-25 20:03:46', '2022-04-25 20:03:46', NULL);
INSERT INTO `tz_order_prod` VALUES (171, 93, '魅族17', NULL, 0.00, 1799.00, '魅族17 8GB+128GB 十七度灰 骁龙865 旗舰5G手机 30W快充 6400W后置主摄 90Hz屏幕 支持NFC 智能拍照游戏手机', 'https://suse-mall.oss-cn-chengdu.aliyuncs.com/2022/04/25008e57a25149f5af1fd48d83ee5fc6.avif,https://suse-mall.oss-cn-chengdu.aliyuncs.com/2022/04/692908ce888a4131a524c4caad9b3b76.avif,https://suse-mall.oss-cn-chengdu.aliyuncs.com/2022/04/90d1f702ce074115a1ba16452386fa69.avif,https://suse-mall.oss-cn-chengdu.aliyuncs.com/2022/04/50a2472c50354e40b34e4a91e33b1b3c.avif', 'https://suse-mall.oss-cn-chengdu.aliyuncs.com/2022/04/00bbe776a6b144aabefe885b3b447c0b.jpg,https://suse-mall.oss-cn-chengdu.aliyuncs.com/2022/04/05c9baad1ea240a2972c46d6901d4bdc.jpg,https://suse-mall.oss-cn-chengdu.aliyuncs.com/2022/04/e61c651a5c624b009b44bc32c80afe39.jpg,https://suse-mall.oss-cn-chengdu.aliyuncs.com/2022/04/7736a324126246368a79b54d7a1a1a66.jpg', 156, 1, '2022-04-25 20:03:46', '2022-04-25 20:03:46', '2022-04-25 20:03:46', NULL);
INSERT INTO `tz_order_prod` VALUES (172, 93, '魅族17', NULL, 0.00, 1799.00, '魅族17 8GB+128GB 十七度灰 骁龙865 旗舰5G手机 30W快充 6400W后置主摄 90Hz屏幕 支持NFC 智能拍照游戏手机', 'https://suse-mall.oss-cn-chengdu.aliyuncs.com/2022/04/25008e57a25149f5af1fd48d83ee5fc6.avif,https://suse-mall.oss-cn-chengdu.aliyuncs.com/2022/04/692908ce888a4131a524c4caad9b3b76.avif,https://suse-mall.oss-cn-chengdu.aliyuncs.com/2022/04/90d1f702ce074115a1ba16452386fa69.avif,https://suse-mall.oss-cn-chengdu.aliyuncs.com/2022/04/50a2472c50354e40b34e4a91e33b1b3c.avif', 'https://suse-mall.oss-cn-chengdu.aliyuncs.com/2022/04/00bbe776a6b144aabefe885b3b447c0b.jpg,https://suse-mall.oss-cn-chengdu.aliyuncs.com/2022/04/05c9baad1ea240a2972c46d6901d4bdc.jpg,https://suse-mall.oss-cn-chengdu.aliyuncs.com/2022/04/e61c651a5c624b009b44bc32c80afe39.jpg,https://suse-mall.oss-cn-chengdu.aliyuncs.com/2022/04/7736a324126246368a79b54d7a1a1a66.jpg', 156, 1, '2022-04-25 20:03:46', '2022-04-25 20:03:46', '2022-04-25 20:03:46', NULL);
INSERT INTO `tz_order_prod` VALUES (173, 96, '沁沫短袖t恤女', NULL, 0.00, 54.00, '沁沫短袖t恤女2022夏季新款女装宽松韩版学生字母纯棉T恤半袖上衣服女 蓝色', 'https://suse-mall.oss-cn-chengdu.aliyuncs.com/2022/04/2de33a4adb6943e89248485ecfaef4ff.jpg,https://suse-mall.oss-cn-chengdu.aliyuncs.com/2022/04/1abf089ca11742bf8bce28c1910eb1b1.jpg', 'https://suse-mall.oss-cn-chengdu.aliyuncs.com/2022/04/fc4f5a7495b04da59c1fe8e75b078656.jpg,https://suse-mall.oss-cn-chengdu.aliyuncs.com/2022/04/13a9e35c72114228ae834488f440752b.jpg,https://suse-mall.oss-cn-chengdu.aliyuncs.com/2022/04/dfe23e62701747999c44c135ef7c87f6.jpg,https://suse-mall.oss-cn-chengdu.aliyuncs.com/2022/04/64e0193a91024d7486a7e69b240a02c0.jpg', 31, 1, '2022-04-25 20:18:08', '2022-04-25 20:18:08', '2022-04-25 20:18:08', NULL);
INSERT INTO `tz_order_prod` VALUES (174, 89, '玲玖学院风条纹长袖毛衣女', NULL, 0.00, 75.00, '玲玖学院风条纹长袖毛衣女春秋假两件针织衫显瘦设计感披肩上衣', 'https://suse-mall.oss-cn-chengdu.aliyuncs.com/2022/04/80247a2078a34591a5ece7d009ec4c54.jpg,https://suse-mall.oss-cn-chengdu.aliyuncs.com/2022/04/5ee71be3d3784130ac4dbe72079ad31a.jpg,https://suse-mall.oss-cn-chengdu.aliyuncs.com/2022/04/fbd7566f462346c9ac87c42ec29bf8d7.jpg,https://suse-mall.oss-cn-chengdu.aliyuncs.com/2022/04/ec06649920d54bad87cb7cb855b2cb1f.jpg', 'https://suse-mall.oss-cn-chengdu.aliyuncs.com/2022/04/7784ec947cac43a7bd88d0cf2252dae1.jpg,https://suse-mall.oss-cn-chengdu.aliyuncs.com/2022/04/38b75aec6ea343d79436e5e6d4980ff9.jpg,https://suse-mall.oss-cn-chengdu.aliyuncs.com/2022/04/325470476abe4329b62aebbccefa201f.jpg,https://suse-mall.oss-cn-chengdu.aliyuncs.com/2022/04/cf1a1feac2934840aea49c34ffd8d98f.jpg,https://suse-mall.oss-cn-chengdu.aliyuncs.com/2022/04/2120dc5feb6d415fbff6200c2b78d948.jpg,https://suse-mall.oss-cn-chengdu.aliyuncs.com/2022/04/615273e1d6444831a2b49c168829eb1c.jpg', 31, 1, '2022-04-01 11:47:03', '2022-04-01 11:47:03', '2022-04-01 11:47:03', NULL);
INSERT INTO `tz_order_prod` VALUES (175, 96, '沁沫短袖t恤女', NULL, 0.00, 54.00, '沁沫短袖t恤女2022夏季新款女装宽松韩版学生字母纯棉T恤半袖上衣服女 蓝色', 'https://suse-mall.oss-cn-chengdu.aliyuncs.com/2022/04/2de33a4adb6943e89248485ecfaef4ff.jpg,https://suse-mall.oss-cn-chengdu.aliyuncs.com/2022/04/1abf089ca11742bf8bce28c1910eb1b1.jpg', 'https://suse-mall.oss-cn-chengdu.aliyuncs.com/2022/04/fc4f5a7495b04da59c1fe8e75b078656.jpg,https://suse-mall.oss-cn-chengdu.aliyuncs.com/2022/04/13a9e35c72114228ae834488f440752b.jpg,https://suse-mall.oss-cn-chengdu.aliyuncs.com/2022/04/dfe23e62701747999c44c135ef7c87f6.jpg,https://suse-mall.oss-cn-chengdu.aliyuncs.com/2022/04/64e0193a91024d7486a7e69b240a02c0.jpg', 31, 1, '2022-04-25 20:18:08', '2022-04-25 20:18:08', '2022-04-25 20:18:08', NULL);
INSERT INTO `tz_order_prod` VALUES (176, 89, '玲玖学院风条纹长袖毛衣女', NULL, 0.00, 75.00, '玲玖学院风条纹长袖毛衣女春秋假两件针织衫显瘦设计感披肩上衣', 'https://suse-mall.oss-cn-chengdu.aliyuncs.com/2022/04/80247a2078a34591a5ece7d009ec4c54.jpg,https://suse-mall.oss-cn-chengdu.aliyuncs.com/2022/04/5ee71be3d3784130ac4dbe72079ad31a.jpg,https://suse-mall.oss-cn-chengdu.aliyuncs.com/2022/04/fbd7566f462346c9ac87c42ec29bf8d7.jpg,https://suse-mall.oss-cn-chengdu.aliyuncs.com/2022/04/ec06649920d54bad87cb7cb855b2cb1f.jpg', 'https://suse-mall.oss-cn-chengdu.aliyuncs.com/2022/04/7784ec947cac43a7bd88d0cf2252dae1.jpg,https://suse-mall.oss-cn-chengdu.aliyuncs.com/2022/04/38b75aec6ea343d79436e5e6d4980ff9.jpg,https://suse-mall.oss-cn-chengdu.aliyuncs.com/2022/04/325470476abe4329b62aebbccefa201f.jpg,https://suse-mall.oss-cn-chengdu.aliyuncs.com/2022/04/cf1a1feac2934840aea49c34ffd8d98f.jpg,https://suse-mall.oss-cn-chengdu.aliyuncs.com/2022/04/2120dc5feb6d415fbff6200c2b78d948.jpg,https://suse-mall.oss-cn-chengdu.aliyuncs.com/2022/04/615273e1d6444831a2b49c168829eb1c.jpg', 31, 1, '2022-04-01 11:47:03', '2022-04-01 11:47:03', '2022-04-01 11:47:03', NULL);
INSERT INTO `tz_order_prod` VALUES (177, 96, '沁沫短袖t恤女', NULL, 0.00, 54.00, '沁沫短袖t恤女2022夏季新款女装宽松韩版学生字母纯棉T恤半袖上衣服女 蓝色', 'https://suse-mall.oss-cn-chengdu.aliyuncs.com/2022/04/2de33a4adb6943e89248485ecfaef4ff.jpg,https://suse-mall.oss-cn-chengdu.aliyuncs.com/2022/04/1abf089ca11742bf8bce28c1910eb1b1.jpg', 'https://suse-mall.oss-cn-chengdu.aliyuncs.com/2022/04/fc4f5a7495b04da59c1fe8e75b078656.jpg,https://suse-mall.oss-cn-chengdu.aliyuncs.com/2022/04/13a9e35c72114228ae834488f440752b.jpg,https://suse-mall.oss-cn-chengdu.aliyuncs.com/2022/04/dfe23e62701747999c44c135ef7c87f6.jpg,https://suse-mall.oss-cn-chengdu.aliyuncs.com/2022/04/64e0193a91024d7486a7e69b240a02c0.jpg', 31, 1, '2022-04-25 20:18:08', '2022-04-25 20:18:08', '2022-04-25 20:18:08', NULL);
INSERT INTO `tz_order_prod` VALUES (178, 89, '玲玖学院风条纹长袖毛衣女', NULL, 0.00, 75.00, '玲玖学院风条纹长袖毛衣女春秋假两件针织衫显瘦设计感披肩上衣', 'https://suse-mall.oss-cn-chengdu.aliyuncs.com/2022/04/80247a2078a34591a5ece7d009ec4c54.jpg,https://suse-mall.oss-cn-chengdu.aliyuncs.com/2022/04/5ee71be3d3784130ac4dbe72079ad31a.jpg,https://suse-mall.oss-cn-chengdu.aliyuncs.com/2022/04/fbd7566f462346c9ac87c42ec29bf8d7.jpg,https://suse-mall.oss-cn-chengdu.aliyuncs.com/2022/04/ec06649920d54bad87cb7cb855b2cb1f.jpg', 'https://suse-mall.oss-cn-chengdu.aliyuncs.com/2022/04/7784ec947cac43a7bd88d0cf2252dae1.jpg,https://suse-mall.oss-cn-chengdu.aliyuncs.com/2022/04/38b75aec6ea343d79436e5e6d4980ff9.jpg,https://suse-mall.oss-cn-chengdu.aliyuncs.com/2022/04/325470476abe4329b62aebbccefa201f.jpg,https://suse-mall.oss-cn-chengdu.aliyuncs.com/2022/04/cf1a1feac2934840aea49c34ffd8d98f.jpg,https://suse-mall.oss-cn-chengdu.aliyuncs.com/2022/04/2120dc5feb6d415fbff6200c2b78d948.jpg,https://suse-mall.oss-cn-chengdu.aliyuncs.com/2022/04/615273e1d6444831a2b49c168829eb1c.jpg', 31, 1, '2022-04-01 11:47:03', '2022-04-01 11:47:03', '2022-04-01 11:47:03', NULL);
INSERT INTO `tz_order_prod` VALUES (179, 96, '沁沫短袖t恤女', NULL, 0.00, 54.00, '沁沫短袖t恤女2022夏季新款女装宽松韩版学生字母纯棉T恤半袖上衣服女 蓝色', 'https://suse-mall.oss-cn-chengdu.aliyuncs.com/2022/04/2de33a4adb6943e89248485ecfaef4ff.jpg,https://suse-mall.oss-cn-chengdu.aliyuncs.com/2022/04/1abf089ca11742bf8bce28c1910eb1b1.jpg', 'https://suse-mall.oss-cn-chengdu.aliyuncs.com/2022/04/fc4f5a7495b04da59c1fe8e75b078656.jpg,https://suse-mall.oss-cn-chengdu.aliyuncs.com/2022/04/13a9e35c72114228ae834488f440752b.jpg,https://suse-mall.oss-cn-chengdu.aliyuncs.com/2022/04/dfe23e62701747999c44c135ef7c87f6.jpg,https://suse-mall.oss-cn-chengdu.aliyuncs.com/2022/04/64e0193a91024d7486a7e69b240a02c0.jpg', 31, 1, '2022-04-25 20:18:08', '2022-04-25 20:18:08', '2022-04-25 20:18:08', NULL);
INSERT INTO `tz_order_prod` VALUES (180, 89, '玲玖学院风条纹长袖毛衣女', NULL, 0.00, 75.00, '玲玖学院风条纹长袖毛衣女春秋假两件针织衫显瘦设计感披肩上衣', 'https://suse-mall.oss-cn-chengdu.aliyuncs.com/2022/04/80247a2078a34591a5ece7d009ec4c54.jpg,https://suse-mall.oss-cn-chengdu.aliyuncs.com/2022/04/5ee71be3d3784130ac4dbe72079ad31a.jpg,https://suse-mall.oss-cn-chengdu.aliyuncs.com/2022/04/fbd7566f462346c9ac87c42ec29bf8d7.jpg,https://suse-mall.oss-cn-chengdu.aliyuncs.com/2022/04/ec06649920d54bad87cb7cb855b2cb1f.jpg', 'https://suse-mall.oss-cn-chengdu.aliyuncs.com/2022/04/7784ec947cac43a7bd88d0cf2252dae1.jpg,https://suse-mall.oss-cn-chengdu.aliyuncs.com/2022/04/38b75aec6ea343d79436e5e6d4980ff9.jpg,https://suse-mall.oss-cn-chengdu.aliyuncs.com/2022/04/325470476abe4329b62aebbccefa201f.jpg,https://suse-mall.oss-cn-chengdu.aliyuncs.com/2022/04/cf1a1feac2934840aea49c34ffd8d98f.jpg,https://suse-mall.oss-cn-chengdu.aliyuncs.com/2022/04/2120dc5feb6d415fbff6200c2b78d948.jpg,https://suse-mall.oss-cn-chengdu.aliyuncs.com/2022/04/615273e1d6444831a2b49c168829eb1c.jpg', 31, 1, '2022-04-01 11:47:03', '2022-04-01 11:47:03', '2022-04-01 11:47:03', NULL);
INSERT INTO `tz_order_prod` VALUES (181, 96, '沁沫短袖t恤女', NULL, 0.00, 54.00, '沁沫短袖t恤女2022夏季新款女装宽松韩版学生字母纯棉T恤半袖上衣服女 蓝色', 'https://suse-mall.oss-cn-chengdu.aliyuncs.com/2022/04/2de33a4adb6943e89248485ecfaef4ff.jpg,https://suse-mall.oss-cn-chengdu.aliyuncs.com/2022/04/1abf089ca11742bf8bce28c1910eb1b1.jpg', 'https://suse-mall.oss-cn-chengdu.aliyuncs.com/2022/04/fc4f5a7495b04da59c1fe8e75b078656.jpg,https://suse-mall.oss-cn-chengdu.aliyuncs.com/2022/04/13a9e35c72114228ae834488f440752b.jpg,https://suse-mall.oss-cn-chengdu.aliyuncs.com/2022/04/dfe23e62701747999c44c135ef7c87f6.jpg,https://suse-mall.oss-cn-chengdu.aliyuncs.com/2022/04/64e0193a91024d7486a7e69b240a02c0.jpg', 31, 1, '2022-04-25 20:18:08', '2022-04-25 20:18:08', '2022-04-25 20:18:08', NULL);
INSERT INTO `tz_order_prod` VALUES (182, 89, '玲玖学院风条纹长袖毛衣女', NULL, 0.00, 75.00, '玲玖学院风条纹长袖毛衣女春秋假两件针织衫显瘦设计感披肩上衣', 'https://suse-mall.oss-cn-chengdu.aliyuncs.com/2022/04/80247a2078a34591a5ece7d009ec4c54.jpg,https://suse-mall.oss-cn-chengdu.aliyuncs.com/2022/04/5ee71be3d3784130ac4dbe72079ad31a.jpg,https://suse-mall.oss-cn-chengdu.aliyuncs.com/2022/04/fbd7566f462346c9ac87c42ec29bf8d7.jpg,https://suse-mall.oss-cn-chengdu.aliyuncs.com/2022/04/ec06649920d54bad87cb7cb855b2cb1f.jpg', 'https://suse-mall.oss-cn-chengdu.aliyuncs.com/2022/04/7784ec947cac43a7bd88d0cf2252dae1.jpg,https://suse-mall.oss-cn-chengdu.aliyuncs.com/2022/04/38b75aec6ea343d79436e5e6d4980ff9.jpg,https://suse-mall.oss-cn-chengdu.aliyuncs.com/2022/04/325470476abe4329b62aebbccefa201f.jpg,https://suse-mall.oss-cn-chengdu.aliyuncs.com/2022/04/cf1a1feac2934840aea49c34ffd8d98f.jpg,https://suse-mall.oss-cn-chengdu.aliyuncs.com/2022/04/2120dc5feb6d415fbff6200c2b78d948.jpg,https://suse-mall.oss-cn-chengdu.aliyuncs.com/2022/04/615273e1d6444831a2b49c168829eb1c.jpg', 31, 1, '2022-04-01 11:47:03', '2022-04-01 11:47:03', '2022-04-01 11:47:03', NULL);
INSERT INTO `tz_order_prod` VALUES (183, 96, '沁沫短袖t恤女', NULL, 0.00, 54.00, '沁沫短袖t恤女2022夏季新款女装宽松韩版学生字母纯棉T恤半袖上衣服女 蓝色', 'https://suse-mall.oss-cn-chengdu.aliyuncs.com/2022/04/2de33a4adb6943e89248485ecfaef4ff.jpg,https://suse-mall.oss-cn-chengdu.aliyuncs.com/2022/04/1abf089ca11742bf8bce28c1910eb1b1.jpg', 'https://suse-mall.oss-cn-chengdu.aliyuncs.com/2022/04/fc4f5a7495b04da59c1fe8e75b078656.jpg,https://suse-mall.oss-cn-chengdu.aliyuncs.com/2022/04/13a9e35c72114228ae834488f440752b.jpg,https://suse-mall.oss-cn-chengdu.aliyuncs.com/2022/04/dfe23e62701747999c44c135ef7c87f6.jpg,https://suse-mall.oss-cn-chengdu.aliyuncs.com/2022/04/64e0193a91024d7486a7e69b240a02c0.jpg', 31, 1, '2022-04-25 20:18:08', '2022-04-25 20:18:08', '2022-04-25 20:18:08', NULL);
INSERT INTO `tz_order_prod` VALUES (184, 89, '玲玖学院风条纹长袖毛衣女', NULL, 0.00, 75.00, '玲玖学院风条纹长袖毛衣女春秋假两件针织衫显瘦设计感披肩上衣', 'https://suse-mall.oss-cn-chengdu.aliyuncs.com/2022/04/80247a2078a34591a5ece7d009ec4c54.jpg,https://suse-mall.oss-cn-chengdu.aliyuncs.com/2022/04/5ee71be3d3784130ac4dbe72079ad31a.jpg,https://suse-mall.oss-cn-chengdu.aliyuncs.com/2022/04/fbd7566f462346c9ac87c42ec29bf8d7.jpg,https://suse-mall.oss-cn-chengdu.aliyuncs.com/2022/04/ec06649920d54bad87cb7cb855b2cb1f.jpg', 'https://suse-mall.oss-cn-chengdu.aliyuncs.com/2022/04/7784ec947cac43a7bd88d0cf2252dae1.jpg,https://suse-mall.oss-cn-chengdu.aliyuncs.com/2022/04/38b75aec6ea343d79436e5e6d4980ff9.jpg,https://suse-mall.oss-cn-chengdu.aliyuncs.com/2022/04/325470476abe4329b62aebbccefa201f.jpg,https://suse-mall.oss-cn-chengdu.aliyuncs.com/2022/04/cf1a1feac2934840aea49c34ffd8d98f.jpg,https://suse-mall.oss-cn-chengdu.aliyuncs.com/2022/04/2120dc5feb6d415fbff6200c2b78d948.jpg,https://suse-mall.oss-cn-chengdu.aliyuncs.com/2022/04/615273e1d6444831a2b49c168829eb1c.jpg', 31, 1, '2022-04-01 11:47:03', '2022-04-01 11:47:03', '2022-04-01 11:47:03', NULL);
INSERT INTO `tz_order_prod` VALUES (185, 96, '沁沫短袖t恤女', NULL, 0.00, 54.00, '沁沫短袖t恤女2022夏季新款女装宽松韩版学生字母纯棉T恤半袖上衣服女 蓝色', 'https://suse-mall.oss-cn-chengdu.aliyuncs.com/2022/04/2de33a4adb6943e89248485ecfaef4ff.jpg,https://suse-mall.oss-cn-chengdu.aliyuncs.com/2022/04/1abf089ca11742bf8bce28c1910eb1b1.jpg', 'https://suse-mall.oss-cn-chengdu.aliyuncs.com/2022/04/fc4f5a7495b04da59c1fe8e75b078656.jpg,https://suse-mall.oss-cn-chengdu.aliyuncs.com/2022/04/13a9e35c72114228ae834488f440752b.jpg,https://suse-mall.oss-cn-chengdu.aliyuncs.com/2022/04/dfe23e62701747999c44c135ef7c87f6.jpg,https://suse-mall.oss-cn-chengdu.aliyuncs.com/2022/04/64e0193a91024d7486a7e69b240a02c0.jpg', 31, 1, '2022-04-25 20:18:08', '2022-04-25 20:18:08', '2022-04-25 20:18:08', NULL);
INSERT INTO `tz_order_prod` VALUES (186, 89, '玲玖学院风条纹长袖毛衣女', NULL, 0.00, 75.00, '玲玖学院风条纹长袖毛衣女春秋假两件针织衫显瘦设计感披肩上衣', 'https://suse-mall.oss-cn-chengdu.aliyuncs.com/2022/04/80247a2078a34591a5ece7d009ec4c54.jpg,https://suse-mall.oss-cn-chengdu.aliyuncs.com/2022/04/5ee71be3d3784130ac4dbe72079ad31a.jpg,https://suse-mall.oss-cn-chengdu.aliyuncs.com/2022/04/fbd7566f462346c9ac87c42ec29bf8d7.jpg,https://suse-mall.oss-cn-chengdu.aliyuncs.com/2022/04/ec06649920d54bad87cb7cb855b2cb1f.jpg', 'https://suse-mall.oss-cn-chengdu.aliyuncs.com/2022/04/7784ec947cac43a7bd88d0cf2252dae1.jpg,https://suse-mall.oss-cn-chengdu.aliyuncs.com/2022/04/38b75aec6ea343d79436e5e6d4980ff9.jpg,https://suse-mall.oss-cn-chengdu.aliyuncs.com/2022/04/325470476abe4329b62aebbccefa201f.jpg,https://suse-mall.oss-cn-chengdu.aliyuncs.com/2022/04/cf1a1feac2934840aea49c34ffd8d98f.jpg,https://suse-mall.oss-cn-chengdu.aliyuncs.com/2022/04/2120dc5feb6d415fbff6200c2b78d948.jpg,https://suse-mall.oss-cn-chengdu.aliyuncs.com/2022/04/615273e1d6444831a2b49c168829eb1c.jpg', 31, 1, '2022-04-01 11:47:03', '2022-04-01 11:47:03', '2022-04-01 11:47:03', NULL);
INSERT INTO `tz_order_prod` VALUES (187, 96, '沁沫短袖t恤女', NULL, 0.00, 54.00, '沁沫短袖t恤女2022夏季新款女装宽松韩版学生字母纯棉T恤半袖上衣服女 蓝色', 'https://suse-mall.oss-cn-chengdu.aliyuncs.com/2022/04/2de33a4adb6943e89248485ecfaef4ff.jpg,https://suse-mall.oss-cn-chengdu.aliyuncs.com/2022/04/1abf089ca11742bf8bce28c1910eb1b1.jpg', 'https://suse-mall.oss-cn-chengdu.aliyuncs.com/2022/04/fc4f5a7495b04da59c1fe8e75b078656.jpg,https://suse-mall.oss-cn-chengdu.aliyuncs.com/2022/04/13a9e35c72114228ae834488f440752b.jpg,https://suse-mall.oss-cn-chengdu.aliyuncs.com/2022/04/dfe23e62701747999c44c135ef7c87f6.jpg,https://suse-mall.oss-cn-chengdu.aliyuncs.com/2022/04/64e0193a91024d7486a7e69b240a02c0.jpg', 31, 1, '2022-04-25 20:18:08', '2022-04-25 20:18:08', '2022-04-25 20:18:08', NULL);
INSERT INTO `tz_order_prod` VALUES (188, 89, '玲玖学院风条纹长袖毛衣女', NULL, 0.00, 75.00, '玲玖学院风条纹长袖毛衣女春秋假两件针织衫显瘦设计感披肩上衣', 'https://suse-mall.oss-cn-chengdu.aliyuncs.com/2022/04/80247a2078a34591a5ece7d009ec4c54.jpg,https://suse-mall.oss-cn-chengdu.aliyuncs.com/2022/04/5ee71be3d3784130ac4dbe72079ad31a.jpg,https://suse-mall.oss-cn-chengdu.aliyuncs.com/2022/04/fbd7566f462346c9ac87c42ec29bf8d7.jpg,https://suse-mall.oss-cn-chengdu.aliyuncs.com/2022/04/ec06649920d54bad87cb7cb855b2cb1f.jpg', 'https://suse-mall.oss-cn-chengdu.aliyuncs.com/2022/04/7784ec947cac43a7bd88d0cf2252dae1.jpg,https://suse-mall.oss-cn-chengdu.aliyuncs.com/2022/04/38b75aec6ea343d79436e5e6d4980ff9.jpg,https://suse-mall.oss-cn-chengdu.aliyuncs.com/2022/04/325470476abe4329b62aebbccefa201f.jpg,https://suse-mall.oss-cn-chengdu.aliyuncs.com/2022/04/cf1a1feac2934840aea49c34ffd8d98f.jpg,https://suse-mall.oss-cn-chengdu.aliyuncs.com/2022/04/2120dc5feb6d415fbff6200c2b78d948.jpg,https://suse-mall.oss-cn-chengdu.aliyuncs.com/2022/04/615273e1d6444831a2b49c168829eb1c.jpg', 31, 1, '2022-04-01 11:47:03', '2022-04-01 11:47:03', '2022-04-01 11:47:03', NULL);
INSERT INTO `tz_order_prod` VALUES (189, 96, '沁沫短袖t恤女', NULL, 0.00, 54.00, '沁沫短袖t恤女2022夏季新款女装宽松韩版学生字母纯棉T恤半袖上衣服女 蓝色', 'https://suse-mall.oss-cn-chengdu.aliyuncs.com/2022/04/2de33a4adb6943e89248485ecfaef4ff.jpg,https://suse-mall.oss-cn-chengdu.aliyuncs.com/2022/04/1abf089ca11742bf8bce28c1910eb1b1.jpg', 'https://suse-mall.oss-cn-chengdu.aliyuncs.com/2022/04/fc4f5a7495b04da59c1fe8e75b078656.jpg,https://suse-mall.oss-cn-chengdu.aliyuncs.com/2022/04/13a9e35c72114228ae834488f440752b.jpg,https://suse-mall.oss-cn-chengdu.aliyuncs.com/2022/04/dfe23e62701747999c44c135ef7c87f6.jpg,https://suse-mall.oss-cn-chengdu.aliyuncs.com/2022/04/64e0193a91024d7486a7e69b240a02c0.jpg', 31, 1, '2022-04-25 20:18:08', '2022-04-25 20:18:08', '2022-04-25 20:18:08', NULL);
INSERT INTO `tz_order_prod` VALUES (190, 89, '玲玖学院风条纹长袖毛衣女', NULL, 0.00, 75.00, '玲玖学院风条纹长袖毛衣女春秋假两件针织衫显瘦设计感披肩上衣', 'https://suse-mall.oss-cn-chengdu.aliyuncs.com/2022/04/80247a2078a34591a5ece7d009ec4c54.jpg,https://suse-mall.oss-cn-chengdu.aliyuncs.com/2022/04/5ee71be3d3784130ac4dbe72079ad31a.jpg,https://suse-mall.oss-cn-chengdu.aliyuncs.com/2022/04/fbd7566f462346c9ac87c42ec29bf8d7.jpg,https://suse-mall.oss-cn-chengdu.aliyuncs.com/2022/04/ec06649920d54bad87cb7cb855b2cb1f.jpg', 'https://suse-mall.oss-cn-chengdu.aliyuncs.com/2022/04/7784ec947cac43a7bd88d0cf2252dae1.jpg,https://suse-mall.oss-cn-chengdu.aliyuncs.com/2022/04/38b75aec6ea343d79436e5e6d4980ff9.jpg,https://suse-mall.oss-cn-chengdu.aliyuncs.com/2022/04/325470476abe4329b62aebbccefa201f.jpg,https://suse-mall.oss-cn-chengdu.aliyuncs.com/2022/04/cf1a1feac2934840aea49c34ffd8d98f.jpg,https://suse-mall.oss-cn-chengdu.aliyuncs.com/2022/04/2120dc5feb6d415fbff6200c2b78d948.jpg,https://suse-mall.oss-cn-chengdu.aliyuncs.com/2022/04/615273e1d6444831a2b49c168829eb1c.jpg', 31, 1, '2022-04-01 11:47:03', '2022-04-01 11:47:03', '2022-04-01 11:47:03', NULL);
INSERT INTO `tz_order_prod` VALUES (191, 96, '沁沫短袖t恤女', NULL, 0.00, 54.00, '沁沫短袖t恤女2022夏季新款女装宽松韩版学生字母纯棉T恤半袖上衣服女 蓝色', 'https://suse-mall.oss-cn-chengdu.aliyuncs.com/2022/04/2de33a4adb6943e89248485ecfaef4ff.jpg,https://suse-mall.oss-cn-chengdu.aliyuncs.com/2022/04/1abf089ca11742bf8bce28c1910eb1b1.jpg', 'https://suse-mall.oss-cn-chengdu.aliyuncs.com/2022/04/fc4f5a7495b04da59c1fe8e75b078656.jpg,https://suse-mall.oss-cn-chengdu.aliyuncs.com/2022/04/13a9e35c72114228ae834488f440752b.jpg,https://suse-mall.oss-cn-chengdu.aliyuncs.com/2022/04/dfe23e62701747999c44c135ef7c87f6.jpg,https://suse-mall.oss-cn-chengdu.aliyuncs.com/2022/04/64e0193a91024d7486a7e69b240a02c0.jpg', 31, 1, '2022-04-25 20:18:08', '2022-04-25 20:18:08', '2022-04-25 20:18:08', NULL);
INSERT INTO `tz_order_prod` VALUES (192, 89, '玲玖学院风条纹长袖毛衣女', NULL, 0.00, 75.00, '玲玖学院风条纹长袖毛衣女春秋假两件针织衫显瘦设计感披肩上衣', 'https://suse-mall.oss-cn-chengdu.aliyuncs.com/2022/04/80247a2078a34591a5ece7d009ec4c54.jpg,https://suse-mall.oss-cn-chengdu.aliyuncs.com/2022/04/5ee71be3d3784130ac4dbe72079ad31a.jpg,https://suse-mall.oss-cn-chengdu.aliyuncs.com/2022/04/fbd7566f462346c9ac87c42ec29bf8d7.jpg,https://suse-mall.oss-cn-chengdu.aliyuncs.com/2022/04/ec06649920d54bad87cb7cb855b2cb1f.jpg', 'https://suse-mall.oss-cn-chengdu.aliyuncs.com/2022/04/7784ec947cac43a7bd88d0cf2252dae1.jpg,https://suse-mall.oss-cn-chengdu.aliyuncs.com/2022/04/38b75aec6ea343d79436e5e6d4980ff9.jpg,https://suse-mall.oss-cn-chengdu.aliyuncs.com/2022/04/325470476abe4329b62aebbccefa201f.jpg,https://suse-mall.oss-cn-chengdu.aliyuncs.com/2022/04/cf1a1feac2934840aea49c34ffd8d98f.jpg,https://suse-mall.oss-cn-chengdu.aliyuncs.com/2022/04/2120dc5feb6d415fbff6200c2b78d948.jpg,https://suse-mall.oss-cn-chengdu.aliyuncs.com/2022/04/615273e1d6444831a2b49c168829eb1c.jpg', 31, 1, '2022-04-01 11:47:03', '2022-04-01 11:47:03', '2022-04-01 11:47:03', NULL);
INSERT INTO `tz_order_prod` VALUES (193, 96, '沁沫短袖t恤女', NULL, 0.00, 54.00, '沁沫短袖t恤女2022夏季新款女装宽松韩版学生字母纯棉T恤半袖上衣服女 蓝色', 'https://suse-mall.oss-cn-chengdu.aliyuncs.com/2022/04/2de33a4adb6943e89248485ecfaef4ff.jpg,https://suse-mall.oss-cn-chengdu.aliyuncs.com/2022/04/1abf089ca11742bf8bce28c1910eb1b1.jpg', 'https://suse-mall.oss-cn-chengdu.aliyuncs.com/2022/04/fc4f5a7495b04da59c1fe8e75b078656.jpg,https://suse-mall.oss-cn-chengdu.aliyuncs.com/2022/04/13a9e35c72114228ae834488f440752b.jpg,https://suse-mall.oss-cn-chengdu.aliyuncs.com/2022/04/dfe23e62701747999c44c135ef7c87f6.jpg,https://suse-mall.oss-cn-chengdu.aliyuncs.com/2022/04/64e0193a91024d7486a7e69b240a02c0.jpg', 31, 1, '2022-04-25 20:18:08', '2022-04-25 20:18:08', '2022-04-25 20:18:08', NULL);
INSERT INTO `tz_order_prod` VALUES (194, 89, '玲玖学院风条纹长袖毛衣女', NULL, 0.00, 75.00, '玲玖学院风条纹长袖毛衣女春秋假两件针织衫显瘦设计感披肩上衣', 'https://suse-mall.oss-cn-chengdu.aliyuncs.com/2022/04/80247a2078a34591a5ece7d009ec4c54.jpg,https://suse-mall.oss-cn-chengdu.aliyuncs.com/2022/04/5ee71be3d3784130ac4dbe72079ad31a.jpg,https://suse-mall.oss-cn-chengdu.aliyuncs.com/2022/04/fbd7566f462346c9ac87c42ec29bf8d7.jpg,https://suse-mall.oss-cn-chengdu.aliyuncs.com/2022/04/ec06649920d54bad87cb7cb855b2cb1f.jpg', 'https://suse-mall.oss-cn-chengdu.aliyuncs.com/2022/04/7784ec947cac43a7bd88d0cf2252dae1.jpg,https://suse-mall.oss-cn-chengdu.aliyuncs.com/2022/04/38b75aec6ea343d79436e5e6d4980ff9.jpg,https://suse-mall.oss-cn-chengdu.aliyuncs.com/2022/04/325470476abe4329b62aebbccefa201f.jpg,https://suse-mall.oss-cn-chengdu.aliyuncs.com/2022/04/cf1a1feac2934840aea49c34ffd8d98f.jpg,https://suse-mall.oss-cn-chengdu.aliyuncs.com/2022/04/2120dc5feb6d415fbff6200c2b78d948.jpg,https://suse-mall.oss-cn-chengdu.aliyuncs.com/2022/04/615273e1d6444831a2b49c168829eb1c.jpg', 31, 1, '2022-04-01 11:47:03', '2022-04-01 11:47:03', '2022-04-01 11:47:03', NULL);
INSERT INTO `tz_order_prod` VALUES (195, 96, '沁沫短袖t恤女', NULL, 0.00, 54.00, '沁沫短袖t恤女2022夏季新款女装宽松韩版学生字母纯棉T恤半袖上衣服女 蓝色', 'https://suse-mall.oss-cn-chengdu.aliyuncs.com/2022/04/2de33a4adb6943e89248485ecfaef4ff.jpg,https://suse-mall.oss-cn-chengdu.aliyuncs.com/2022/04/1abf089ca11742bf8bce28c1910eb1b1.jpg', 'https://suse-mall.oss-cn-chengdu.aliyuncs.com/2022/04/fc4f5a7495b04da59c1fe8e75b078656.jpg,https://suse-mall.oss-cn-chengdu.aliyuncs.com/2022/04/13a9e35c72114228ae834488f440752b.jpg,https://suse-mall.oss-cn-chengdu.aliyuncs.com/2022/04/dfe23e62701747999c44c135ef7c87f6.jpg,https://suse-mall.oss-cn-chengdu.aliyuncs.com/2022/04/64e0193a91024d7486a7e69b240a02c0.jpg', 31, 1, '2022-04-25 20:18:08', '2022-04-25 20:18:08', '2022-04-25 20:18:08', NULL);
INSERT INTO `tz_order_prod` VALUES (196, 89, '玲玖学院风条纹长袖毛衣女', NULL, 0.00, 75.00, '玲玖学院风条纹长袖毛衣女春秋假两件针织衫显瘦设计感披肩上衣', 'https://suse-mall.oss-cn-chengdu.aliyuncs.com/2022/04/80247a2078a34591a5ece7d009ec4c54.jpg,https://suse-mall.oss-cn-chengdu.aliyuncs.com/2022/04/5ee71be3d3784130ac4dbe72079ad31a.jpg,https://suse-mall.oss-cn-chengdu.aliyuncs.com/2022/04/fbd7566f462346c9ac87c42ec29bf8d7.jpg,https://suse-mall.oss-cn-chengdu.aliyuncs.com/2022/04/ec06649920d54bad87cb7cb855b2cb1f.jpg', 'https://suse-mall.oss-cn-chengdu.aliyuncs.com/2022/04/7784ec947cac43a7bd88d0cf2252dae1.jpg,https://suse-mall.oss-cn-chengdu.aliyuncs.com/2022/04/38b75aec6ea343d79436e5e6d4980ff9.jpg,https://suse-mall.oss-cn-chengdu.aliyuncs.com/2022/04/325470476abe4329b62aebbccefa201f.jpg,https://suse-mall.oss-cn-chengdu.aliyuncs.com/2022/04/cf1a1feac2934840aea49c34ffd8d98f.jpg,https://suse-mall.oss-cn-chengdu.aliyuncs.com/2022/04/2120dc5feb6d415fbff6200c2b78d948.jpg,https://suse-mall.oss-cn-chengdu.aliyuncs.com/2022/04/615273e1d6444831a2b49c168829eb1c.jpg', 31, 1, '2022-04-01 11:47:03', '2022-04-01 11:47:03', '2022-04-01 11:47:03', NULL);
INSERT INTO `tz_order_prod` VALUES (197, 96, '沁沫短袖t恤女', NULL, 0.00, 54.00, '沁沫短袖t恤女2022夏季新款女装宽松韩版学生字母纯棉T恤半袖上衣服女 蓝色', 'https://suse-mall.oss-cn-chengdu.aliyuncs.com/2022/04/2de33a4adb6943e89248485ecfaef4ff.jpg,https://suse-mall.oss-cn-chengdu.aliyuncs.com/2022/04/1abf089ca11742bf8bce28c1910eb1b1.jpg', 'https://suse-mall.oss-cn-chengdu.aliyuncs.com/2022/04/fc4f5a7495b04da59c1fe8e75b078656.jpg,https://suse-mall.oss-cn-chengdu.aliyuncs.com/2022/04/13a9e35c72114228ae834488f440752b.jpg,https://suse-mall.oss-cn-chengdu.aliyuncs.com/2022/04/dfe23e62701747999c44c135ef7c87f6.jpg,https://suse-mall.oss-cn-chengdu.aliyuncs.com/2022/04/64e0193a91024d7486a7e69b240a02c0.jpg', 31, 1, '2022-04-25 20:18:08', '2022-04-25 20:18:08', '2022-04-25 20:18:08', NULL);
INSERT INTO `tz_order_prod` VALUES (198, 89, '玲玖学院风条纹长袖毛衣女', NULL, 0.00, 75.00, '玲玖学院风条纹长袖毛衣女春秋假两件针织衫显瘦设计感披肩上衣', 'https://suse-mall.oss-cn-chengdu.aliyuncs.com/2022/04/80247a2078a34591a5ece7d009ec4c54.jpg,https://suse-mall.oss-cn-chengdu.aliyuncs.com/2022/04/5ee71be3d3784130ac4dbe72079ad31a.jpg,https://suse-mall.oss-cn-chengdu.aliyuncs.com/2022/04/fbd7566f462346c9ac87c42ec29bf8d7.jpg,https://suse-mall.oss-cn-chengdu.aliyuncs.com/2022/04/ec06649920d54bad87cb7cb855b2cb1f.jpg', 'https://suse-mall.oss-cn-chengdu.aliyuncs.com/2022/04/7784ec947cac43a7bd88d0cf2252dae1.jpg,https://suse-mall.oss-cn-chengdu.aliyuncs.com/2022/04/38b75aec6ea343d79436e5e6d4980ff9.jpg,https://suse-mall.oss-cn-chengdu.aliyuncs.com/2022/04/325470476abe4329b62aebbccefa201f.jpg,https://suse-mall.oss-cn-chengdu.aliyuncs.com/2022/04/cf1a1feac2934840aea49c34ffd8d98f.jpg,https://suse-mall.oss-cn-chengdu.aliyuncs.com/2022/04/2120dc5feb6d415fbff6200c2b78d948.jpg,https://suse-mall.oss-cn-chengdu.aliyuncs.com/2022/04/615273e1d6444831a2b49c168829eb1c.jpg', 31, 1, '2022-04-01 11:47:03', '2022-04-01 11:47:03', '2022-04-01 11:47:03', NULL);
INSERT INTO `tz_order_prod` VALUES (199, 100, '卫衣外套女', NULL, 0.00, 61.00, '拉夏贝尔欧洲站洋气假两件卫衣外套女宽松女装2022年春秋新款气质百搭显瘦女士上衣 藏青色 L(110-130斤)', 'https://suse-mall.oss-cn-chengdu.aliyuncs.com/2022/04/b3b1b6b562e9422585f5884d001a87d0.jpg', 'https://suse-mall.oss-cn-chengdu.aliyuncs.com/2022/04/155e5811f78d49bb816a86395e5d5f0d.jpg,https://suse-mall.oss-cn-chengdu.aliyuncs.com/2022/04/3353ea944966463a9139a713110cd77d.jpg,https://suse-mall.oss-cn-chengdu.aliyuncs.com/2022/04/aee7ba3465214fc9bf2c2cef3d0e882d.jpg,https://suse-mall.oss-cn-chengdu.aliyuncs.com/2022/04/c53b9a63be1144d496f0f43058b03bcf.jpg', 26, 1, '2022-04-25 22:03:40', '2022-04-25 22:03:40', '2022-04-25 22:03:40', NULL);
INSERT INTO `tz_order_prod` VALUES (200, 100, '卫衣外套女', NULL, 0.00, 61.00, '拉夏贝尔欧洲站洋气假两件卫衣外套女宽松女装2022年春秋新款气质百搭显瘦女士上衣 藏青色 L(110-130斤)', 'https://suse-mall.oss-cn-chengdu.aliyuncs.com/2022/04/b3b1b6b562e9422585f5884d001a87d0.jpg', 'https://suse-mall.oss-cn-chengdu.aliyuncs.com/2022/04/155e5811f78d49bb816a86395e5d5f0d.jpg,https://suse-mall.oss-cn-chengdu.aliyuncs.com/2022/04/3353ea944966463a9139a713110cd77d.jpg,https://suse-mall.oss-cn-chengdu.aliyuncs.com/2022/04/aee7ba3465214fc9bf2c2cef3d0e882d.jpg,https://suse-mall.oss-cn-chengdu.aliyuncs.com/2022/04/c53b9a63be1144d496f0f43058b03bcf.jpg', 26, 1, '2022-04-25 22:03:40', '2022-04-25 22:03:40', '2022-04-25 22:03:40', NULL);
INSERT INTO `tz_order_prod` VALUES (201, 100, '卫衣外套女', NULL, 0.00, 61.00, '拉夏贝尔欧洲站洋气假两件卫衣外套女宽松女装2022年春秋新款气质百搭显瘦女士上衣 藏青色 L(110-130斤)', 'https://suse-mall.oss-cn-chengdu.aliyuncs.com/2022/04/b3b1b6b562e9422585f5884d001a87d0.jpg', 'https://suse-mall.oss-cn-chengdu.aliyuncs.com/2022/04/155e5811f78d49bb816a86395e5d5f0d.jpg,https://suse-mall.oss-cn-chengdu.aliyuncs.com/2022/04/3353ea944966463a9139a713110cd77d.jpg,https://suse-mall.oss-cn-chengdu.aliyuncs.com/2022/04/aee7ba3465214fc9bf2c2cef3d0e882d.jpg,https://suse-mall.oss-cn-chengdu.aliyuncs.com/2022/04/c53b9a63be1144d496f0f43058b03bcf.jpg', 26, 1, '2022-04-25 22:03:40', '2022-04-25 22:03:40', '2022-04-25 22:03:40', NULL);
INSERT INTO `tz_order_prod` VALUES (202, 100, '卫衣外套女', NULL, 0.00, 61.00, '拉夏贝尔欧洲站洋气假两件卫衣外套女宽松女装2022年春秋新款气质百搭显瘦女士上衣 藏青色 L(110-130斤)', 'https://suse-mall.oss-cn-chengdu.aliyuncs.com/2022/04/b3b1b6b562e9422585f5884d001a87d0.jpg', 'https://suse-mall.oss-cn-chengdu.aliyuncs.com/2022/04/155e5811f78d49bb816a86395e5d5f0d.jpg,https://suse-mall.oss-cn-chengdu.aliyuncs.com/2022/04/3353ea944966463a9139a713110cd77d.jpg,https://suse-mall.oss-cn-chengdu.aliyuncs.com/2022/04/aee7ba3465214fc9bf2c2cef3d0e882d.jpg,https://suse-mall.oss-cn-chengdu.aliyuncs.com/2022/04/c53b9a63be1144d496f0f43058b03bcf.jpg', 26, 1, '2022-04-25 22:03:40', '2022-04-25 22:03:40', '2022-04-25 22:03:40', NULL);
INSERT INTO `tz_order_prod` VALUES (203, 100, '卫衣外套女', NULL, 0.00, 61.00, '拉夏贝尔欧洲站洋气假两件卫衣外套女宽松女装2022年春秋新款气质百搭显瘦女士上衣 藏青色 L(110-130斤)', 'https://suse-mall.oss-cn-chengdu.aliyuncs.com/2022/04/b3b1b6b562e9422585f5884d001a87d0.jpg', 'https://suse-mall.oss-cn-chengdu.aliyuncs.com/2022/04/155e5811f78d49bb816a86395e5d5f0d.jpg,https://suse-mall.oss-cn-chengdu.aliyuncs.com/2022/04/3353ea944966463a9139a713110cd77d.jpg,https://suse-mall.oss-cn-chengdu.aliyuncs.com/2022/04/aee7ba3465214fc9bf2c2cef3d0e882d.jpg,https://suse-mall.oss-cn-chengdu.aliyuncs.com/2022/04/c53b9a63be1144d496f0f43058b03bcf.jpg', 26, 1, '2022-04-25 22:03:40', '2022-04-25 22:03:40', '2022-04-25 22:03:40', NULL);
INSERT INTO `tz_order_prod` VALUES (204, 100, '卫衣外套女', NULL, 0.00, 61.00, '拉夏贝尔欧洲站洋气假两件卫衣外套女宽松女装2022年春秋新款气质百搭显瘦女士上衣 藏青色 L(110-130斤)', 'https://suse-mall.oss-cn-chengdu.aliyuncs.com/2022/04/b3b1b6b562e9422585f5884d001a87d0.jpg', 'https://suse-mall.oss-cn-chengdu.aliyuncs.com/2022/04/155e5811f78d49bb816a86395e5d5f0d.jpg,https://suse-mall.oss-cn-chengdu.aliyuncs.com/2022/04/3353ea944966463a9139a713110cd77d.jpg,https://suse-mall.oss-cn-chengdu.aliyuncs.com/2022/04/aee7ba3465214fc9bf2c2cef3d0e882d.jpg,https://suse-mall.oss-cn-chengdu.aliyuncs.com/2022/04/c53b9a63be1144d496f0f43058b03bcf.jpg', 26, 1, '2022-04-25 22:03:40', '2022-04-25 22:03:40', '2022-04-25 22:03:40', NULL);
INSERT INTO `tz_order_prod` VALUES (205, 100, '卫衣外套女', NULL, 0.00, 61.00, '拉夏贝尔欧洲站洋气假两件卫衣外套女宽松女装2022年春秋新款气质百搭显瘦女士上衣 藏青色 L(110-130斤)', 'https://suse-mall.oss-cn-chengdu.aliyuncs.com/2022/04/b3b1b6b562e9422585f5884d001a87d0.jpg', 'https://suse-mall.oss-cn-chengdu.aliyuncs.com/2022/04/155e5811f78d49bb816a86395e5d5f0d.jpg,https://suse-mall.oss-cn-chengdu.aliyuncs.com/2022/04/3353ea944966463a9139a713110cd77d.jpg,https://suse-mall.oss-cn-chengdu.aliyuncs.com/2022/04/aee7ba3465214fc9bf2c2cef3d0e882d.jpg,https://suse-mall.oss-cn-chengdu.aliyuncs.com/2022/04/c53b9a63be1144d496f0f43058b03bcf.jpg', 26, 1, '2022-04-25 22:03:40', '2022-04-25 22:03:40', '2022-04-25 22:03:40', NULL);
INSERT INTO `tz_order_prod` VALUES (206, 100, '卫衣外套女', NULL, 0.00, 61.00, '拉夏贝尔欧洲站洋气假两件卫衣外套女宽松女装2022年春秋新款气质百搭显瘦女士上衣 藏青色 L(110-130斤)', 'https://suse-mall.oss-cn-chengdu.aliyuncs.com/2022/04/b3b1b6b562e9422585f5884d001a87d0.jpg', 'https://suse-mall.oss-cn-chengdu.aliyuncs.com/2022/04/155e5811f78d49bb816a86395e5d5f0d.jpg,https://suse-mall.oss-cn-chengdu.aliyuncs.com/2022/04/3353ea944966463a9139a713110cd77d.jpg,https://suse-mall.oss-cn-chengdu.aliyuncs.com/2022/04/aee7ba3465214fc9bf2c2cef3d0e882d.jpg,https://suse-mall.oss-cn-chengdu.aliyuncs.com/2022/04/c53b9a63be1144d496f0f43058b03bcf.jpg', 26, 1, '2022-04-25 22:03:40', '2022-04-25 22:03:40', '2022-04-25 22:03:40', NULL);
INSERT INTO `tz_order_prod` VALUES (207, 94, '连衣裙女', NULL, 0.00, 79.00, ' 白鹿明星同款香影连衣裙女2022夏季新款气质收腰娃娃领泡泡袖裙子 果绿 S预售4月26日陆续发货', 'https://suse-mall.oss-cn-chengdu.aliyuncs.com/2022/04/32cc465ca44144299df22dcf773e049f.jpg,https://suse-mall.oss-cn-chengdu.aliyuncs.com/2022/04/2f7acbfe7efb4664b96fc6e38f09f32f.jpg,https://suse-mall.oss-cn-chengdu.aliyuncs.com/2022/04/36083b8eb29a4de9b6e40b64f608a7d3.jpg,https://suse-mall.oss-cn-chengdu.aliyuncs.com/2022/04/01893af332f14a988e67b20544ab392c.jpg', 'https://suse-mall.oss-cn-chengdu.aliyuncs.com/2022/04/a25d5dbfcf99427c8cac57e26640b059.jpg,https://suse-mall.oss-cn-chengdu.aliyuncs.com/2022/04/5ca3aa46495b4214b124bcfcb1c3c886.jpg,https://suse-mall.oss-cn-chengdu.aliyuncs.com/2022/04/17a9f7b66a074d7cbdf530bd10f4023b.jpg,https://suse-mall.oss-cn-chengdu.aliyuncs.com/2022/04/acc57817b2e341bd807f9af61eb70a2f.jpg,https://suse-mall.oss-cn-chengdu.aliyuncs.com/2022/04/f979797c10de4bebbb9bbb2ac7ef5048.jpg,https://suse-mall.oss-cn-chengdu.aliyuncs.com/2022/04/51324a2d380841bb9524406910c265d3.jpg,https://suse-mall.oss-cn-chengdu.aliyuncs.com/2022/04/171f42c58f3c4c59816bcee162eba6a6.jpg,https://suse-mall.oss-cn-chengdu.aliyuncs.com/2022/04/da0d29d932014ac3b462de6ae2bf7b9f.png', 32, 1, '2022-04-25 20:10:01', '2022-04-25 20:10:01', '2022-04-25 20:10:01', NULL);
INSERT INTO `tz_order_prod` VALUES (208, 102, '保暖内衣女士(加绒)', NULL, 0.00, 25.00, 'MGSUV2020秋冬德绒无痕半高领长袖保暖内衣女士加绒上装打底衫潮 紫色 160(M)', 'https://suse-mall.oss-cn-chengdu.aliyuncs.com/2022/04/9d4f5e2caa95419bba011fb6a06b79b7.jpg', 'https://suse-mall.oss-cn-chengdu.aliyuncs.com/2022/04/3f5241d7eef14fd68fecd769d4d338b3.jpg,https://suse-mall.oss-cn-chengdu.aliyuncs.com/2022/04/8461127a0e504aa1b811bc87f894a3c0.jpg,https://suse-mall.oss-cn-chengdu.aliyuncs.com/2022/04/23291863182649e39f510661d3656b3d.jpg', 31, 1, '2022-04-25 22:09:38', '2022-04-25 22:09:38', '2022-04-25 22:09:38', NULL);
INSERT INTO `tz_order_prod` VALUES (209, 102, '保暖内衣女士(加绒)', NULL, 0.00, 25.00, 'MGSUV2020秋冬德绒无痕半高领长袖保暖内衣女士加绒上装打底衫潮 紫色 160(M)', 'https://suse-mall.oss-cn-chengdu.aliyuncs.com/2022/04/9d4f5e2caa95419bba011fb6a06b79b7.jpg', 'https://suse-mall.oss-cn-chengdu.aliyuncs.com/2022/04/3f5241d7eef14fd68fecd769d4d338b3.jpg,https://suse-mall.oss-cn-chengdu.aliyuncs.com/2022/04/8461127a0e504aa1b811bc87f894a3c0.jpg,https://suse-mall.oss-cn-chengdu.aliyuncs.com/2022/04/23291863182649e39f510661d3656b3d.jpg', 31, 1, '2022-04-25 22:09:38', '2022-04-25 22:09:38', '2022-04-25 22:09:38', NULL);
INSERT INTO `tz_order_prod` VALUES (210, 102, '保暖内衣女士(加绒)', NULL, 0.00, 25.00, 'MGSUV2020秋冬德绒无痕半高领长袖保暖内衣女士加绒上装打底衫潮 紫色 160(M)', 'https://suse-mall.oss-cn-chengdu.aliyuncs.com/2022/04/9d4f5e2caa95419bba011fb6a06b79b7.jpg', 'https://suse-mall.oss-cn-chengdu.aliyuncs.com/2022/04/3f5241d7eef14fd68fecd769d4d338b3.jpg,https://suse-mall.oss-cn-chengdu.aliyuncs.com/2022/04/8461127a0e504aa1b811bc87f894a3c0.jpg,https://suse-mall.oss-cn-chengdu.aliyuncs.com/2022/04/23291863182649e39f510661d3656b3d.jpg', 31, 1, '2022-04-25 22:09:38', '2022-04-25 22:09:38', '2022-04-25 22:09:38', NULL);
INSERT INTO `tz_order_prod` VALUES (211, 91, 'Apple iPhone 13 Pro', NULL, 0.00, 7648.00, 'Apple iPhone 13 Pro 苹果13pro 5G手机 二手手机 99新远峰蓝色 256G', 'https://suse-mall.oss-cn-chengdu.aliyuncs.com/2022/04/6d6e891fe1b24dcf89d95950742accb7.png,https://suse-mall.oss-cn-chengdu.aliyuncs.com/2022/04/c59494a4105f4222ae0caa089a0fb018.jpg', 'https://suse-mall.oss-cn-chengdu.aliyuncs.com/2022/04/9c59acffe86a4148a28f5706eaaf01e5.jpg,https://suse-mall.oss-cn-chengdu.aliyuncs.com/2022/04/69021436fd454097b514ed5866dcf17c.jpg,https://suse-mall.oss-cn-chengdu.aliyuncs.com/2022/04/41ff1ad60888437083b1b11a47af548b.jpg', 156, 1, '2022-04-25 19:49:57', '2022-04-25 19:49:57', '2022-04-25 19:49:57', NULL);
INSERT INTO `tz_order_prod` VALUES (212, 91, 'Apple iPhone 13 Pro', NULL, 0.00, 7648.00, 'Apple iPhone 13 Pro 苹果13pro 5G手机 二手手机 99新远峰蓝色 256G', 'https://suse-mall.oss-cn-chengdu.aliyuncs.com/2022/04/6d6e891fe1b24dcf89d95950742accb7.png,https://suse-mall.oss-cn-chengdu.aliyuncs.com/2022/04/c59494a4105f4222ae0caa089a0fb018.jpg', 'https://suse-mall.oss-cn-chengdu.aliyuncs.com/2022/04/9c59acffe86a4148a28f5706eaaf01e5.jpg,https://suse-mall.oss-cn-chengdu.aliyuncs.com/2022/04/69021436fd454097b514ed5866dcf17c.jpg,https://suse-mall.oss-cn-chengdu.aliyuncs.com/2022/04/41ff1ad60888437083b1b11a47af548b.jpg', 156, 1, '2022-04-25 19:49:57', '2022-04-25 19:49:57', '2022-04-25 19:49:57', NULL);
INSERT INTO `tz_order_prod` VALUES (213, 90, 'OPPO A11s', NULL, 0.00, 969.00, 'OPPO A11s 4+128G 梦幻白 超大存储 5000mAh大电池 18W疾速快充 90Hz护眼屏 全网通拍照手机', 'https://suse-mall.oss-cn-chengdu.aliyuncs.com/2022/04/e4023c6ef1fb4a988995608cbe48bd19.jpg,https://suse-mall.oss-cn-chengdu.aliyuncs.com/2022/04/4aff8cf54ca749279b2e6c1b07c8ddfd.jpg,https://suse-mall.oss-cn-chengdu.aliyuncs.com/2022/04/84eac1cb4b794ca5b8df5468b3352731.jpg,https://suse-mall.oss-cn-chengdu.aliyuncs.com/2022/04/260859e1de4d4f1891293bd8eea1dd63.jpg', 'https://suse-mall.oss-cn-chengdu.aliyuncs.com/2022/04/f10c149aaf114683ba32396cf873e50c.png,https://suse-mall.oss-cn-chengdu.aliyuncs.com/2022/04/76662f63933c42de9c0947bcb0cdb699.jpg,https://suse-mall.oss-cn-chengdu.aliyuncs.com/2022/04/748cb4071a414f76894325192e173bb3.jpg,https://suse-mall.oss-cn-chengdu.aliyuncs.com/2022/04/5e0fab3d2ec34a55ba35cc500b6c7c50.jpg', 156, 1, '2022-04-25 19:46:17', '2022-04-25 19:46:17', '2022-04-25 19:46:17', NULL);
INSERT INTO `tz_order_prod` VALUES (214, 94, '连衣裙女', NULL, 0.00, 79.00, ' 白鹿明星同款香影连衣裙女2022夏季新款气质收腰娃娃领泡泡袖裙子 果绿 S预售4月26日陆续发货', 'https://suse-mall.oss-cn-chengdu.aliyuncs.com/2022/04/32cc465ca44144299df22dcf773e049f.jpg,https://suse-mall.oss-cn-chengdu.aliyuncs.com/2022/04/2f7acbfe7efb4664b96fc6e38f09f32f.jpg,https://suse-mall.oss-cn-chengdu.aliyuncs.com/2022/04/36083b8eb29a4de9b6e40b64f608a7d3.jpg,https://suse-mall.oss-cn-chengdu.aliyuncs.com/2022/04/01893af332f14a988e67b20544ab392c.jpg', 'https://suse-mall.oss-cn-chengdu.aliyuncs.com/2022/04/a25d5dbfcf99427c8cac57e26640b059.jpg,https://suse-mall.oss-cn-chengdu.aliyuncs.com/2022/04/5ca3aa46495b4214b124bcfcb1c3c886.jpg,https://suse-mall.oss-cn-chengdu.aliyuncs.com/2022/04/17a9f7b66a074d7cbdf530bd10f4023b.jpg,https://suse-mall.oss-cn-chengdu.aliyuncs.com/2022/04/acc57817b2e341bd807f9af61eb70a2f.jpg,https://suse-mall.oss-cn-chengdu.aliyuncs.com/2022/04/f979797c10de4bebbb9bbb2ac7ef5048.jpg,https://suse-mall.oss-cn-chengdu.aliyuncs.com/2022/04/51324a2d380841bb9524406910c265d3.jpg,https://suse-mall.oss-cn-chengdu.aliyuncs.com/2022/04/171f42c58f3c4c59816bcee162eba6a6.jpg,https://suse-mall.oss-cn-chengdu.aliyuncs.com/2022/04/da0d29d932014ac3b462de6ae2bf7b9f.png', 32, 1, '2022-04-25 20:10:01', '2022-04-25 20:10:01', '2022-04-25 20:10:01', NULL);
INSERT INTO `tz_order_prod` VALUES (215, 101, '卫衣女套装', NULL, 0.00, 95.00, '惠珈芸 卫衣女套装春季新款2021学生韩版工装运动套装女小个子宽松时尚减龄chic春秋洋气休闲套装女 粉色套装 L(建议110-125斤）', 'https://suse-mall.oss-cn-chengdu.aliyuncs.com/2022/04/bd8b7ad8283f4f4383a55e1279d65bc3.jpg,https://suse-mall.oss-cn-chengdu.aliyuncs.com/2022/04/ad4ae2ec0f9b4505a576ad17204d5f2f.jpg,https://suse-mall.oss-cn-chengdu.aliyuncs.com/2022/04/0f6f886a7dfb440ab0f276a30b26e573.jpg', 'https://suse-mall.oss-cn-chengdu.aliyuncs.com/2022/04/0002578cfef44560934e2d61465f9c38.jpg,https://suse-mall.oss-cn-chengdu.aliyuncs.com/2022/04/b1729448e7bf45d1a479cbfcdf5328af.jpg,https://suse-mall.oss-cn-chengdu.aliyuncs.com/2022/04/108cfc12d85a4a3da6345d81f6c79296.jpg,https://suse-mall.oss-cn-chengdu.aliyuncs.com/2022/04/ca9ab75d6e644a179e749dbc34b69828.jpg,https://suse-mall.oss-cn-chengdu.aliyuncs.com/2022/04/3bcdccb93ce84351bea4e05052ab5f79.jpg,https://suse-mall.oss-cn-chengdu.aliyuncs.com/2022/04/cee895d49b234bd189347b4eb95ea49b.jpg', 31, 1, '2022-04-25 22:06:57', '2022-04-25 22:06:57', '2022-04-25 22:06:57', NULL);
INSERT INTO `tz_order_prod` VALUES (216, 101, '卫衣女套装', NULL, 0.00, 95.00, '惠珈芸 卫衣女套装春季新款2021学生韩版工装运动套装女小个子宽松时尚减龄chic春秋洋气休闲套装女 粉色套装 L(建议110-125斤）', 'https://suse-mall.oss-cn-chengdu.aliyuncs.com/2022/04/bd8b7ad8283f4f4383a55e1279d65bc3.jpg,https://suse-mall.oss-cn-chengdu.aliyuncs.com/2022/04/ad4ae2ec0f9b4505a576ad17204d5f2f.jpg,https://suse-mall.oss-cn-chengdu.aliyuncs.com/2022/04/0f6f886a7dfb440ab0f276a30b26e573.jpg', 'https://suse-mall.oss-cn-chengdu.aliyuncs.com/2022/04/0002578cfef44560934e2d61465f9c38.jpg,https://suse-mall.oss-cn-chengdu.aliyuncs.com/2022/04/b1729448e7bf45d1a479cbfcdf5328af.jpg,https://suse-mall.oss-cn-chengdu.aliyuncs.com/2022/04/108cfc12d85a4a3da6345d81f6c79296.jpg,https://suse-mall.oss-cn-chengdu.aliyuncs.com/2022/04/ca9ab75d6e644a179e749dbc34b69828.jpg,https://suse-mall.oss-cn-chengdu.aliyuncs.com/2022/04/3bcdccb93ce84351bea4e05052ab5f79.jpg,https://suse-mall.oss-cn-chengdu.aliyuncs.com/2022/04/cee895d49b234bd189347b4eb95ea49b.jpg', 31, 1, '2022-04-25 22:06:57', '2022-04-25 22:06:57', '2022-04-25 22:06:57', NULL);
INSERT INTO `tz_order_prod` VALUES (217, 101, '卫衣女套装', NULL, 0.00, 95.00, '惠珈芸 卫衣女套装春季新款2021学生韩版工装运动套装女小个子宽松时尚减龄chic春秋洋气休闲套装女 粉色套装 L(建议110-125斤）', 'https://suse-mall.oss-cn-chengdu.aliyuncs.com/2022/04/bd8b7ad8283f4f4383a55e1279d65bc3.jpg,https://suse-mall.oss-cn-chengdu.aliyuncs.com/2022/04/ad4ae2ec0f9b4505a576ad17204d5f2f.jpg,https://suse-mall.oss-cn-chengdu.aliyuncs.com/2022/04/0f6f886a7dfb440ab0f276a30b26e573.jpg', 'https://suse-mall.oss-cn-chengdu.aliyuncs.com/2022/04/0002578cfef44560934e2d61465f9c38.jpg,https://suse-mall.oss-cn-chengdu.aliyuncs.com/2022/04/b1729448e7bf45d1a479cbfcdf5328af.jpg,https://suse-mall.oss-cn-chengdu.aliyuncs.com/2022/04/108cfc12d85a4a3da6345d81f6c79296.jpg,https://suse-mall.oss-cn-chengdu.aliyuncs.com/2022/04/ca9ab75d6e644a179e749dbc34b69828.jpg,https://suse-mall.oss-cn-chengdu.aliyuncs.com/2022/04/3bcdccb93ce84351bea4e05052ab5f79.jpg,https://suse-mall.oss-cn-chengdu.aliyuncs.com/2022/04/cee895d49b234bd189347b4eb95ea49b.jpg', 31, 1, '2022-04-25 22:06:57', '2022-04-25 22:06:57', '2022-04-25 22:06:57', NULL);
INSERT INTO `tz_order_prod` VALUES (218, 100, '卫衣外套女', NULL, 0.00, 61.00, '拉夏贝尔欧洲站洋气假两件卫衣外套女宽松女装2022年春秋新款气质百搭显瘦女士上衣 藏青色 L(110-130斤)', 'https://suse-mall.oss-cn-chengdu.aliyuncs.com/2022/04/b3b1b6b562e9422585f5884d001a87d0.jpg', 'https://suse-mall.oss-cn-chengdu.aliyuncs.com/2022/04/155e5811f78d49bb816a86395e5d5f0d.jpg,https://suse-mall.oss-cn-chengdu.aliyuncs.com/2022/04/3353ea944966463a9139a713110cd77d.jpg,https://suse-mall.oss-cn-chengdu.aliyuncs.com/2022/04/aee7ba3465214fc9bf2c2cef3d0e882d.jpg,https://suse-mall.oss-cn-chengdu.aliyuncs.com/2022/04/c53b9a63be1144d496f0f43058b03bcf.jpg', 26, 1, '2022-04-25 22:03:40', '2022-04-25 22:03:40', '2022-04-25 22:03:40', NULL);
INSERT INTO `tz_order_prod` VALUES (219, 100, '卫衣外套女', NULL, 0.00, 61.00, '拉夏贝尔欧洲站洋气假两件卫衣外套女宽松女装2022年春秋新款气质百搭显瘦女士上衣 藏青色 L(110-130斤)', 'https://suse-mall.oss-cn-chengdu.aliyuncs.com/2022/04/b3b1b6b562e9422585f5884d001a87d0.jpg', 'https://suse-mall.oss-cn-chengdu.aliyuncs.com/2022/04/155e5811f78d49bb816a86395e5d5f0d.jpg,https://suse-mall.oss-cn-chengdu.aliyuncs.com/2022/04/3353ea944966463a9139a713110cd77d.jpg,https://suse-mall.oss-cn-chengdu.aliyuncs.com/2022/04/aee7ba3465214fc9bf2c2cef3d0e882d.jpg,https://suse-mall.oss-cn-chengdu.aliyuncs.com/2022/04/c53b9a63be1144d496f0f43058b03bcf.jpg', 26, 1, '2022-04-25 22:03:40', '2022-04-25 22:03:40', '2022-04-25 22:03:40', NULL);
INSERT INTO `tz_order_prod` VALUES (220, 100, '卫衣外套女', NULL, 0.00, 61.00, '拉夏贝尔欧洲站洋气假两件卫衣外套女宽松女装2022年春秋新款气质百搭显瘦女士上衣 藏青色 L(110-130斤)', 'https://suse-mall.oss-cn-chengdu.aliyuncs.com/2022/04/b3b1b6b562e9422585f5884d001a87d0.jpg', 'https://suse-mall.oss-cn-chengdu.aliyuncs.com/2022/04/155e5811f78d49bb816a86395e5d5f0d.jpg,https://suse-mall.oss-cn-chengdu.aliyuncs.com/2022/04/3353ea944966463a9139a713110cd77d.jpg,https://suse-mall.oss-cn-chengdu.aliyuncs.com/2022/04/aee7ba3465214fc9bf2c2cef3d0e882d.jpg,https://suse-mall.oss-cn-chengdu.aliyuncs.com/2022/04/c53b9a63be1144d496f0f43058b03bcf.jpg', 26, 1, '2022-04-25 22:03:40', '2022-04-25 22:03:40', '2022-04-25 22:03:40', NULL);
INSERT INTO `tz_order_prod` VALUES (221, 100, '卫衣外套女', NULL, 0.00, 61.00, '拉夏贝尔欧洲站洋气假两件卫衣外套女宽松女装2022年春秋新款气质百搭显瘦女士上衣 藏青色 L(110-130斤)', 'https://suse-mall.oss-cn-chengdu.aliyuncs.com/2022/04/b3b1b6b562e9422585f5884d001a87d0.jpg', 'https://suse-mall.oss-cn-chengdu.aliyuncs.com/2022/04/155e5811f78d49bb816a86395e5d5f0d.jpg,https://suse-mall.oss-cn-chengdu.aliyuncs.com/2022/04/3353ea944966463a9139a713110cd77d.jpg,https://suse-mall.oss-cn-chengdu.aliyuncs.com/2022/04/aee7ba3465214fc9bf2c2cef3d0e882d.jpg,https://suse-mall.oss-cn-chengdu.aliyuncs.com/2022/04/c53b9a63be1144d496f0f43058b03bcf.jpg', 26, 1, '2022-04-25 22:03:40', '2022-04-25 22:03:40', '2022-04-25 22:03:40', NULL);
INSERT INTO `tz_order_prod` VALUES (222, 100, '卫衣外套女', NULL, 0.00, 61.00, '拉夏贝尔欧洲站洋气假两件卫衣外套女宽松女装2022年春秋新款气质百搭显瘦女士上衣 藏青色 L(110-130斤)', 'https://suse-mall.oss-cn-chengdu.aliyuncs.com/2022/04/b3b1b6b562e9422585f5884d001a87d0.jpg', 'https://suse-mall.oss-cn-chengdu.aliyuncs.com/2022/04/155e5811f78d49bb816a86395e5d5f0d.jpg,https://suse-mall.oss-cn-chengdu.aliyuncs.com/2022/04/3353ea944966463a9139a713110cd77d.jpg,https://suse-mall.oss-cn-chengdu.aliyuncs.com/2022/04/aee7ba3465214fc9bf2c2cef3d0e882d.jpg,https://suse-mall.oss-cn-chengdu.aliyuncs.com/2022/04/c53b9a63be1144d496f0f43058b03bcf.jpg', 26, 1, '2022-04-25 22:03:40', '2022-04-25 22:03:40', '2022-04-25 22:03:40', NULL);
INSERT INTO `tz_order_prod` VALUES (223, 100, '卫衣外套女', NULL, 0.00, 61.00, '拉夏贝尔欧洲站洋气假两件卫衣外套女宽松女装2022年春秋新款气质百搭显瘦女士上衣 藏青色 L(110-130斤)', 'https://suse-mall.oss-cn-chengdu.aliyuncs.com/2022/04/b3b1b6b562e9422585f5884d001a87d0.jpg', 'https://suse-mall.oss-cn-chengdu.aliyuncs.com/2022/04/155e5811f78d49bb816a86395e5d5f0d.jpg,https://suse-mall.oss-cn-chengdu.aliyuncs.com/2022/04/3353ea944966463a9139a713110cd77d.jpg,https://suse-mall.oss-cn-chengdu.aliyuncs.com/2022/04/aee7ba3465214fc9bf2c2cef3d0e882d.jpg,https://suse-mall.oss-cn-chengdu.aliyuncs.com/2022/04/c53b9a63be1144d496f0f43058b03bcf.jpg', 26, 1, '2022-04-25 22:03:40', '2022-04-25 22:03:40', '2022-04-25 22:03:40', NULL);
INSERT INTO `tz_order_prod` VALUES (224, 100, '卫衣外套女', NULL, 0.00, 61.00, '拉夏贝尔欧洲站洋气假两件卫衣外套女宽松女装2022年春秋新款气质百搭显瘦女士上衣 藏青色 L(110-130斤)', 'https://suse-mall.oss-cn-chengdu.aliyuncs.com/2022/04/b3b1b6b562e9422585f5884d001a87d0.jpg', 'https://suse-mall.oss-cn-chengdu.aliyuncs.com/2022/04/155e5811f78d49bb816a86395e5d5f0d.jpg,https://suse-mall.oss-cn-chengdu.aliyuncs.com/2022/04/3353ea944966463a9139a713110cd77d.jpg,https://suse-mall.oss-cn-chengdu.aliyuncs.com/2022/04/aee7ba3465214fc9bf2c2cef3d0e882d.jpg,https://suse-mall.oss-cn-chengdu.aliyuncs.com/2022/04/c53b9a63be1144d496f0f43058b03bcf.jpg', 26, 1, '2022-04-25 22:03:40', '2022-04-25 22:03:40', '2022-04-25 22:03:40', NULL);
INSERT INTO `tz_order_prod` VALUES (225, 103, '雪纺衬衫女', '121211', 0.00, 79.00, '波点雪纺衬衫女新款时尚显瘦蝴蝶结飘带雪纺衫 杏色【9738#】 S', 'https://suse-mall.oss-cn-chengdu.aliyuncs.com/2022/04/eed2111eb58046df93d97533f6aaf3a2.jpg,https://suse-mall.oss-cn-chengdu.aliyuncs.com/2022/04/2f277a69a0f24e369d1475fcc260503f.jpg', 'https://suse-mall.oss-cn-chengdu.aliyuncs.com/2022/04/218476a1dcb94a919aaa9de8ce4239ef.jpg,https://suse-mall.oss-cn-chengdu.aliyuncs.com/2022/04/590f728ea4ed4c6bb187116a184585df.jpg,https://suse-mall.oss-cn-chengdu.aliyuncs.com/2022/04/df14a3067f744c84b3ebb745005d8750.jpg,https://suse-mall.oss-cn-chengdu.aliyuncs.com/2022/04/9020971ec0ff4d7aaa97120f609636b6.jpg', 31, 1, '2022-04-25 22:12:03', '2022-04-25 22:12:03', '2022-04-25 22:12:03', NULL);
INSERT INTO `tz_order_prod` VALUES (226, 98, '收腰显瘦短袖衬衫', '121211', 0.00, 114.00, 'DUROSBABY 2022年夏季收腰显瘦短袖衬衫设计感小众荷叶边碎花雪纺短款上衣女 浅粉色 XL', 'https://suse-mall.oss-cn-chengdu.aliyuncs.com/2022/04/1f6b38455ace4cdabe1303b3421761e2.jpg,https://suse-mall.oss-cn-chengdu.aliyuncs.com/2022/04/4d9ceae1d1fa47afb5bf5c275d758d9f.jpg,https://suse-mall.oss-cn-chengdu.aliyuncs.com/2022/04/ccda0536ac3f4473a80e1cd1970e8148.jpg', 'https://suse-mall.oss-cn-chengdu.aliyuncs.com/2022/04/e7e9e7c4ce4949e5af3769b3d351aa6d.jpg,https://suse-mall.oss-cn-chengdu.aliyuncs.com/2022/04/ab366b79fc954eda91d0c4efe1990253.jpg,https://suse-mall.oss-cn-chengdu.aliyuncs.com/2022/04/7c2097e6a93043bea346219118d6b9e5.jpg,https://suse-mall.oss-cn-chengdu.aliyuncs.com/2022/04/740fc95b493541ab81fa2117237058ce.jpg,https://suse-mall.oss-cn-chengdu.aliyuncs.com/2022/04/82ebd90772a74dbfb3e2debe3fcaf7f1.jpg', 31, 1, '2022-04-25 20:23:43', '2022-04-25 20:23:43', '2022-04-25 20:23:43', NULL);
INSERT INTO `tz_order_prod` VALUES (227, 103, '雪纺衬衫女', '121211', 0.00, 79.00, '波点雪纺衬衫女新款时尚显瘦蝴蝶结飘带雪纺衫 杏色【9738#】 S', 'https://suse-mall.oss-cn-chengdu.aliyuncs.com/2022/04/eed2111eb58046df93d97533f6aaf3a2.jpg,https://suse-mall.oss-cn-chengdu.aliyuncs.com/2022/04/2f277a69a0f24e369d1475fcc260503f.jpg', 'https://suse-mall.oss-cn-chengdu.aliyuncs.com/2022/04/218476a1dcb94a919aaa9de8ce4239ef.jpg,https://suse-mall.oss-cn-chengdu.aliyuncs.com/2022/04/590f728ea4ed4c6bb187116a184585df.jpg,https://suse-mall.oss-cn-chengdu.aliyuncs.com/2022/04/df14a3067f744c84b3ebb745005d8750.jpg,https://suse-mall.oss-cn-chengdu.aliyuncs.com/2022/04/9020971ec0ff4d7aaa97120f609636b6.jpg', 31, 1, '2022-04-25 22:12:03', '2022-04-25 22:12:03', '2022-04-25 22:12:03', NULL);
INSERT INTO `tz_order_prod` VALUES (228, 101, '卫衣女套装', '121211', 0.00, 95.00, '惠珈芸 卫衣女套装春季新款2021学生韩版工装运动套装女小个子宽松时尚减龄chic春秋洋气休闲套装女 粉色套装 L(建议110-125斤）', 'https://suse-mall.oss-cn-chengdu.aliyuncs.com/2022/04/bd8b7ad8283f4f4383a55e1279d65bc3.jpg,https://suse-mall.oss-cn-chengdu.aliyuncs.com/2022/04/ad4ae2ec0f9b4505a576ad17204d5f2f.jpg,https://suse-mall.oss-cn-chengdu.aliyuncs.com/2022/04/0f6f886a7dfb440ab0f276a30b26e573.jpg', 'https://suse-mall.oss-cn-chengdu.aliyuncs.com/2022/04/0002578cfef44560934e2d61465f9c38.jpg,https://suse-mall.oss-cn-chengdu.aliyuncs.com/2022/04/b1729448e7bf45d1a479cbfcdf5328af.jpg,https://suse-mall.oss-cn-chengdu.aliyuncs.com/2022/04/108cfc12d85a4a3da6345d81f6c79296.jpg,https://suse-mall.oss-cn-chengdu.aliyuncs.com/2022/04/ca9ab75d6e644a179e749dbc34b69828.jpg,https://suse-mall.oss-cn-chengdu.aliyuncs.com/2022/04/3bcdccb93ce84351bea4e05052ab5f79.jpg,https://suse-mall.oss-cn-chengdu.aliyuncs.com/2022/04/cee895d49b234bd189347b4eb95ea49b.jpg', 31, 2, '2022-04-25 22:06:57', '2022-04-25 22:06:57', '2022-04-25 22:06:57', NULL);
INSERT INTO `tz_order_prod` VALUES (229, 101, '卫衣女套装', '121211', 0.00, 95.00, '惠珈芸 卫衣女套装春季新款2021学生韩版工装运动套装女小个子宽松时尚减龄chic春秋洋气休闲套装女 粉色套装 L(建议110-125斤）', 'https://suse-mall.oss-cn-chengdu.aliyuncs.com/2022/04/bd8b7ad8283f4f4383a55e1279d65bc3.jpg,https://suse-mall.oss-cn-chengdu.aliyuncs.com/2022/04/ad4ae2ec0f9b4505a576ad17204d5f2f.jpg,https://suse-mall.oss-cn-chengdu.aliyuncs.com/2022/04/0f6f886a7dfb440ab0f276a30b26e573.jpg', 'https://suse-mall.oss-cn-chengdu.aliyuncs.com/2022/04/0002578cfef44560934e2d61465f9c38.jpg,https://suse-mall.oss-cn-chengdu.aliyuncs.com/2022/04/b1729448e7bf45d1a479cbfcdf5328af.jpg,https://suse-mall.oss-cn-chengdu.aliyuncs.com/2022/04/108cfc12d85a4a3da6345d81f6c79296.jpg,https://suse-mall.oss-cn-chengdu.aliyuncs.com/2022/04/ca9ab75d6e644a179e749dbc34b69828.jpg,https://suse-mall.oss-cn-chengdu.aliyuncs.com/2022/04/3bcdccb93ce84351bea4e05052ab5f79.jpg,https://suse-mall.oss-cn-chengdu.aliyuncs.com/2022/04/cee895d49b234bd189347b4eb95ea49b.jpg', 31, 1, '2022-04-25 22:06:57', '2022-04-25 22:06:57', '2022-04-25 22:06:57', NULL);
INSERT INTO `tz_order_prod` VALUES (230, 104, '考研408计算机学科专业基础综合教材辅导书', '1502911354422542338', 0.00, 150.00, '现货 8本2021考研408计算机学科专业基础综合教材辅导书 数据结构题集C语言版+计算机组成原理+计算机操作系统+网络清华大学912', 'https://suse-mall.oss-cn-chengdu.aliyuncs.com/2022/05/6b72110d27334c61bdad191039043790.jpg', 'https://suse-mall.oss-cn-chengdu.aliyuncs.com/2022/05/bc36280d5f544d099c01cef2cbd826db.jpg', 140, 1, '2022-05-24 22:27:13', '2022-05-24 22:27:13', '2022-05-24 22:27:13', NULL);
INSERT INTO `tz_order_prod` VALUES (231, 108, '山地车自行车男', '1532532629235068930', 0.00, 129.00, '山地车自行车男变速越野单车双减震赛车26英寸学生青少年女成人成年通勤车EG7 顶配-钢架黑红色【辐条轮】', 'https://suse-mall.oss-cn-chengdu.aliyuncs.com/2022/06/5c342b5d71d04c5f8947bf038e147d96.avif,https://suse-mall.oss-cn-chengdu.aliyuncs.com/2022/06/7bb68f16db0946a8a7c74a8747db56e9.avif,https://suse-mall.oss-cn-chengdu.aliyuncs.com/2022/06/567afeed33854009a6812daa751b76d8.avif', 'https://suse-mall.oss-cn-chengdu.aliyuncs.com/2022/06/0b810febffeb44dc881f710b151061d9.jpg,https://suse-mall.oss-cn-chengdu.aliyuncs.com/2022/06/08cbbb1f4c064a7da1b222442926ad93.jpg,https://suse-mall.oss-cn-chengdu.aliyuncs.com/2022/06/e42653547b3b4eadbe57a8f038782fc6.jpg,https://suse-mall.oss-cn-chengdu.aliyuncs.com/2022/06/2952a75f918140e7b7170be2f4e9f0e6.jpg', 123, 1, '2022-06-03 11:13:58', '2022-06-03 11:13:58', '2022-06-03 11:13:58', NULL);
INSERT INTO `tz_order_prod` VALUES (232, 108, '山地车自行车男', '1532532629235068930', 0.00, 129.00, '山地车自行车男变速越野单车双减震赛车26英寸学生青少年女成人成年通勤车EG7 顶配-钢架黑红色【辐条轮】', 'https://suse-mall.oss-cn-chengdu.aliyuncs.com/2022/06/5c342b5d71d04c5f8947bf038e147d96.avif,https://suse-mall.oss-cn-chengdu.aliyuncs.com/2022/06/7bb68f16db0946a8a7c74a8747db56e9.avif,https://suse-mall.oss-cn-chengdu.aliyuncs.com/2022/06/567afeed33854009a6812daa751b76d8.avif', 'https://suse-mall.oss-cn-chengdu.aliyuncs.com/2022/06/0b810febffeb44dc881f710b151061d9.jpg,https://suse-mall.oss-cn-chengdu.aliyuncs.com/2022/06/08cbbb1f4c064a7da1b222442926ad93.jpg,https://suse-mall.oss-cn-chengdu.aliyuncs.com/2022/06/e42653547b3b4eadbe57a8f038782fc6.jpg,https://suse-mall.oss-cn-chengdu.aliyuncs.com/2022/06/2952a75f918140e7b7170be2f4e9f0e6.jpg', 123, 1, '2022-06-03 11:13:58', '2022-06-03 11:13:58', '2022-06-03 11:13:58', NULL);
INSERT INTO `tz_order_prod` VALUES (233, 108, '山地车自行车男', '1532532629235068930', 0.00, 129.00, '山地车自行车男变速越野单车双减震赛车26英寸学生青少年女成人成年通勤车EG7 顶配-钢架黑红色【辐条轮】', 'https://suse-mall.oss-cn-chengdu.aliyuncs.com/2022/06/5c342b5d71d04c5f8947bf038e147d96.avif,https://suse-mall.oss-cn-chengdu.aliyuncs.com/2022/06/7bb68f16db0946a8a7c74a8747db56e9.avif,https://suse-mall.oss-cn-chengdu.aliyuncs.com/2022/06/567afeed33854009a6812daa751b76d8.avif', 'https://suse-mall.oss-cn-chengdu.aliyuncs.com/2022/06/0b810febffeb44dc881f710b151061d9.jpg,https://suse-mall.oss-cn-chengdu.aliyuncs.com/2022/06/08cbbb1f4c064a7da1b222442926ad93.jpg,https://suse-mall.oss-cn-chengdu.aliyuncs.com/2022/06/e42653547b3b4eadbe57a8f038782fc6.jpg,https://suse-mall.oss-cn-chengdu.aliyuncs.com/2022/06/2952a75f918140e7b7170be2f4e9f0e6.jpg', 123, 1, '2022-06-03 11:13:58', '2022-06-03 11:13:58', '2022-06-03 11:13:58', NULL);
INSERT INTO `tz_order_prod` VALUES (234, 108, '山地车自行车男', '1532532629235068930', 0.00, 129.00, '山地车自行车男变速越野单车双减震赛车26英寸学生青少年女成人成年通勤车EG7 顶配-钢架黑红色【辐条轮】', 'https://suse-mall.oss-cn-chengdu.aliyuncs.com/2022/06/5c342b5d71d04c5f8947bf038e147d96.avif,https://suse-mall.oss-cn-chengdu.aliyuncs.com/2022/06/7bb68f16db0946a8a7c74a8747db56e9.avif,https://suse-mall.oss-cn-chengdu.aliyuncs.com/2022/06/567afeed33854009a6812daa751b76d8.avif', 'https://suse-mall.oss-cn-chengdu.aliyuncs.com/2022/06/0b810febffeb44dc881f710b151061d9.jpg,https://suse-mall.oss-cn-chengdu.aliyuncs.com/2022/06/08cbbb1f4c064a7da1b222442926ad93.jpg,https://suse-mall.oss-cn-chengdu.aliyuncs.com/2022/06/e42653547b3b4eadbe57a8f038782fc6.jpg,https://suse-mall.oss-cn-chengdu.aliyuncs.com/2022/06/2952a75f918140e7b7170be2f4e9f0e6.jpg', 123, 1, '2022-06-03 11:13:58', '2022-06-03 11:13:58', '2022-06-03 11:13:58', NULL);
INSERT INTO `tz_order_prod` VALUES (235, 108, '山地车自行车男', '1532532629235068930', 0.00, 129.00, '山地车自行车男变速越野单车双减震赛车26英寸学生青少年女成人成年通勤车EG7 顶配-钢架黑红色【辐条轮】', 'https://suse-mall.oss-cn-chengdu.aliyuncs.com/2022/06/5c342b5d71d04c5f8947bf038e147d96.avif,https://suse-mall.oss-cn-chengdu.aliyuncs.com/2022/06/7bb68f16db0946a8a7c74a8747db56e9.avif,https://suse-mall.oss-cn-chengdu.aliyuncs.com/2022/06/567afeed33854009a6812daa751b76d8.avif', 'https://suse-mall.oss-cn-chengdu.aliyuncs.com/2022/06/0b810febffeb44dc881f710b151061d9.jpg,https://suse-mall.oss-cn-chengdu.aliyuncs.com/2022/06/08cbbb1f4c064a7da1b222442926ad93.jpg,https://suse-mall.oss-cn-chengdu.aliyuncs.com/2022/06/e42653547b3b4eadbe57a8f038782fc6.jpg,https://suse-mall.oss-cn-chengdu.aliyuncs.com/2022/06/2952a75f918140e7b7170be2f4e9f0e6.jpg', 123, 1, '2022-06-03 11:13:58', '2022-06-03 11:13:58', '2022-06-03 11:13:58', NULL);
INSERT INTO `tz_order_prod` VALUES (236, 108, '山地车自行车男', '1532532629235068930', 0.00, 129.00, '山地车自行车男变速越野单车双减震赛车26英寸学生青少年女成人成年通勤车EG7 顶配-钢架黑红色【辐条轮】', 'https://suse-mall.oss-cn-chengdu.aliyuncs.com/2022/06/5c342b5d71d04c5f8947bf038e147d96.avif,https://suse-mall.oss-cn-chengdu.aliyuncs.com/2022/06/7bb68f16db0946a8a7c74a8747db56e9.avif,https://suse-mall.oss-cn-chengdu.aliyuncs.com/2022/06/567afeed33854009a6812daa751b76d8.avif', 'https://suse-mall.oss-cn-chengdu.aliyuncs.com/2022/06/0b810febffeb44dc881f710b151061d9.jpg,https://suse-mall.oss-cn-chengdu.aliyuncs.com/2022/06/08cbbb1f4c064a7da1b222442926ad93.jpg,https://suse-mall.oss-cn-chengdu.aliyuncs.com/2022/06/e42653547b3b4eadbe57a8f038782fc6.jpg,https://suse-mall.oss-cn-chengdu.aliyuncs.com/2022/06/2952a75f918140e7b7170be2f4e9f0e6.jpg', 123, 1, '2022-06-03 11:13:58', '2022-06-03 11:13:58', '2022-06-03 11:13:58', NULL);
INSERT INTO `tz_order_prod` VALUES (237, 108, '山地车自行车男', '1532532629235068930', 0.00, 129.00, '山地车自行车男变速越野单车双减震赛车26英寸学生青少年女成人成年通勤车EG7 顶配-钢架黑红色【辐条轮】', 'https://suse-mall.oss-cn-chengdu.aliyuncs.com/2022/06/5c342b5d71d04c5f8947bf038e147d96.avif,https://suse-mall.oss-cn-chengdu.aliyuncs.com/2022/06/7bb68f16db0946a8a7c74a8747db56e9.avif,https://suse-mall.oss-cn-chengdu.aliyuncs.com/2022/06/567afeed33854009a6812daa751b76d8.avif', 'https://suse-mall.oss-cn-chengdu.aliyuncs.com/2022/06/0b810febffeb44dc881f710b151061d9.jpg,https://suse-mall.oss-cn-chengdu.aliyuncs.com/2022/06/08cbbb1f4c064a7da1b222442926ad93.jpg,https://suse-mall.oss-cn-chengdu.aliyuncs.com/2022/06/e42653547b3b4eadbe57a8f038782fc6.jpg,https://suse-mall.oss-cn-chengdu.aliyuncs.com/2022/06/2952a75f918140e7b7170be2f4e9f0e6.jpg', 123, 1, '2022-06-03 11:13:58', '2022-06-03 11:13:58', '2022-06-03 11:13:58', NULL);
INSERT INTO `tz_order_prod` VALUES (238, 108, '山地车自行车男', '1532532629235068930', 0.00, 129.00, '山地车自行车男变速越野单车双减震赛车26英寸学生青少年女成人成年通勤车EG7 顶配-钢架黑红色【辐条轮】', 'https://suse-mall.oss-cn-chengdu.aliyuncs.com/2022/06/5c342b5d71d04c5f8947bf038e147d96.avif,https://suse-mall.oss-cn-chengdu.aliyuncs.com/2022/06/7bb68f16db0946a8a7c74a8747db56e9.avif,https://suse-mall.oss-cn-chengdu.aliyuncs.com/2022/06/567afeed33854009a6812daa751b76d8.avif', 'https://suse-mall.oss-cn-chengdu.aliyuncs.com/2022/06/0b810febffeb44dc881f710b151061d9.jpg,https://suse-mall.oss-cn-chengdu.aliyuncs.com/2022/06/08cbbb1f4c064a7da1b222442926ad93.jpg,https://suse-mall.oss-cn-chengdu.aliyuncs.com/2022/06/e42653547b3b4eadbe57a8f038782fc6.jpg,https://suse-mall.oss-cn-chengdu.aliyuncs.com/2022/06/2952a75f918140e7b7170be2f4e9f0e6.jpg', 123, 1, '2022-06-03 11:13:58', '2022-06-03 11:13:58', '2022-06-03 11:13:58', NULL);
INSERT INTO `tz_order_prod` VALUES (239, 108, '山地车自行车男', '1532532629235068930', 0.00, 129.00, '山地车自行车男变速越野单车双减震赛车26英寸学生青少年女成人成年通勤车EG7 顶配-钢架黑红色【辐条轮】', 'https://suse-mall.oss-cn-chengdu.aliyuncs.com/2022/06/5c342b5d71d04c5f8947bf038e147d96.avif,https://suse-mall.oss-cn-chengdu.aliyuncs.com/2022/06/7bb68f16db0946a8a7c74a8747db56e9.avif,https://suse-mall.oss-cn-chengdu.aliyuncs.com/2022/06/567afeed33854009a6812daa751b76d8.avif', 'https://suse-mall.oss-cn-chengdu.aliyuncs.com/2022/06/0b810febffeb44dc881f710b151061d9.jpg,https://suse-mall.oss-cn-chengdu.aliyuncs.com/2022/06/08cbbb1f4c064a7da1b222442926ad93.jpg,https://suse-mall.oss-cn-chengdu.aliyuncs.com/2022/06/e42653547b3b4eadbe57a8f038782fc6.jpg,https://suse-mall.oss-cn-chengdu.aliyuncs.com/2022/06/2952a75f918140e7b7170be2f4e9f0e6.jpg', 123, 1, '2022-06-03 11:13:58', '2022-06-03 11:13:58', '2022-06-03 11:13:58', NULL);
INSERT INTO `tz_order_prod` VALUES (240, 108, '山地车自行车男', '1532532629235068930', 0.00, 129.00, '山地车自行车男变速越野单车双减震赛车26英寸学生青少年女成人成年通勤车EG7 顶配-钢架黑红色【辐条轮】', 'https://suse-mall.oss-cn-chengdu.aliyuncs.com/2022/06/5c342b5d71d04c5f8947bf038e147d96.avif,https://suse-mall.oss-cn-chengdu.aliyuncs.com/2022/06/7bb68f16db0946a8a7c74a8747db56e9.avif,https://suse-mall.oss-cn-chengdu.aliyuncs.com/2022/06/567afeed33854009a6812daa751b76d8.avif', 'https://suse-mall.oss-cn-chengdu.aliyuncs.com/2022/06/0b810febffeb44dc881f710b151061d9.jpg,https://suse-mall.oss-cn-chengdu.aliyuncs.com/2022/06/08cbbb1f4c064a7da1b222442926ad93.jpg,https://suse-mall.oss-cn-chengdu.aliyuncs.com/2022/06/e42653547b3b4eadbe57a8f038782fc6.jpg,https://suse-mall.oss-cn-chengdu.aliyuncs.com/2022/06/2952a75f918140e7b7170be2f4e9f0e6.jpg', 123, 1, '2022-06-03 11:13:58', '2022-06-03 11:13:58', '2022-06-03 11:13:58', NULL);
INSERT INTO `tz_order_prod` VALUES (241, 104, '考研408计算机学科专业基础综合教材辅导书', '1502911354422542338', 0.00, 150.00, '现货 8本2021考研408计算机学科专业基础综合教材辅导书 数据结构题集C语言版+计算机组成原理+计算机操作系统+网络清华大学912', 'https://suse-mall.oss-cn-chengdu.aliyuncs.com/2022/05/6b72110d27334c61bdad191039043790.jpg', 'https://suse-mall.oss-cn-chengdu.aliyuncs.com/2022/05/bc36280d5f544d099c01cef2cbd826db.jpg', 140, 1, '2022-05-24 22:27:13', '2022-05-24 22:27:13', '2022-05-24 22:27:13', NULL);
INSERT INTO `tz_order_prod` VALUES (242, 105, '深度学习 deep learning', '1502911354422542338', 0.00, 84.00, '深度学习 deep learning中文版花书AI书籍神经网络框架算法机器人系统编程AI书籍程机器学习人工智能程序设计教程书', 'https://suse-mall.oss-cn-chengdu.aliyuncs.com/2022/05/b28f936dd465434b9058d928b61b21b9.jpg,https://suse-mall.oss-cn-chengdu.aliyuncs.com/2022/05/904b9b2fe3ec4bb386788ff5a58bcc1a.jpg', 'https://suse-mall.oss-cn-chengdu.aliyuncs.com/2022/05/5db768b656284fbcbcee22a7b83d7e26.jpg', 140, 1, '2022-05-24 22:38:37', '2022-05-24 22:38:37', '2022-05-24 22:38:37', NULL);
INSERT INTO `tz_order_prod` VALUES (243, 104, '考研408计算机学科专业基础综合教材辅导书', '1502911354422542338', 0.00, 150.00, '现货 8本2021考研408计算机学科专业基础综合教材辅导书 数据结构题集C语言版+计算机组成原理+计算机操作系统+网络清华大学912', 'https://suse-mall.oss-cn-chengdu.aliyuncs.com/2022/05/6b72110d27334c61bdad191039043790.jpg', 'https://suse-mall.oss-cn-chengdu.aliyuncs.com/2022/05/bc36280d5f544d099c01cef2cbd826db.jpg', 140, 1, '2022-05-24 22:27:13', '2022-05-24 22:27:13', '2022-05-24 22:27:13', NULL);
INSERT INTO `tz_order_prod` VALUES (244, 95, '佳能/CANON', '121211', 0.00, 1799.00, '佳能/CANON 80D 60D 70D 77D 50D 90D 半画幅 二手单反相机 佳能80D 单机 95新', 'https://suse-mall.oss-cn-chengdu.aliyuncs.com/2022/04/88ac50112fe847b7bd35d5c35bae95dc.jpg,https://suse-mall.oss-cn-chengdu.aliyuncs.com/2022/04/b13db1f992cf43b7b0e672802725aa27.jpg', 'https://suse-mall.oss-cn-chengdu.aliyuncs.com/2022/04/1df8ccb1bb1e4643bae37ed6228bacca.jpg,https://suse-mall.oss-cn-chengdu.aliyuncs.com/2022/04/c55bdf6dd5d14a9993b2d64c945c8bab.jpg,https://suse-mall.oss-cn-chengdu.aliyuncs.com/2022/04/a0316f222efa40c19da456fa6283aa18.jpg,https://suse-mall.oss-cn-chengdu.aliyuncs.com/2022/04/e1f84b7e65a64a13b835bf61570ec52c.jpg', 143, 1, '2022-04-25 20:13:50', '2022-04-25 20:13:50', '2022-04-25 20:13:50', NULL);
INSERT INTO `tz_order_prod` VALUES (245, 105, '深度学习 deep learning', '1502911354422542338', 0.00, 84.00, '深度学习 deep learning中文版花书AI书籍神经网络框架算法机器人系统编程AI书籍程机器学习人工智能程序设计教程书', 'https://suse-mall.oss-cn-chengdu.aliyuncs.com/2022/05/b28f936dd465434b9058d928b61b21b9.jpg,https://suse-mall.oss-cn-chengdu.aliyuncs.com/2022/05/904b9b2fe3ec4bb386788ff5a58bcc1a.jpg', 'https://suse-mall.oss-cn-chengdu.aliyuncs.com/2022/05/5db768b656284fbcbcee22a7b83d7e26.jpg', 140, 1, '2022-05-24 22:38:37', '2022-05-24 22:38:37', '2022-05-24 22:38:37', NULL);
INSERT INTO `tz_order_prod` VALUES (246, 94, '连衣裙女', '121211', 0.00, 79.00, ' 白鹿明星同款香影连衣裙女2022夏季新款气质收腰娃娃领泡泡袖裙子 果绿 S预售4月26日陆续发货', 'https://suse-mall.oss-cn-chengdu.aliyuncs.com/2022/04/32cc465ca44144299df22dcf773e049f.jpg,https://suse-mall.oss-cn-chengdu.aliyuncs.com/2022/04/2f7acbfe7efb4664b96fc6e38f09f32f.jpg,https://suse-mall.oss-cn-chengdu.aliyuncs.com/2022/04/36083b8eb29a4de9b6e40b64f608a7d3.jpg,https://suse-mall.oss-cn-chengdu.aliyuncs.com/2022/04/01893af332f14a988e67b20544ab392c.jpg', 'https://suse-mall.oss-cn-chengdu.aliyuncs.com/2022/04/a25d5dbfcf99427c8cac57e26640b059.jpg,https://suse-mall.oss-cn-chengdu.aliyuncs.com/2022/04/5ca3aa46495b4214b124bcfcb1c3c886.jpg,https://suse-mall.oss-cn-chengdu.aliyuncs.com/2022/04/17a9f7b66a074d7cbdf530bd10f4023b.jpg,https://suse-mall.oss-cn-chengdu.aliyuncs.com/2022/04/acc57817b2e341bd807f9af61eb70a2f.jpg,https://suse-mall.oss-cn-chengdu.aliyuncs.com/2022/04/f979797c10de4bebbb9bbb2ac7ef5048.jpg,https://suse-mall.oss-cn-chengdu.aliyuncs.com/2022/04/51324a2d380841bb9524406910c265d3.jpg,https://suse-mall.oss-cn-chengdu.aliyuncs.com/2022/04/171f42c58f3c4c59816bcee162eba6a6.jpg,https://suse-mall.oss-cn-chengdu.aliyuncs.com/2022/04/da0d29d932014ac3b462de6ae2bf7b9f.png', 32, 1, '2022-04-25 20:10:01', '2022-04-25 20:10:01', '2022-04-25 20:10:01', NULL);
INSERT INTO `tz_order_prod` VALUES (247, 92, '荣耀畅玩20', '121211', 0.00, 899.00, '荣耀畅玩20 5000mAh超大电池续航 6.5英寸大屏 莱茵护眼 4GB+128GB 幻夜黑 双卡双待 全网通', 'https://suse-mall.oss-cn-chengdu.aliyuncs.com/2022/04/31bc95fc6ce54aefb56827315731318f.jpg,https://suse-mall.oss-cn-chengdu.aliyuncs.com/2022/04/f8686ff61f5542c5b254b70e3a5bdc98.jpg,https://suse-mall.oss-cn-chengdu.aliyuncs.com/2022/04/0c46fcffbf3545cf8ea01ef39b1d9a9b.jpg,https://suse-mall.oss-cn-chengdu.aliyuncs.com/2022/04/71b664fd82c746389b9c5dadcbbdf4cb.jpg', 'https://suse-mall.oss-cn-chengdu.aliyuncs.com/2022/04/1ace3b5916684fcd94165d286bf5851b.jpg,https://suse-mall.oss-cn-chengdu.aliyuncs.com/2022/04/130ab15cfda54477bf8b46fe8d396cdd.jpg,https://suse-mall.oss-cn-chengdu.aliyuncs.com/2022/04/0bf4706762de492b8827837fa63f3c21.jpg,https://suse-mall.oss-cn-chengdu.aliyuncs.com/2022/04/43af5d199e17400db0a66940d6ba8d03.jpg', 156, 1, '2022-04-25 19:55:20', '2022-04-25 19:55:20', '2022-04-25 19:55:20', NULL);
INSERT INTO `tz_order_prod` VALUES (248, 106, '健伦（JEEANLEAN）六星级乒乓球拍双拍', '1532532629235068930', 0.00, 53.50, '健伦（JEEANLEAN）六星级乒乓球拍双拍一横一直弧圈快攻型球拍 双面反胶成品对拍JLP006T', 'https://suse-mall.oss-cn-chengdu.aliyuncs.com/2022/06/39b16387fe0e4a418a02753fd518245b.avif,https://suse-mall.oss-cn-chengdu.aliyuncs.com/2022/06/9a84eb74cdb94605bdc12f44f16fdf0a.avif,https://suse-mall.oss-cn-chengdu.aliyuncs.com/2022/06/e38ab03b772142c19684a0694d58f503.avif,https://suse-mall.oss-cn-chengdu.aliyuncs.com/2022/06/a3eaf4d3474848a7a92f276438395940.avif', 'https://suse-mall.oss-cn-chengdu.aliyuncs.com/2022/06/a5f8a74cbd7a421e90463d1ff2ac8cce.jpg,https://suse-mall.oss-cn-chengdu.aliyuncs.com/2022/06/0f4cb2f9d46341d8b0583ec6ba43aa25.jpg,https://suse-mall.oss-cn-chengdu.aliyuncs.com/2022/06/0d5f9d638e704fc38e52d2349fe71401.jpg', 152, 1, '2022-06-03 10:03:18', '2022-06-03 10:03:18', '2022-06-03 10:03:18', NULL);
INSERT INTO `tz_order_prod` VALUES (249, 92, '荣耀畅玩20', '121211', 0.00, 899.00, '荣耀畅玩20 5000mAh超大电池续航 6.5英寸大屏 莱茵护眼 4GB+128GB 幻夜黑 双卡双待 全网通', 'https://suse-mall.oss-cn-chengdu.aliyuncs.com/2022/04/31bc95fc6ce54aefb56827315731318f.jpg,https://suse-mall.oss-cn-chengdu.aliyuncs.com/2022/04/f8686ff61f5542c5b254b70e3a5bdc98.jpg,https://suse-mall.oss-cn-chengdu.aliyuncs.com/2022/04/0c46fcffbf3545cf8ea01ef39b1d9a9b.jpg,https://suse-mall.oss-cn-chengdu.aliyuncs.com/2022/04/71b664fd82c746389b9c5dadcbbdf4cb.jpg', 'https://suse-mall.oss-cn-chengdu.aliyuncs.com/2022/04/1ace3b5916684fcd94165d286bf5851b.jpg,https://suse-mall.oss-cn-chengdu.aliyuncs.com/2022/04/130ab15cfda54477bf8b46fe8d396cdd.jpg,https://suse-mall.oss-cn-chengdu.aliyuncs.com/2022/04/0bf4706762de492b8827837fa63f3c21.jpg,https://suse-mall.oss-cn-chengdu.aliyuncs.com/2022/04/43af5d199e17400db0a66940d6ba8d03.jpg', 156, 1, '2022-04-25 19:55:20', '2022-04-25 19:55:20', '2022-04-25 19:55:20', NULL);
INSERT INTO `tz_order_prod` VALUES (250, 92, '荣耀畅玩20', '121211', 0.00, 899.00, '荣耀畅玩20 5000mAh超大电池续航 6.5英寸大屏 莱茵护眼 4GB+128GB 幻夜黑 双卡双待 全网通', 'https://suse-mall.oss-cn-chengdu.aliyuncs.com/2022/04/31bc95fc6ce54aefb56827315731318f.jpg,https://suse-mall.oss-cn-chengdu.aliyuncs.com/2022/04/f8686ff61f5542c5b254b70e3a5bdc98.jpg,https://suse-mall.oss-cn-chengdu.aliyuncs.com/2022/04/0c46fcffbf3545cf8ea01ef39b1d9a9b.jpg,https://suse-mall.oss-cn-chengdu.aliyuncs.com/2022/04/71b664fd82c746389b9c5dadcbbdf4cb.jpg', 'https://suse-mall.oss-cn-chengdu.aliyuncs.com/2022/04/1ace3b5916684fcd94165d286bf5851b.jpg,https://suse-mall.oss-cn-chengdu.aliyuncs.com/2022/04/130ab15cfda54477bf8b46fe8d396cdd.jpg,https://suse-mall.oss-cn-chengdu.aliyuncs.com/2022/04/0bf4706762de492b8827837fa63f3c21.jpg,https://suse-mall.oss-cn-chengdu.aliyuncs.com/2022/04/43af5d199e17400db0a66940d6ba8d03.jpg', 156, 1, '2022-04-25 19:55:20', '2022-04-25 19:55:20', '2022-04-25 19:55:20', NULL);
INSERT INTO `tz_order_prod` VALUES (251, 108, '山地车自行车男', '1532532629235068930', 0.00, 129.00, '山地车自行车男变速越野单车双减震赛车26英寸学生青少年女成人成年通勤车EG7 顶配-钢架黑红色【辐条轮】', 'https://suse-mall.oss-cn-chengdu.aliyuncs.com/2022/06/5c342b5d71d04c5f8947bf038e147d96.avif,https://suse-mall.oss-cn-chengdu.aliyuncs.com/2022/06/7bb68f16db0946a8a7c74a8747db56e9.avif,https://suse-mall.oss-cn-chengdu.aliyuncs.com/2022/06/567afeed33854009a6812daa751b76d8.avif', 'https://suse-mall.oss-cn-chengdu.aliyuncs.com/2022/06/0b810febffeb44dc881f710b151061d9.jpg,https://suse-mall.oss-cn-chengdu.aliyuncs.com/2022/06/08cbbb1f4c064a7da1b222442926ad93.jpg,https://suse-mall.oss-cn-chengdu.aliyuncs.com/2022/06/e42653547b3b4eadbe57a8f038782fc6.jpg,https://suse-mall.oss-cn-chengdu.aliyuncs.com/2022/06/2952a75f918140e7b7170be2f4e9f0e6.jpg', 123, 1, '2022-06-03 11:13:58', '2022-06-03 11:13:58', '2022-06-03 11:13:58', NULL);
INSERT INTO `tz_order_prod` VALUES (252, 100, '卫衣外套女', '121211', 0.00, 61.00, '拉夏贝尔欧洲站洋气假两件卫衣外套女宽松女装2022年春秋新款气质百搭显瘦女士上衣 藏青色 L(110-130斤)', 'https://suse-mall.oss-cn-chengdu.aliyuncs.com/2022/04/b3b1b6b562e9422585f5884d001a87d0.jpg', 'https://suse-mall.oss-cn-chengdu.aliyuncs.com/2022/04/155e5811f78d49bb816a86395e5d5f0d.jpg,https://suse-mall.oss-cn-chengdu.aliyuncs.com/2022/04/3353ea944966463a9139a713110cd77d.jpg,https://suse-mall.oss-cn-chengdu.aliyuncs.com/2022/04/aee7ba3465214fc9bf2c2cef3d0e882d.jpg,https://suse-mall.oss-cn-chengdu.aliyuncs.com/2022/04/c53b9a63be1144d496f0f43058b03bcf.jpg', 26, 1, '2022-04-25 22:03:40', '2022-04-25 22:03:40', '2022-04-25 22:03:40', NULL);
INSERT INTO `tz_order_prod` VALUES (253, 108, '山地车自行车男', '1532532629235068930', 0.00, 129.00, '山地车自行车男变速越野单车双减震赛车26英寸学生青少年女成人成年通勤车EG7 顶配-钢架黑红色【辐条轮】', 'https://suse-mall.oss-cn-chengdu.aliyuncs.com/2022/06/5c342b5d71d04c5f8947bf038e147d96.avif,https://suse-mall.oss-cn-chengdu.aliyuncs.com/2022/06/7bb68f16db0946a8a7c74a8747db56e9.avif,https://suse-mall.oss-cn-chengdu.aliyuncs.com/2022/06/567afeed33854009a6812daa751b76d8.avif', 'https://suse-mall.oss-cn-chengdu.aliyuncs.com/2022/06/0b810febffeb44dc881f710b151061d9.jpg,https://suse-mall.oss-cn-chengdu.aliyuncs.com/2022/06/08cbbb1f4c064a7da1b222442926ad93.jpg,https://suse-mall.oss-cn-chengdu.aliyuncs.com/2022/06/e42653547b3b4eadbe57a8f038782fc6.jpg,https://suse-mall.oss-cn-chengdu.aliyuncs.com/2022/06/2952a75f918140e7b7170be2f4e9f0e6.jpg', 123, 1, '2022-06-03 11:13:58', '2022-06-03 11:13:58', '2022-06-03 11:13:58', NULL);
INSERT INTO `tz_order_prod` VALUES (254, 106, '健伦（JEEANLEAN）六星级乒乓球拍双拍', '1532532629235068930', 0.00, 53.50, '健伦（JEEANLEAN）六星级乒乓球拍双拍一横一直弧圈快攻型球拍 双面反胶成品对拍JLP006T', 'https://suse-mall.oss-cn-chengdu.aliyuncs.com/2022/06/39b16387fe0e4a418a02753fd518245b.avif,https://suse-mall.oss-cn-chengdu.aliyuncs.com/2022/06/9a84eb74cdb94605bdc12f44f16fdf0a.avif,https://suse-mall.oss-cn-chengdu.aliyuncs.com/2022/06/e38ab03b772142c19684a0694d58f503.avif,https://suse-mall.oss-cn-chengdu.aliyuncs.com/2022/06/a3eaf4d3474848a7a92f276438395940.avif', 'https://suse-mall.oss-cn-chengdu.aliyuncs.com/2022/06/a5f8a74cbd7a421e90463d1ff2ac8cce.jpg,https://suse-mall.oss-cn-chengdu.aliyuncs.com/2022/06/0f4cb2f9d46341d8b0583ec6ba43aa25.jpg,https://suse-mall.oss-cn-chengdu.aliyuncs.com/2022/06/0d5f9d638e704fc38e52d2349fe71401.jpg', 152, 1, '2022-06-03 10:03:18', '2022-06-03 10:03:18', '2022-06-03 10:03:18', NULL);
INSERT INTO `tz_order_prod` VALUES (255, 108, '山地车自行车男', '1532532629235068930', 0.00, 129.00, '山地车自行车男变速越野单车双减震赛车26英寸学生青少年女成人成年通勤车EG7 顶配-钢架黑红色【辐条轮】', 'https://suse-mall.oss-cn-chengdu.aliyuncs.com/2022/06/5c342b5d71d04c5f8947bf038e147d96.avif,https://suse-mall.oss-cn-chengdu.aliyuncs.com/2022/06/7bb68f16db0946a8a7c74a8747db56e9.avif,https://suse-mall.oss-cn-chengdu.aliyuncs.com/2022/06/567afeed33854009a6812daa751b76d8.avif', 'https://suse-mall.oss-cn-chengdu.aliyuncs.com/2022/06/0b810febffeb44dc881f710b151061d9.jpg,https://suse-mall.oss-cn-chengdu.aliyuncs.com/2022/06/08cbbb1f4c064a7da1b222442926ad93.jpg,https://suse-mall.oss-cn-chengdu.aliyuncs.com/2022/06/e42653547b3b4eadbe57a8f038782fc6.jpg,https://suse-mall.oss-cn-chengdu.aliyuncs.com/2022/06/2952a75f918140e7b7170be2f4e9f0e6.jpg', 123, 1, '2022-06-03 11:13:58', '2022-06-03 11:13:58', '2022-06-03 11:13:58', NULL);
INSERT INTO `tz_order_prod` VALUES (256, 106, '健伦（JEEANLEAN）六星级乒乓球拍双拍', '1532532629235068930', 0.00, 53.50, '健伦（JEEANLEAN）六星级乒乓球拍双拍一横一直弧圈快攻型球拍 双面反胶成品对拍JLP006T', 'https://suse-mall.oss-cn-chengdu.aliyuncs.com/2022/06/39b16387fe0e4a418a02753fd518245b.avif,https://suse-mall.oss-cn-chengdu.aliyuncs.com/2022/06/9a84eb74cdb94605bdc12f44f16fdf0a.avif,https://suse-mall.oss-cn-chengdu.aliyuncs.com/2022/06/e38ab03b772142c19684a0694d58f503.avif,https://suse-mall.oss-cn-chengdu.aliyuncs.com/2022/06/a3eaf4d3474848a7a92f276438395940.avif', 'https://suse-mall.oss-cn-chengdu.aliyuncs.com/2022/06/a5f8a74cbd7a421e90463d1ff2ac8cce.jpg,https://suse-mall.oss-cn-chengdu.aliyuncs.com/2022/06/0f4cb2f9d46341d8b0583ec6ba43aa25.jpg,https://suse-mall.oss-cn-chengdu.aliyuncs.com/2022/06/0d5f9d638e704fc38e52d2349fe71401.jpg', 152, 1, '2022-06-03 10:03:18', '2022-06-03 10:03:18', '2022-06-03 10:03:18', NULL);

-- ----------------------------
-- Table structure for tz_prod
-- ----------------------------
DROP TABLE IF EXISTS `tz_prod`;
CREATE TABLE `tz_prod`  (
  `prod_id` bigint(0) UNSIGNED NOT NULL AUTO_INCREMENT COMMENT '产品ID',
  `prod_name` varchar(300) CHARACTER SET utf8 COLLATE utf8_general_ci NOT NULL DEFAULT '' COMMENT '商品名称',
  `user_id` varchar(50) CHARACTER SET utf8 COLLATE utf8_general_ci NULL DEFAULT NULL COMMENT '用户（买家）id',
  `ori_price` decimal(15, 2) NULL COMMENT '原价',
  `price` decimal(15, 2) NULL DEFAULT NULL COMMENT '现价',
  `brief` varchar(500) CHARACTER SET utf8 COLLATE utf8_general_ci NULL DEFAULT '' COMMENT '简要描述,卖点等',
  `content` text CHARACTER SET utf8 COLLATE utf8_general_ci NULL COMMENT '详细描述',
  `pic` varchar(1000) CHARACTER SET utf8 COLLATE utf8_general_ci NULL DEFAULT NULL COMMENT '商品主图 （预览图）',
  `imgs` varchar(1000) CHARACTER SET utf8 COLLATE utf8_general_ci NULL DEFAULT NULL COMMENT '商品图片，以,分割',
  `status` int(0) NULL DEFAULT 0 COMMENT '默认是1，表示正常状态, -1表示删除, 0下架',
  `category_id` bigint(0) UNSIGNED NULL DEFAULT NULL COMMENT '商品分类',
  `sold_num` int(0) NULL DEFAULT 0 COMMENT '销量',
  `total_stocks` int(0) NULL DEFAULT 0 COMMENT '总库存',
  `delivery_mode` json NULL COMMENT '配送方式json见TransportModeVO',
  `attr` text CHARACTER SET utf8 COLLATE utf8_general_ci NULL COMMENT '属性',
  `delivery_template_id` bigint(0) NULL DEFAULT NULL COMMENT '运费模板id',
  `create_time` datetime(0) NULL DEFAULT NULL COMMENT '录入时间',
  `update_time` datetime(0) NULL DEFAULT NULL COMMENT '修改时间',
  `putaway_time` datetime(0) NULL DEFAULT NULL COMMENT '上架时间',
  `version` int(0) NULL DEFAULT NULL COMMENT '版本 乐观锁',
  `delivery_price` decimal(10, 2) NULL DEFAULT NULL COMMENT '邮费',
  `remake` varchar(255) CHARACTER SET utf8 COLLATE utf8_general_ci NULL DEFAULT NULL COMMENT '商家备注',
  PRIMARY KEY (`prod_id`) USING BTREE,
  INDEX `shop_id`(`user_id`) USING BTREE
) ENGINE = InnoDB AUTO_INCREMENT = 108 CHARACTER SET = utf8 COLLATE = utf8_general_ci COMMENT = '商品' ROW_FORMAT = Dynamic;

-- ----------------------------
-- Records of tz_prod
-- ----------------------------
INSERT INTO `tz_prod` VALUES (86, '砂粒衬衫女❤', '121211', 0.00, 89.00, '砂粒衬衫女2022春秋洋气纯色小香风衬衫女韩版宽松显瘦叠穿衬衣百搭小个子加厚外穿长袖上衣冬 米白色 L建议105-115', NULL, 'https://suse-mall.oss-cn-chengdu.aliyuncs.com/2022/03/d4ded1be34f74aefbb352cf03f31a609.jpg,https://suse-mall.oss-cn-chengdu.aliyuncs.com/2022/03/d97e94365a5f414c921f47811125e752.jpg,https://suse-mall.oss-cn-chengdu.aliyuncs.com/2022/03/08616cdcf14246d2995c1b1041d591a4.jpg,https://suse-mall.oss-cn-chengdu.aliyuncs.com/2022/03/b2cf3d6a03624d9a8f838d590dbf6bdc.jpg', 'https://suse-mall.oss-cn-chengdu.aliyuncs.com/2022/03/e6b4146934b347fe91a1a318d5e89c8c.jpg,https://suse-mall.oss-cn-chengdu.aliyuncs.com/2022/03/2ed57a9414604a1989160daab65d4132.jpg,https://suse-mall.oss-cn-chengdu.aliyuncs.com/2022/03/0c9084f6047a4453ac0cb1f0c94301ac.jpg,https://suse-mall.oss-cn-chengdu.aliyuncs.com/2022/03/ad78e89171a9418caa1aba9293ba36d9.jpg', 0, 31, 0, 2, NULL, '{\"id\":\"e6a71d9a-d662-b871-3b52-f29a4a564f03\",\"key\":\"重量\",\"value\":\"12kg\",\"LAY_TABLE_INDEX\":0,\"LAY_CHECKED\":false}#{\"id\":\"71535db9-f7d8-d4f6-efc1-c84b70735248\",\"key\":\"尺寸2\",\"value\":\"XL\",\"LAY_TABLE_INDEX\":1,\"LAY_CHECKED\":false}#{\"id\":\"23758e7e-031f-3cfa-8667-2b22501d8e6e\",\"key\":\"品牌\",\"value\":\"砂粒\",\"LAY_TABLE_INDEX\":2,\"LAY_CHECKED\":false}#{\"id\":\"93d3dc94-2bdb-2c59-4c3b-30bbb5f78a95\",\"key\":\"材质\",\"value\":\"涤纶(聚酯纤维)25%\",\"LAY_TABLE_INDEX\":3,\"LAY_CHECKED\":false}', NULL, '2022-03-31 21:33:45', '2022-03-31 21:33:45', '2022-03-31 21:33:45', NULL, NULL, NULL);
INSERT INTO `tz_prod` VALUES (88, '阔腿裤套装女', '121211', 0.00, 128.00, '王晗暧-2021款阔腿裤套装女2020新款秋季冰丝长袖衬衫女士轻熟风时尚休闲套装 黑色 XL', NULL, 'https://suse-mall.oss-cn-chengdu.aliyuncs.com/2022/04/df4f06ee25224372bbb15149a00a3311.jpg,https://suse-mall.oss-cn-chengdu.aliyuncs.com/2022/04/8a4de3a6777e40a78dfff246a8fc5add.jpg,https://suse-mall.oss-cn-chengdu.aliyuncs.com/2022/04/be3c3a30409149f6b15bb626aad73547.jpg,https://suse-mall.oss-cn-chengdu.aliyuncs.com/2022/04/19ce3a4ff7b0415f990040b689891235.jpg', 'https://suse-mall.oss-cn-chengdu.aliyuncs.com/2022/04/d05ccfa0b7584fe398836b4b83d3b1e2.jpg,https://suse-mall.oss-cn-chengdu.aliyuncs.com/2022/04/2a90c0cacf4e4dfe887a0eae1c513f40.jpg,https://suse-mall.oss-cn-chengdu.aliyuncs.com/2022/04/92a7d55e3df14b02846091c2c63f6cab.jpg,https://suse-mall.oss-cn-chengdu.aliyuncs.com/2022/04/aabf77a61f324765996f09dd28a63297.jpg', 1, 31, 0, 1, NULL, '{\"id\":\"4646cc2d-f1a9-8ccc-0a61-ad163062a19d\",\"key\":\"品牌\",\"value\":\" 王晗暧\",\"LAY_TABLE_INDEX\":0}#{\"id\":\"28493d86-6015-8159-84ec-94975de21da3\",\"key\":\"上市时间\",\"value\":\"2022年春季\",\"LAY_TABLE_INDEX\":1}#{\"id\":\"be7b3b7e-3742-b73f-c50c-2275d5e2cd2b\",\"key\":\"材质\",\"value\":\"棉34%\",\"LAY_TABLE_INDEX\":2}#{\"id\":\"597fbded-5122-6051-7515-18b80f13fcc3\",\"key\":\"商品毛重\",\"value\":\"200.00g\",\"LAY_TABLE_INDEX\":3}#{\"id\":\"74627f9e-f7d0-200e-eddb-2d3295b49480\",\"key\":\"图案\",\"value\":\"碎花，纯色，几何图案\",\"LAY_TABLE_INDEX\":4}#{\"id\":\"6c2d26b0-daf2-f97d-e81d-a1193f3ec668\",\"key\":\"大小\",\"value\":\"XL\",\"LAY_TABLE_INDEX\":5}', NULL, '2022-04-01 11:04:17', '2022-04-01 11:04:17', '2022-04-01 11:04:17', NULL, NULL, NULL);
INSERT INTO `tz_prod` VALUES (89, '玲玖学院风条纹长袖毛衣女', '121211', 0.00, 75.00, '玲玖学院风条纹长袖毛衣女春秋假两件针织衫显瘦设计感披肩上衣', NULL, 'https://suse-mall.oss-cn-chengdu.aliyuncs.com/2022/04/80247a2078a34591a5ece7d009ec4c54.jpg,https://suse-mall.oss-cn-chengdu.aliyuncs.com/2022/04/5ee71be3d3784130ac4dbe72079ad31a.jpg,https://suse-mall.oss-cn-chengdu.aliyuncs.com/2022/04/fbd7566f462346c9ac87c42ec29bf8d7.jpg,https://suse-mall.oss-cn-chengdu.aliyuncs.com/2022/04/ec06649920d54bad87cb7cb855b2cb1f.jpg', 'https://suse-mall.oss-cn-chengdu.aliyuncs.com/2022/04/7784ec947cac43a7bd88d0cf2252dae1.jpg,https://suse-mall.oss-cn-chengdu.aliyuncs.com/2022/04/38b75aec6ea343d79436e5e6d4980ff9.jpg,https://suse-mall.oss-cn-chengdu.aliyuncs.com/2022/04/325470476abe4329b62aebbccefa201f.jpg,https://suse-mall.oss-cn-chengdu.aliyuncs.com/2022/04/cf1a1feac2934840aea49c34ffd8d98f.jpg,https://suse-mall.oss-cn-chengdu.aliyuncs.com/2022/04/2120dc5feb6d415fbff6200c2b78d948.jpg,https://suse-mall.oss-cn-chengdu.aliyuncs.com/2022/04/615273e1d6444831a2b49c168829eb1c.jpg', 1, 31, 3, 1, NULL, '{\"id\":\"eb34cb16-3179-2e01-a0e3-67f91c3b25fa\",\"key\":\"品牌\",\"value\":\" linjou\",\"LAY_TABLE_INDEX\":0}#{\"id\":\"63d00af0-3310-bfc8-95b6-8c3a161f39e2\",\"key\":\"面料\",\"value\":\"腈纶\",\"LAY_TABLE_INDEX\":1}#{\"id\":\"c4fa9296-0ec6-8498-d0f8-4b808b9475e2\",\"key\":\"成分含量\",\"value\":\"91%(含)-95%(不含)\",\"LAY_TABLE_INDEX\":2}#{\"id\":\"7076601d-f633-53f8-c70d-9981788dca91\",\"key\":\"款式\",\"value\":\"套头\",\"LAY_TABLE_INDEX\":3}#{\"id\":\"6033674e-72bc-619d-2918-6c84c781b17b\",\"key\":\"图案\",\"value\":\" 拼色\",\"LAY_TABLE_INDEX\":4}#{\"id\":\"6b0a44f4-da9d-7910-56b1-722a82a78f44\",\"key\":\"颜色分类\",\"value\":\"蓝色 杏色 咖色\",\"LAY_TABLE_INDEX\":5}#{\"id\":\"1cb49253-f596-6e81-b63e-7ed793c665a3\",\"key\":\"尺码\",\"value\":\"M\",\"LAY_TABLE_INDEX\":6}#{\"id\":\"dc484b1e-99d7-5c40-fc3d-6ae9f9cb42f1\",\"key\":\"上市年份/季节\",\"value\":\" 2022年春季\",\"LAY_TABLE_INDEX\":7}', NULL, '2022-04-01 11:47:03', '2022-04-01 11:47:03', '2022-04-01 11:47:03', NULL, NULL, NULL);
INSERT INTO `tz_prod` VALUES (90, 'OPPO A11s', '121211', 0.00, 969.00, 'OPPO A11s 4+128G 梦幻白 超大存储 5000mAh大电池 18W疾速快充 90Hz护眼屏 全网通拍照手机', NULL, 'https://suse-mall.oss-cn-chengdu.aliyuncs.com/2022/04/e4023c6ef1fb4a988995608cbe48bd19.jpg,https://suse-mall.oss-cn-chengdu.aliyuncs.com/2022/04/4aff8cf54ca749279b2e6c1b07c8ddfd.jpg,https://suse-mall.oss-cn-chengdu.aliyuncs.com/2022/04/84eac1cb4b794ca5b8df5468b3352731.jpg,https://suse-mall.oss-cn-chengdu.aliyuncs.com/2022/04/260859e1de4d4f1891293bd8eea1dd63.jpg', 'https://suse-mall.oss-cn-chengdu.aliyuncs.com/2022/04/f10c149aaf114683ba32396cf873e50c.png,https://suse-mall.oss-cn-chengdu.aliyuncs.com/2022/04/76662f63933c42de9c0947bcb0cdb699.jpg,https://suse-mall.oss-cn-chengdu.aliyuncs.com/2022/04/748cb4071a414f76894325192e173bb3.jpg,https://suse-mall.oss-cn-chengdu.aliyuncs.com/2022/04/5e0fab3d2ec34a55ba35cc500b6c7c50.jpg', 1, 156, 0, 3, NULL, '{\"id\":\"08bcccdb-845a-463d-d133-cae718501387\",\"key\":\"品牌\",\"value\":\" OPPO\",\"LAY_TABLE_INDEX\":0}#{\"id\":\"983e0ff4-330e-6ed3-81f5-1f9dda8bdbbc\",\"key\":\"商品名称\",\"value\":\"OPPOA11s\",\"LAY_TABLE_INDEX\":1}#{\"id\":\"bc9ce5f6-08f0-58b7-237d-3f6fa6ad3078\",\"key\":\"CPU型号\",\"value\":\"其他\",\"LAY_TABLE_INDEX\":2}#{\"id\":\"6990f8df-2298-5ce2-3ea4-d4b697f9987a\",\"key\":\"运行内存\",\"value\":\"4GB\",\"LAY_TABLE_INDEX\":3}#{\"id\":\"ed8ab024-896c-65a0-3cee-e8f6b77a44c3\",\"key\":\"分辨率\",\"value\":\"高清HD+\",\"LAY_TABLE_INDEX\":4}#{\"id\":\"f5ee6d31-68ad-00cc-2590-b2b2ff4483b7\",\"key\":\"机身内存\",\"value\":\"128GB\",\"LAY_TABLE_INDEX\":5}#{\"id\":\"fc62b032-6037-673c-a454-5cd783bebf00\",\"key\":\"后摄主摄像素\",\"value\":\"1300万像素\",\"LAY_TABLE_INDEX\":6}#{\"id\":\"5b5ddd3b-920e-94f8-3557-547af5ab23dd\",\"key\":\"商品产地\",\"value\":\"中国大陆\",\"LAY_TABLE_INDEX\":7}#{\"id\":\"f31318ce-132a-d7c7-f1cb-f5debb0e1722\",\"key\":\"前摄主摄像素\",\"value\":\"800万像素\",\"LAY_TABLE_INDEX\":8}', NULL, '2022-04-25 19:46:17', '2022-04-25 19:46:17', '2022-04-25 19:46:17', NULL, NULL, NULL);
INSERT INTO `tz_prod` VALUES (91, 'Apple iPhone 13 Pro', '121211', 0.00, 7648.00, 'Apple iPhone 13 Pro 苹果13pro 5G手机 二手手机 99新远峰蓝色 256G', NULL, 'https://suse-mall.oss-cn-chengdu.aliyuncs.com/2022/04/6d6e891fe1b24dcf89d95950742accb7.png,https://suse-mall.oss-cn-chengdu.aliyuncs.com/2022/04/c59494a4105f4222ae0caa089a0fb018.jpg', 'https://suse-mall.oss-cn-chengdu.aliyuncs.com/2022/04/9c59acffe86a4148a28f5706eaaf01e5.jpg,https://suse-mall.oss-cn-chengdu.aliyuncs.com/2022/04/69021436fd454097b514ed5866dcf17c.jpg,https://suse-mall.oss-cn-chengdu.aliyuncs.com/2022/04/41ff1ad60888437083b1b11a47af548b.jpg', 1, 156, 0, 1, NULL, '{\"id\":\"fe7a9656-eb37-2f4d-d666-38241d16ff8c\",\"key\":\"品牌\",\"value\":\" Apple\",\"LAY_TABLE_INDEX\":0}#{\"id\":\"5f39b872-fd9e-2fe0-ae4f-93a25c587c93\",\"key\":\"系统\",\"value\":\"iOS\",\"LAY_TABLE_INDEX\":1}#{\"id\":\"8cad920f-c902-b686-1cc6-0dbb3334149a\",\"key\":\"商品毛重\",\"value\":\"300.00g\",\"LAY_TABLE_INDEX\":2}', NULL, '2022-04-25 19:49:57', '2022-04-25 19:49:57', '2022-04-25 19:49:57', NULL, NULL, NULL);
INSERT INTO `tz_prod` VALUES (92, '荣耀畅玩20', '121211', 0.00, 899.00, '荣耀畅玩20 5000mAh超大电池续航 6.5英寸大屏 莱茵护眼 4GB+128GB 幻夜黑 双卡双待 全网通', NULL, 'https://suse-mall.oss-cn-chengdu.aliyuncs.com/2022/04/31bc95fc6ce54aefb56827315731318f.jpg,https://suse-mall.oss-cn-chengdu.aliyuncs.com/2022/04/f8686ff61f5542c5b254b70e3a5bdc98.jpg,https://suse-mall.oss-cn-chengdu.aliyuncs.com/2022/04/0c46fcffbf3545cf8ea01ef39b1d9a9b.jpg,https://suse-mall.oss-cn-chengdu.aliyuncs.com/2022/04/71b664fd82c746389b9c5dadcbbdf4cb.jpg', 'https://suse-mall.oss-cn-chengdu.aliyuncs.com/2022/04/1ace3b5916684fcd94165d286bf5851b.jpg,https://suse-mall.oss-cn-chengdu.aliyuncs.com/2022/04/130ab15cfda54477bf8b46fe8d396cdd.jpg,https://suse-mall.oss-cn-chengdu.aliyuncs.com/2022/04/0bf4706762de492b8827837fa63f3c21.jpg,https://suse-mall.oss-cn-chengdu.aliyuncs.com/2022/04/43af5d199e17400db0a66940d6ba8d03.jpg', 1, 156, 1, 3, NULL, '{\"id\":\"f14b0e5e-5290-e0af-03f5-82b5ca4325ee\",\"key\":\"品牌\",\"value\":\"荣耀（HONOR）\",\"LAY_TABLE_INDEX\":0}#{\"id\":\"8793ccf1-c9e2-5c67-2861-0ec43ca94268\",\"key\":\"商品名称\",\"value\":\"荣耀畅玩20 4G\",\"LAY_TABLE_INDEX\":1}#{\"id\":\"507adb7b-361d-2c78-1cdc-f86afa029f62\",\"key\":\"商品毛重\",\"value\":\"400.00g\",\"LAY_TABLE_INDEX\":2}#{\"id\":\"0f0de16d-9819-dfb0-7b94-4587aae15064\",\"key\":\"CPU型号\",\"value\":\"Unisoc T610\",\"LAY_TABLE_INDEX\":3}#{\"id\":\"a141f020-60bd-daa2-9b98-bd6e7df7a820\",\"key\":\"系统\",\"value\":\"Android\",\"LAY_TABLE_INDEX\":4}#{\"id\":\"9c404d28-0309-33b7-30e7-c500fbb7ad21\",\"key\":\"分辨率\",\"value\":\"高清HD+\",\"LAY_TABLE_INDEX\":5}#{\"id\":\"977a88b4-1ca3-63f1-cdb4-f2e50d36ec2d\",\"key\":\"运行内存\",\"value\":\"4GB\",\"LAY_TABLE_INDEX\":6}#{\"id\":\"51e60c6c-7a30-24ac-e768-df88749dfb04\",\"key\":\"后摄主摄像素\",\"value\":\"1300万像素\",\"LAY_TABLE_INDEX\":7}#{\"id\":\"ef0aad21-ee95-e647-deb8-8f8f2fb21620\",\"key\":\"前摄主摄像素\",\"value\":\"500万像素\",\"LAY_TABLE_INDEX\":8}', NULL, '2022-04-25 19:55:20', '2022-04-25 19:55:20', '2022-04-25 19:55:20', NULL, NULL, NULL);
INSERT INTO `tz_prod` VALUES (93, '魅族17', '121211', 0.00, 1799.00, '魅族17 8GB+128GB 十七度灰 骁龙865 旗舰5G手机 30W快充 6400W后置主摄 90Hz屏幕 支持NFC 智能拍照游戏手机', NULL, 'https://suse-mall.oss-cn-chengdu.aliyuncs.com/2022/04/25008e57a25149f5af1fd48d83ee5fc6.avif,https://suse-mall.oss-cn-chengdu.aliyuncs.com/2022/04/692908ce888a4131a524c4caad9b3b76.avif,https://suse-mall.oss-cn-chengdu.aliyuncs.com/2022/04/90d1f702ce074115a1ba16452386fa69.avif,https://suse-mall.oss-cn-chengdu.aliyuncs.com/2022/04/50a2472c50354e40b34e4a91e33b1b3c.avif', 'https://suse-mall.oss-cn-chengdu.aliyuncs.com/2022/04/00bbe776a6b144aabefe885b3b447c0b.jpg,https://suse-mall.oss-cn-chengdu.aliyuncs.com/2022/04/05c9baad1ea240a2972c46d6901d4bdc.jpg,https://suse-mall.oss-cn-chengdu.aliyuncs.com/2022/04/e61c651a5c624b009b44bc32c80afe39.jpg,https://suse-mall.oss-cn-chengdu.aliyuncs.com/2022/04/7736a324126246368a79b54d7a1a1a66.jpg', 1, 156, 1, 1, NULL, '{\"id\":\"b583919c-0ad8-6ca1-2b40-56d31efd5431\",\"key\":\"品牌\",\"value\":\"魅族（MEIZU）\",\"LAY_TABLE_INDEX\":0}#{\"id\":\"e047f905-d39a-55c3-b907-f2638cef50e8\",\"key\":\"商品名称\",\"value\":\"魅族17\",\"LAY_TABLE_INDEX\":1}#{\"id\":\"9dd49f24-3999-8926-f962-4a17af5da1ba\",\"key\":\"商品毛重\",\"value\":\"0.53kg\",\"LAY_TABLE_INDEX\":2}#{\"id\":\"cfd97ea0-e92e-896d-4866-f208da3e10af\",\"key\":\"CPU型号\",\"value\":\"骁龙865\",\"LAY_TABLE_INDEX\":3}#{\"id\":\"117edfea-c050-1b3a-93f4-e2a865860978\",\"key\":\"运行内存\",\"value\":\"8GB\",\"LAY_TABLE_INDEX\":4}#{\"id\":\"3f87dbfb-da4a-0d67-6938-183054f2f52f\",\"key\":\"后摄主摄像素\",\"value\":\"6400万像素\",\"LAY_TABLE_INDEX\":5}#{\"id\":\"4d04a251-e602-6ffd-ac05-fca39c1ca71f\",\"key\":\"前摄主摄像素\",\"value\":\"2000万像素\",\"LAY_TABLE_INDEX\":6}#{\"id\":\"1966d94b-1b5d-1493-743e-ef72064c4182\",\"key\":\"特征特质\",\"value\":\"NFC，快速充电，5G\",\"LAY_TABLE_INDEX\":7}', NULL, '2022-04-25 20:03:46', '2022-04-25 20:03:46', '2022-04-25 20:03:46', NULL, NULL, NULL);
INSERT INTO `tz_prod` VALUES (94, '连衣裙女', '121211', 0.00, 79.00, ' 白鹿明星同款香影连衣裙女2022夏季新款气质收腰娃娃领泡泡袖裙子 果绿 S预售4月26日陆续发货', NULL, 'https://suse-mall.oss-cn-chengdu.aliyuncs.com/2022/04/32cc465ca44144299df22dcf773e049f.jpg,https://suse-mall.oss-cn-chengdu.aliyuncs.com/2022/04/2f7acbfe7efb4664b96fc6e38f09f32f.jpg,https://suse-mall.oss-cn-chengdu.aliyuncs.com/2022/04/36083b8eb29a4de9b6e40b64f608a7d3.jpg,https://suse-mall.oss-cn-chengdu.aliyuncs.com/2022/04/01893af332f14a988e67b20544ab392c.jpg', 'https://suse-mall.oss-cn-chengdu.aliyuncs.com/2022/04/a25d5dbfcf99427c8cac57e26640b059.jpg,https://suse-mall.oss-cn-chengdu.aliyuncs.com/2022/04/5ca3aa46495b4214b124bcfcb1c3c886.jpg,https://suse-mall.oss-cn-chengdu.aliyuncs.com/2022/04/17a9f7b66a074d7cbdf530bd10f4023b.jpg,https://suse-mall.oss-cn-chengdu.aliyuncs.com/2022/04/acc57817b2e341bd807f9af61eb70a2f.jpg,https://suse-mall.oss-cn-chengdu.aliyuncs.com/2022/04/f979797c10de4bebbb9bbb2ac7ef5048.jpg,https://suse-mall.oss-cn-chengdu.aliyuncs.com/2022/04/51324a2d380841bb9524406910c265d3.jpg,https://suse-mall.oss-cn-chengdu.aliyuncs.com/2022/04/171f42c58f3c4c59816bcee162eba6a6.jpg,https://suse-mall.oss-cn-chengdu.aliyuncs.com/2022/04/da0d29d932014ac3b462de6ae2bf7b9f.png', 1, 32, 0, 3, NULL, '{\"id\":\"74f14c72-18b8-3105-db40-2ab9ac41a5d4\",\"key\":\"品牌\",\"value\":\" 香影（xiangying）\",\"LAY_TABLE_INDEX\":0}#{\"id\":\"96164268-0c40-31e5-e84e-a9b91f18bc9f\",\"key\":\"商品名称\",\"value\":\"白鹿明星同款香影连衣裙\",\"LAY_TABLE_INDEX\":1}#{\"id\":\"341a8d3b-e425-2398-a620-d87a630ada84\",\"key\":\"材质\",\"value\":\"锦纶/尼龙(聚酰胺纤维)26.2\",\"LAY_TABLE_INDEX\":2}#{\"id\":\"17302ba9-01b2-93ea-148e-f210a197074a\",\"key\":\"衣门襟\",\"value\":\"单排扣\",\"LAY_TABLE_INDEX\":3}#{\"id\":\"0114c6e9-c05c-66a3-4180-d7493dff30d5\",\"key\":\"袖型\",\"value\":\"泡泡袖\",\"LAY_TABLE_INDEX\":4}#{\"id\":\"c9ce2312-9617-719e-efe4-3df5db657433\",\"key\":\"上市时间\",\"value\":\"2022年夏季\",\"LAY_TABLE_INDEX\":5}', NULL, '2022-04-25 20:10:01', '2022-04-25 20:10:01', '2022-04-25 20:10:01', NULL, NULL, NULL);
INSERT INTO `tz_prod` VALUES (95, '佳能/CANON', '121211', 0.00, 1799.00, '佳能/CANON 80D 60D 70D 77D 50D 90D 半画幅 二手单反相机 佳能80D 单机 95新', NULL, 'https://suse-mall.oss-cn-chengdu.aliyuncs.com/2022/04/88ac50112fe847b7bd35d5c35bae95dc.jpg,https://suse-mall.oss-cn-chengdu.aliyuncs.com/2022/04/b13db1f992cf43b7b0e672802725aa27.jpg', 'https://suse-mall.oss-cn-chengdu.aliyuncs.com/2022/04/1df8ccb1bb1e4643bae37ed6228bacca.jpg,https://suse-mall.oss-cn-chengdu.aliyuncs.com/2022/04/c55bdf6dd5d14a9993b2d64c945c8bab.jpg,https://suse-mall.oss-cn-chengdu.aliyuncs.com/2022/04/a0316f222efa40c19da456fa6283aa18.jpg,https://suse-mall.oss-cn-chengdu.aliyuncs.com/2022/04/e1f84b7e65a64a13b835bf61570ec52c.jpg', 1, 143, 0, 1, NULL, '{\"id\":\"d641d35b-29f5-eace-a18f-562d43f90e89\",\"key\":\"商品名称\",\"value\":\"佳能/CANON 80D 60D 70\",\"LAY_TABLE_INDEX\":0}#{\"id\":\"84850b4a-5f30-d207-b1f0-382ee1c19b55\",\"key\":\"商品毛重\",\"value\":\"400.00g\",\"LAY_TABLE_INDEX\":1}', NULL, '2022-04-25 20:13:50', '2022-04-25 20:13:50', '2022-04-25 20:13:50', NULL, NULL, NULL);
INSERT INTO `tz_prod` VALUES (96, '沁沫短袖t恤女', '121211', 0.00, 54.00, '沁沫短袖t恤女2022夏季新款女装宽松韩版学生字母纯棉T恤半袖上衣服女 蓝色', NULL, 'https://suse-mall.oss-cn-chengdu.aliyuncs.com/2022/04/2de33a4adb6943e89248485ecfaef4ff.jpg,https://suse-mall.oss-cn-chengdu.aliyuncs.com/2022/04/1abf089ca11742bf8bce28c1910eb1b1.jpg', 'https://suse-mall.oss-cn-chengdu.aliyuncs.com/2022/04/fc4f5a7495b04da59c1fe8e75b078656.jpg,https://suse-mall.oss-cn-chengdu.aliyuncs.com/2022/04/13a9e35c72114228ae834488f440752b.jpg,https://suse-mall.oss-cn-chengdu.aliyuncs.com/2022/04/dfe23e62701747999c44c135ef7c87f6.jpg,https://suse-mall.oss-cn-chengdu.aliyuncs.com/2022/04/64e0193a91024d7486a7e69b240a02c0.jpg', 1, 31, 0, 3, NULL, '{\"id\":\"feffe2d0-cf39-c997-725c-de765f49c579\",\"key\":\"品牌\",\"value\":\" 沁沫（QINMO）\",\"LAY_TABLE_INDEX\":0}#{\"id\":\"b3f92767-f235-7889-ada9-67b5fcf7c26b\",\"key\":\"商品名称\",\"value\":\"沁沫短袖t恤女2022夏季新款女装宽松韩版学生字母纯棉T恤半袖上衣服女 蓝色 M\",\"LAY_TABLE_INDEX\":1}#{\"id\":\"3385afe4-2168-85b4-760d-651f5b637ef5\",\"key\":\"材质\",\"value\":\"其他60%\",\"LAY_TABLE_INDEX\":2}#{\"id\":\"6e346b4e-5d91-90c0-45f7-59ad4478ee24\",\"key\":\"商品毛重\",\"value\":\"500.00g\",\"LAY_TABLE_INDEX\":3}#{\"id\":\"4c8a7936-8d73-cc26-80eb-b67c0bf2472d\",\"key\":\"领型\",\"value\":\"圆领\",\"LAY_TABLE_INDEX\":4}#{\"id\":\"fb183f9e-3009-c301-03a9-5ba3811e7894\",\"key\":\"上市时间\",\"value\":\"2022年夏季\",\"LAY_TABLE_INDEX\":5}#{\"id\":\"d302659a-8f0f-e2bc-bc8a-1b410870a7e9\",\"key\":\"袖型\",\"value\":\"常规袖\",\"LAY_TABLE_INDEX\":6}', NULL, '2022-04-25 20:18:08', '2022-04-25 20:18:08', '2022-04-25 20:18:08', NULL, NULL, NULL);
INSERT INTO `tz_prod` VALUES (97, '夏棉短袖T恤女', '121211', 0.00, 76.00, 'DUROSBABY 2022年夏棉短袖T恤女新款卡通立体帽圆领上衣欧货宽松洋气潮 白色款 2XL 建议140-160斤', NULL, 'https://suse-mall.oss-cn-chengdu.aliyuncs.com/2022/04/7b1c0806d8ec4e9bbac4d2ce7ebb95ff.jpg,https://suse-mall.oss-cn-chengdu.aliyuncs.com/2022/04/19f890daae814835bf8db57b1ed493a4.jpg,https://suse-mall.oss-cn-chengdu.aliyuncs.com/2022/04/5d79accc343e4c17b88d916275303ad0.jpg', 'https://suse-mall.oss-cn-chengdu.aliyuncs.com/2022/04/9c4c1932e196410c8282866c7a9abf8b.jpg,https://suse-mall.oss-cn-chengdu.aliyuncs.com/2022/04/96ae526d32d74863bcc841434f061b5b.jpg,https://suse-mall.oss-cn-chengdu.aliyuncs.com/2022/04/463254e4e32c45c7bd845f6bcbe88734.jpg', 1, 31, 0, 3, NULL, '{\"id\":\"2ed0c3f4-f8be-336f-37d5-e8df3c8e6d9f\",\"key\":\"品牌\",\"value\":\"DUROSBABY\",\"LAY_TABLE_INDEX\":0}#{\"id\":\"bcc0fe88-777e-e622-be1b-7724be187888\",\"key\":\"商品毛重\",\"value\":\"1.0kg\",\"LAY_TABLE_INDEX\":1}#{\"id\":\"b0a72d1a-8037-23d4-2127-b9356143a622\",\"key\":\"材质\",\"value\":\"棉\",\"LAY_TABLE_INDEX\":2}#{\"id\":\"f293385f-08f7-61ba-ef21-5891fa29551d\",\"key\":\"上市时间\",\"value\":\"2022年夏季\",\"LAY_TABLE_INDEX\":3}', NULL, '2022-04-25 20:20:46', '2022-04-25 20:20:46', '2022-04-25 20:20:46', NULL, NULL, NULL);
INSERT INTO `tz_prod` VALUES (98, '收腰显瘦短袖衬衫', '121211', 0.00, 114.00, 'DUROSBABY 2022年夏季收腰显瘦短袖衬衫设计感小众荷叶边碎花雪纺短款上衣女 浅粉色 XL', NULL, 'https://suse-mall.oss-cn-chengdu.aliyuncs.com/2022/04/1f6b38455ace4cdabe1303b3421761e2.jpg,https://suse-mall.oss-cn-chengdu.aliyuncs.com/2022/04/4d9ceae1d1fa47afb5bf5c275d758d9f.jpg,https://suse-mall.oss-cn-chengdu.aliyuncs.com/2022/04/ccda0536ac3f4473a80e1cd1970e8148.jpg', 'https://suse-mall.oss-cn-chengdu.aliyuncs.com/2022/04/e7e9e7c4ce4949e5af3769b3d351aa6d.jpg,https://suse-mall.oss-cn-chengdu.aliyuncs.com/2022/04/ab366b79fc954eda91d0c4efe1990253.jpg,https://suse-mall.oss-cn-chengdu.aliyuncs.com/2022/04/7c2097e6a93043bea346219118d6b9e5.jpg,https://suse-mall.oss-cn-chengdu.aliyuncs.com/2022/04/740fc95b493541ab81fa2117237058ce.jpg,https://suse-mall.oss-cn-chengdu.aliyuncs.com/2022/04/82ebd90772a74dbfb3e2debe3fcaf7f1.jpg', 1, 31, 0, 1, NULL, '{\"id\":\"44f80583-42bd-79a5-0d32-d528cc1f1c92\",\"key\":\"品牌\",\"value\":\"DUROSBABY\",\"LAY_TABLE_INDEX\":0}#{\"id\":\"af4f33de-11ac-ab60-9c17-48d00cb213de\",\"key\":\"商品毛重\",\"value\":\"1.0kg\",\"LAY_TABLE_INDEX\":1}#{\"id\":\"df5d431f-9743-118a-3e97-a01cb0125f9a\",\"key\":\"流行元素\",\"value\":\"荷叶边\",\"LAY_TABLE_INDEX\":2}#{\"id\":\"0597ae2e-e9a6-592b-ccec-c1f3cb322da6\",\"key\":\"风格\",\"value\":\"韩版\",\"LAY_TABLE_INDEX\":3}', NULL, '2022-04-25 20:23:43', '2022-04-25 20:23:43', '2022-04-25 20:23:43', NULL, NULL, NULL);
INSERT INTO `tz_prod` VALUES (99, '卫衣套装女', '121211', 0.00, 58.00, '随影衣飘 卫衣套装女2022年春秋新款连帽宽松韩版休闲两件套装运动套装卫衣女 1556灰色 M', NULL, 'https://suse-mall.oss-cn-chengdu.aliyuncs.com/2022/04/19c7c956369747ada0e2f2b8f5aebacb.jpg,https://suse-mall.oss-cn-chengdu.aliyuncs.com/2022/04/cf01323766634a0e875b2a4ee24b6910.jpg,https://suse-mall.oss-cn-chengdu.aliyuncs.com/2022/04/615689f30c1049aa93f6ef7400091381.jpg,https://suse-mall.oss-cn-chengdu.aliyuncs.com/2022/04/bd874dfcab784e75b8014cacbccfd3c4.jpg', 'https://suse-mall.oss-cn-chengdu.aliyuncs.com/2022/04/20029317fbc440c493c48c80d04bf74d.jpg,https://suse-mall.oss-cn-chengdu.aliyuncs.com/2022/04/80ca123bb5104ccf96650987e52e1082.jpg,https://suse-mall.oss-cn-chengdu.aliyuncs.com/2022/04/b1532a54e27e4c84a500814a29cc41be.jpg,https://suse-mall.oss-cn-chengdu.aliyuncs.com/2022/04/a29170bafadf477c8ef78ec391cfe79e.jpg', 1, 31, 0, 2, NULL, '{\"id\":\"80fcbc4f-6934-e471-4f5b-305215df5172\",\"key\":\"品牌\",\"value\":\"随影衣飘\",\"LAY_TABLE_INDEX\":0}#{\"id\":\"5f9c18f7-e947-36ac-c93a-879ff6324a32\",\"key\":\"商品毛重\",\"value\":\"0.7kg\",\"LAY_TABLE_INDEX\":1}#{\"id\":\"ac377802-654b-44a2-39e7-297bd65e1513\",\"key\":\"风格\",\"value\":\"百搭，通勤风，韩版\",\"LAY_TABLE_INDEX\":2}#{\"id\":\"037aace6-aa1e-40f3-7cc2-9c7c5368f456\",\"key\":\"上市时间\",\"value\":\"2022年春季\",\"LAY_TABLE_INDEX\":3}', NULL, '2022-04-25 22:00:37', '2022-04-25 22:00:37', '2022-04-25 22:00:37', NULL, NULL, NULL);
INSERT INTO `tz_prod` VALUES (100, '卫衣外套女', '121211', 0.00, 61.00, '拉夏贝尔欧洲站洋气假两件卫衣外套女宽松女装2022年春秋新款气质百搭显瘦女士上衣 藏青色 L(110-130斤)', NULL, 'https://suse-mall.oss-cn-chengdu.aliyuncs.com/2022/04/b3b1b6b562e9422585f5884d001a87d0.jpg', 'https://suse-mall.oss-cn-chengdu.aliyuncs.com/2022/04/155e5811f78d49bb816a86395e5d5f0d.jpg,https://suse-mall.oss-cn-chengdu.aliyuncs.com/2022/04/3353ea944966463a9139a713110cd77d.jpg,https://suse-mall.oss-cn-chengdu.aliyuncs.com/2022/04/aee7ba3465214fc9bf2c2cef3d0e882d.jpg,https://suse-mall.oss-cn-chengdu.aliyuncs.com/2022/04/c53b9a63be1144d496f0f43058b03bcf.jpg', 1, 26, 1, 0, NULL, '{\"id\":\"3a14b226-d7d1-b6bd-5956-9ff492994bd8\",\"key\":\"品牌\",\"value\":\"拉夏贝尔（La Chapelle）\",\"LAY_TABLE_INDEX\":0}#{\"id\":\"fef72b2d-1b7d-f805-a266-aead0bad82d4\",\"key\":\"领型\",\"value\":\"V领\",\"LAY_TABLE_INDEX\":1}#{\"id\":\"a85a1cb3-c1e2-52f4-378d-96ce79552302\",\"key\":\"适用年龄\",\"value\":\"25-29周岁，30-34周岁，\",\"LAY_TABLE_INDEX\":2}#{\"id\":\"0f96ebfd-291b-8500-a7ab-efa1fcf17d00\",\"key\":\"风格\",\"value\":\"百搭\",\"LAY_TABLE_INDEX\":3}#{\"id\":\"037f7cb8-7f76-f3d1-a1bc-7993e1e7ce9e\",\"key\":\"袖型\",\"value\":\"落肩袖\",\"LAY_TABLE_INDEX\":4}', NULL, '2022-04-25 22:03:40', '2022-04-25 22:03:40', '2022-04-25 22:03:40', NULL, NULL, NULL);
INSERT INTO `tz_prod` VALUES (101, '卫衣女套装', '121211', 0.00, 95.00, '惠珈芸 卫衣女套装春季新款2021学生韩版工装运动套装女小个子宽松时尚减龄chic春秋洋气休闲套装女 粉色套装 L(建议110-125斤）', NULL, 'https://suse-mall.oss-cn-chengdu.aliyuncs.com/2022/04/bd8b7ad8283f4f4383a55e1279d65bc3.jpg,https://suse-mall.oss-cn-chengdu.aliyuncs.com/2022/04/ad4ae2ec0f9b4505a576ad17204d5f2f.jpg,https://suse-mall.oss-cn-chengdu.aliyuncs.com/2022/04/0f6f886a7dfb440ab0f276a30b26e573.jpg', 'https://suse-mall.oss-cn-chengdu.aliyuncs.com/2022/04/0002578cfef44560934e2d61465f9c38.jpg,https://suse-mall.oss-cn-chengdu.aliyuncs.com/2022/04/b1729448e7bf45d1a479cbfcdf5328af.jpg,https://suse-mall.oss-cn-chengdu.aliyuncs.com/2022/04/108cfc12d85a4a3da6345d81f6c79296.jpg,https://suse-mall.oss-cn-chengdu.aliyuncs.com/2022/04/ca9ab75d6e644a179e749dbc34b69828.jpg,https://suse-mall.oss-cn-chengdu.aliyuncs.com/2022/04/3bcdccb93ce84351bea4e05052ab5f79.jpg,https://suse-mall.oss-cn-chengdu.aliyuncs.com/2022/04/cee895d49b234bd189347b4eb95ea49b.jpg', 1, 31, 2, 1, NULL, '{\"id\":\"bde314a7-3a72-f841-6beb-8099f9a608e9\",\"key\":\"品牌\",\"value\":\" 惠珈芸\",\"LAY_TABLE_INDEX\":0}#{\"id\":\"be55ea15-5289-8f31-8ab2-4b960480536b\",\"key\":\"适用年龄\",\"value\":\"18-24周岁，25-29周岁，30-34周岁\",\"LAY_TABLE_INDEX\":1}#{\"id\":\"e7928260-2cde-8247-35fb-25b83448e2d5\",\"key\":\"上市时间\",\"value\":\"2021年春季\",\"LAY_TABLE_INDEX\":2}#{\"id\":\"a10cb09f-dc4b-2140-bf07-c569ff899c5b\",\"key\":\"图案\",\"value\":\"纯色\",\"LAY_TABLE_INDEX\":3}', NULL, '2022-04-25 22:06:57', '2022-04-25 22:06:57', '2022-04-25 22:06:57', NULL, NULL, NULL);
INSERT INTO `tz_prod` VALUES (102, '保暖内衣女士(加绒)', '121211', 0.00, 25.00, 'MGSUV2020秋冬德绒无痕半高领长袖保暖内衣女士加绒上装打底衫潮 紫色 160(M)', NULL, 'https://suse-mall.oss-cn-chengdu.aliyuncs.com/2022/04/9d4f5e2caa95419bba011fb6a06b79b7.jpg', 'https://suse-mall.oss-cn-chengdu.aliyuncs.com/2022/04/3f5241d7eef14fd68fecd769d4d338b3.jpg,https://suse-mall.oss-cn-chengdu.aliyuncs.com/2022/04/8461127a0e504aa1b811bc87f894a3c0.jpg,https://suse-mall.oss-cn-chengdu.aliyuncs.com/2022/04/23291863182649e39f510661d3656b3d.jpg', 1, 31, 0, 3, NULL, '{\"id\":\"fbf00ffa-3b5c-bc2f-c8a6-2a9cf0146574\",\"key\":\"品牌\",\"value\":\" MGSUV\",\"LAY_TABLE_INDEX\":0}#{\"id\":\"2231ebd7-7756-2588-dba7-4aa66c60ef3b\",\"key\":\"上市时间\",\"value\":\"2020年秋季\",\"LAY_TABLE_INDEX\":1}#{\"id\":\"dcb01214-1148-4c38-9d86-50314cdc6766\",\"key\":\"袖长\",\"value\":\"长袖\",\"LAY_TABLE_INDEX\":2}#{\"id\":\"76d72167-62b4-0cf8-6676-e172d490d485\",\"key\":\"是否加绒\",\"value\":\"加绒\",\"LAY_TABLE_INDEX\":3}#{\"id\":\"0783cf98-1ce6-ce89-279b-1aab298f9433\",\"key\":\"适用性别\",\"value\":\"女\",\"LAY_TABLE_INDEX\":4}', NULL, '2022-04-25 22:09:38', '2022-04-25 22:09:38', '2022-04-25 22:09:38', NULL, NULL, NULL);
INSERT INTO `tz_prod` VALUES (103, '雪纺衬衫女', '121211', 0.00, 79.00, '波点雪纺衬衫女新款时尚显瘦蝴蝶结飘带雪纺衫 杏色【9738#】 S', NULL, 'https://suse-mall.oss-cn-chengdu.aliyuncs.com/2022/04/eed2111eb58046df93d97533f6aaf3a2.jpg,https://suse-mall.oss-cn-chengdu.aliyuncs.com/2022/04/2f277a69a0f24e369d1475fcc260503f.jpg', 'https://suse-mall.oss-cn-chengdu.aliyuncs.com/2022/04/218476a1dcb94a919aaa9de8ce4239ef.jpg,https://suse-mall.oss-cn-chengdu.aliyuncs.com/2022/04/590f728ea4ed4c6bb187116a184585df.jpg,https://suse-mall.oss-cn-chengdu.aliyuncs.com/2022/04/df14a3067f744c84b3ebb745005d8750.jpg,https://suse-mall.oss-cn-chengdu.aliyuncs.com/2022/04/9020971ec0ff4d7aaa97120f609636b6.jpg', 1, 31, 0, 3, NULL, '{\"id\":\"b6d8a0bc-40cd-8922-ba7c-be8873b2d464\",\"key\":\"品牌\",\"value\":\" 娜梵度（NAFANDU）\",\"LAY_TABLE_INDEX\":0}#{\"id\":\"e743a2e3-6514-f81b-6a4a-f6907bee8d09\",\"key\":\"领型\",\"value\":\"V领\",\"LAY_TABLE_INDEX\":1}#{\"id\":\"b9486ebb-9750-2b13-5332-32bd0d458c2c\",\"key\":\"面料\",\"value\":\"雪纺\",\"LAY_TABLE_INDEX\":2}#{\"id\":\"1b92344f-624f-93fe-a16a-f9a8aff55f2c\",\"key\":\"商品毛重\",\"value\":\"100.00g\",\"LAY_TABLE_INDEX\":3}#{\"id\":\"91d157fa-52f5-f5fc-c3bc-8090dba8c9ac\",\"key\":\"风格\",\"value\":\"简约\",\"LAY_TABLE_INDEX\":4}', NULL, '2022-04-25 22:12:03', '2022-04-25 22:12:03', '2022-04-25 22:12:03', NULL, NULL, NULL);
INSERT INTO `tz_prod` VALUES (104, '考研408计算机学科专业基础综合教材辅导书', '1502911354422542338', 0.00, 150.00, '现货 8本2021考研408计算机学科专业基础综合教材辅导书 数据结构题集C语言版+计算机组成原理+计算机操作系统+网络清华大学912', NULL, 'https://suse-mall.oss-cn-chengdu.aliyuncs.com/2022/05/6b72110d27334c61bdad191039043790.jpg', 'https://suse-mall.oss-cn-chengdu.aliyuncs.com/2022/05/bc36280d5f544d099c01cef2cbd826db.jpg', 1, 140, 0, 3, NULL, '{\"id\":\"2d96e79e-3bbe-efdf-c879-760740811e14\",\"key\":\"书名\",\"value\":\"计算机专业基础综合考试大纲解析\",\"LAY_TABLE_INDEX\":0}#{\"id\":\"3c349caf-6192-ba4b-ff3c-9521fc1f184c\",\"key\":\"科目\",\"value\":\"计算机考研套装八本\",\"LAY_TABLE_INDEX\":1}#{\"id\":\"a313508c-fc2b-82b1-8539-e026807aad1c\",\"key\":\"出版社名称\",\"value\":\"高等教育出版社\",\"LAY_TABLE_INDEX\":2}#{\"id\":\"d60b1613-21c6-abad-b15e-ba99320d2ca9\",\"key\":\"是否是套装\",\"value\":\"否\",\"LAY_TABLE_INDEX\":3}', NULL, '2022-05-24 22:27:13', '2022-05-24 22:27:13', '2022-05-24 22:27:13', NULL, NULL, NULL);
INSERT INTO `tz_prod` VALUES (105, '深度学习 deep learning', '1502911354422542338', 0.00, 84.00, '深度学习 deep learning中文版花书AI书籍神经网络框架算法机器人系统编程AI书籍程机器学习人工智能程序设计教程书', NULL, 'https://suse-mall.oss-cn-chengdu.aliyuncs.com/2022/05/b28f936dd465434b9058d928b61b21b9.jpg,https://suse-mall.oss-cn-chengdu.aliyuncs.com/2022/05/904b9b2fe3ec4bb386788ff5a58bcc1a.jpg', 'https://suse-mall.oss-cn-chengdu.aliyuncs.com/2022/05/5db768b656284fbcbcee22a7b83d7e26.jpg', 1, 140, 0, 1, NULL, '{\"id\":\"65ff7179-2fda-5168-3ed1-fe9fea8c65eb\",\"key\":\"品牌名称\",\"value\":\"POSTS & TELECOM PRESS/人民邮电出版社\",\"LAY_TABLE_INDEX\":0}#{\"id\":\"d01aa144-c30d-8e47-d094-d15a233d1a13\",\"key\":\"产品名称\",\"value\":\"深度学习\",\"LAY_TABLE_INDEX\":1}#{\"id\":\"554eb2b1-6091-20f1-c060-d1ffce1763ef\",\"key\":\"作者\",\"value\":\"Ian Goodfellow，Yoshua Bengio，Aaron Courville....\",\"LAY_TABLE_INDEX\":2}#{\"id\":\"24630377-edb9-1e01-a222-c463aed33b28\",\"key\":\"出版社名称\",\"value\":\"人民邮电出版社\",\"LAY_TABLE_INDEX\":3}#{\"id\":\"6bbb130d-b8d3-d65d-016a-1b58ceb69ae2\",\"key\":\"是否是套装\",\"value\":\"否\",\"LAY_TABLE_INDEX\":4}', NULL, '2022-05-24 22:38:37', '2022-05-24 22:38:37', '2022-05-24 22:38:37', NULL, NULL, NULL);
INSERT INTO `tz_prod` VALUES (106, '健伦（JEEANLEAN）六星级乒乓球拍双拍', '1532532629235068930', 0.00, 53.50, '健伦（JEEANLEAN）六星级乒乓球拍双拍一横一直弧圈快攻型球拍 双面反胶成品对拍JLP006T', NULL, 'https://suse-mall.oss-cn-chengdu.aliyuncs.com/2022/06/39b16387fe0e4a418a02753fd518245b.avif,https://suse-mall.oss-cn-chengdu.aliyuncs.com/2022/06/9a84eb74cdb94605bdc12f44f16fdf0a.avif,https://suse-mall.oss-cn-chengdu.aliyuncs.com/2022/06/e38ab03b772142c19684a0694d58f503.avif,https://suse-mall.oss-cn-chengdu.aliyuncs.com/2022/06/a3eaf4d3474848a7a92f276438395940.avif', 'https://suse-mall.oss-cn-chengdu.aliyuncs.com/2022/06/a5f8a74cbd7a421e90463d1ff2ac8cce.jpg,https://suse-mall.oss-cn-chengdu.aliyuncs.com/2022/06/0f4cb2f9d46341d8b0583ec6ba43aa25.jpg,https://suse-mall.oss-cn-chengdu.aliyuncs.com/2022/06/0d5f9d638e704fc38e52d2349fe71401.jpg', 1, 152, 3, 1, NULL, '{\"id\":\"2da675a1-5b28-043e-2f2b-0b07cceb88cc\",\"key\":\"品牌\",\"value\":\" 健伦（JEEANLEAN）\",\"LAY_TABLE_INDEX\":0}#{\"id\":\"c745a9fb-a594-1f9a-03cc-7542e1962a0a\",\"key\":\"商品毛重\",\"value\":\"500.00g\",\"LAY_TABLE_INDEX\":1}#{\"id\":\"96336340-7b27-1194-e687-68b61802c619\",\"key\":\"球拍打法\",\"value\":\"快攻，旋球，进攻\",\"LAY_TABLE_INDEX\":2}#{\"id\":\"4a9df650-75f5-9fe9-cada-f03a926b5092\",\"key\":\"适用人群\",\"value\":\"通用\",\"LAY_TABLE_INDEX\":3}', NULL, '2022-06-03 10:03:18', '2022-06-03 10:03:18', '2022-06-03 10:03:18', NULL, NULL, NULL);
INSERT INTO `tz_prod` VALUES (107, 'Butterfly蝴蝶孔令辉碳素乒乓拍', '1532532629235068930', 0.00, 56.00, 'Butterfly蝴蝶孔令辉碳素乒乓拍进口套胶礼盒装乒乓球拍 直拍/短柄(内赠原装拍套)', NULL, 'https://suse-mall.oss-cn-chengdu.aliyuncs.com/2022/06/2db049e920c1409d8d56889b2d894c98.avif,https://suse-mall.oss-cn-chengdu.aliyuncs.com/2022/06/9d24a53f72364fc9be4cb36c35948359.avif,https://suse-mall.oss-cn-chengdu.aliyuncs.com/2022/06/3d4883a4bd4f444f8e90836762d192d7.avif', 'https://suse-mall.oss-cn-chengdu.aliyuncs.com/2022/06/3eae5ba7e8394ee09379b828032f333d.jpg,https://suse-mall.oss-cn-chengdu.aliyuncs.com/2022/06/d13530ae20ac45008e9c5de5c5b98041.jpg,https://suse-mall.oss-cn-chengdu.aliyuncs.com/2022/06/de62b2d2c6ea4b729550c86fb8473d1f.jpg,https://suse-mall.oss-cn-chengdu.aliyuncs.com/2022/06/0bb5bcff737045289b1430584820f3ca.jpg,https://suse-mall.oss-cn-chengdu.aliyuncs.com/2022/06/deb5ea740f37492da22eebd81aa49e40.jpg,https://suse-mall.oss-cn-chengdu.aliyuncs.com/2022/06/c8ed51e611344e3b879fa7cf166269de.jpg,https://suse-mall.oss-cn-chengdu.aliyuncs.com/2022/06/93a741a306e44f8d9278e8f366e7a550.jpg', 1, 152, 0, 1, NULL, '{\"id\":\"bb1bb76c-0d08-98bd-bf9e-56e4b474fda3\",\"key\":\"品牌\",\"value\":\" Butterfly\",\"LAY_TABLE_INDEX\":0}#{\"id\":\"4da26952-38e6-b9da-5eed-3ae1132ed15a\",\"key\":\"商品毛重\",\"value\":\"0.92kg\",\"LAY_TABLE_INDEX\":1}#{\"id\":\"a2ef908c-d5ff-21a4-6495-716e79c63e5d\",\"key\":\"球拍打法\",\"value\":\"快攻，旋球，削球\",\"LAY_TABLE_INDEX\":2}#{\"id\":\"9dffc620-0dc0-d7d3-73b3-a328ea695c16\",\"key\":\"适用人群\",\"value\":\"通用\",\"LAY_TABLE_INDEX\":3}', NULL, '2022-06-03 10:35:09', '2022-06-03 10:35:09', '2022-06-03 10:35:09', NULL, NULL, NULL);
INSERT INTO `tz_prod` VALUES (108, '山地车自行车男', '1532532629235068930', 0.00, 129.00, '山地车自行车男变速越野单车双减震赛车26英寸学生青少年女成人成年通勤车EG7 顶配-钢架黑红色【辐条轮】', NULL, 'https://suse-mall.oss-cn-chengdu.aliyuncs.com/2022/06/5c342b5d71d04c5f8947bf038e147d96.avif,https://suse-mall.oss-cn-chengdu.aliyuncs.com/2022/06/7bb68f16db0946a8a7c74a8747db56e9.avif,https://suse-mall.oss-cn-chengdu.aliyuncs.com/2022/06/567afeed33854009a6812daa751b76d8.avif', 'https://suse-mall.oss-cn-chengdu.aliyuncs.com/2022/06/0b810febffeb44dc881f710b151061d9.jpg,https://suse-mall.oss-cn-chengdu.aliyuncs.com/2022/06/08cbbb1f4c064a7da1b222442926ad93.jpg,https://suse-mall.oss-cn-chengdu.aliyuncs.com/2022/06/e42653547b3b4eadbe57a8f038782fc6.jpg,https://suse-mall.oss-cn-chengdu.aliyuncs.com/2022/06/2952a75f918140e7b7170be2f4e9f0e6.jpg', 1, 123, 2, 1, NULL, '{\"id\":\"f06aa0f7-5490-161e-227d-508dbe59bab3\",\"key\":\"商品毛重\",\"value\":\"13.0kg\",\"LAY_TABLE_INDEX\":0}#{\"id\":\"fc5aa11e-c708-21b4-c0f7-5112be9eae3f\",\"key\":\"是否可折叠\",\"value\":\"不可折叠\",\"LAY_TABLE_INDEX\":1}#{\"id\":\"39210655-ea2a-1a84-7a0b-a8a3484ffff0\",\"key\":\"上市时间\",\"value\":\"2019年冬季\",\"LAY_TABLE_INDEX\":2}#{\"id\":\"ae678b1f-d52b-dc03-62b8-c85b661b2b5d\",\"key\":\"制动系统\",\"value\":\"碟刹\",\"LAY_TABLE_INDEX\":3}', NULL, '2022-06-03 11:13:58', '2022-06-03 11:13:58', '2022-06-03 11:13:58', NULL, NULL, '仅限自贡校区购买');

-- ----------------------------
-- Table structure for tz_prod_comment
-- ----------------------------
DROP TABLE IF EXISTS `tz_prod_comment`;
CREATE TABLE `tz_prod_comment`  (
  `id` varchar(32) CHARACTER SET utf8mb4 COLLATE utf8mb4_0900_ai_ci NOT NULL,
  `content` varchar(500) CHARACTER SET utf8mb4 COLLATE utf8mb4_0900_ai_ci NULL DEFAULT NULL COMMENT '内容',
  `imgs` varchar(400) CHARACTER SET utf8mb4 COLLATE utf8mb4_0900_ai_ci NULL DEFAULT NULL COMMENT '图片多张图片,分割',
  `prod_id` bigint(0) NULL DEFAULT NULL COMMENT '商品ID',
  `parent_id` varchar(32) CHARACTER SET utf8mb4 COLLATE utf8mb4_0900_ai_ci NOT NULL DEFAULT '0' COMMENT '父评论ID （没有为0）',
  `user_id` varchar(32) CHARACTER SET utf8mb4 COLLATE utf8mb4_0900_ai_ci NULL DEFAULT NULL COMMENT '用户ID',
  `create_time` datetime(0) NULL DEFAULT NULL COMMENT '创建时间',
  `grade` int(0) NULL DEFAULT NULL COMMENT '满意度（有效值：1-5）',
  `browse_times` int(0) NULL DEFAULT NULL COMMENT '浏览次数',
  `status` int(0) NULL DEFAULT 1 COMMENT '1-正常，2-待审核，3-删除',
  PRIMARY KEY (`id`) USING BTREE
) ENGINE = InnoDB CHARACTER SET = utf8mb4 COLLATE = utf8mb4_0900_ai_ci COMMENT = '商品评论表' ROW_FORMAT = Dynamic;

-- ----------------------------
-- Records of tz_prod_comment
-- ----------------------------
INSERT INTO `tz_prod_comment` VALUES ('1529412581410746369', '这是评论内容，这是评论内容，这是评论内容，这是评论内容，这是评论内容，这是评论内容，这是评论内容，这是评论内容，这是评论内容，这是评论内容，这是评论内容，这是评论内容，这是评论内容，这是评论内容，这是评论内', NULL, 152, '0', '1502911354422542338', '2022-05-25 18:42:26', 3, 0, 1);
INSERT INTO `tz_prod_comment` VALUES ('1529412650881003521', '这是评论内容，这是评论内容，这是评论内容，这是评论内容，这是评论内容，这是评论内容，这是评论内容，这是评论内容，这是评论内容，这是评论内容，这是评论内容，这是评论内容，这是评论内容，这是评论内容，这是评论内', NULL, 150, '0', '1502911354422542338', '2022-05-25 18:42:46', 3, 0, 1);
INSERT INTO `tz_prod_comment` VALUES ('1529416904538599425', '这是一条商品评价，这是一条商品评价，这是一条商品评价，这是一条商品评价，这是一条商品评价，这是一条商品评价，这是一条商品评价', NULL, 100, '0', '1502911354422542338', '2022-05-25 18:59:40', 3, 0, 1);
INSERT INTO `tz_prod_comment` VALUES ('1529416904559570945', '这是一条商品评价，这是一条商品评价，这是一条商品评价，这是一条商品评价，这是一条商品评价，这是一条商品评价，这是一条商品评价', NULL, 91, '0', '1502911354422542338', '2022-05-25 18:59:40', 3, 0, 1);
INSERT INTO `tz_prod_comment` VALUES ('1529416904576348162', '这是一条商品评价，这是一条商品评价，这是一条商品评价，这是一条商品评价，这是一条商品评价，这是一条商品评价，这是一条商品评价', NULL, 93, '0', '1502911354422542338', '2022-05-25 18:59:40', 3, 0, 1);
INSERT INTO `tz_prod_comment` VALUES ('1529429324451553282', '啊哇哇哇哇哇哇哇哇哇哇哇哇哇哇哇哇哇哇啊哇哇哇哇哇哇哇哇哇哇哇哇哇哇哇哇哇哇啊哇哇哇哇哇哇哇哇哇哇哇哇哇哇哇哇哇哇啊哇哇哇哇哇哇哇哇哇哇哇哇哇哇哇哇哇哇', NULL, 96, '0', '1502911354422542338', '2022-05-25 19:49:01', 5, 0, 1);
INSERT INTO `tz_prod_comment` VALUES ('1529429324480913410', '啊哇哇哇哇哇哇哇哇哇哇哇哇哇哇哇哇哇哇啊哇哇哇哇哇哇哇哇哇哇哇哇哇哇哇哇哇哇啊哇哇哇哇哇哇哇哇哇哇哇哇哇哇哇哇哇哇啊哇哇哇哇哇哇哇哇哇哇哇哇哇哇哇哇哇哇', NULL, 89, '0', '1502911354422542338', '2022-05-25 19:49:01', 5, 0, 1);
INSERT INTO `tz_prod_comment` VALUES ('1529431731885580289', '333333333333333333333333333333333333333333333333', NULL, 96, '0', '1502911354422542338', '2022-05-25 19:58:35', 3, 0, 1);
INSERT INTO `tz_prod_comment` VALUES ('1529431731923329026', '333333333333333333333333333333333333333333333333', NULL, 89, '0', '1502911354422542338', '2022-05-25 19:58:35', 3, 0, 1);
INSERT INTO `tz_prod_comment` VALUES ('1532731690806521857', '还行吧，性价比挺高的', NULL, 95, '0', '1532532629235068930', '2022-06-03 22:31:27', 4, 0, 1);
INSERT INTO `tz_prod_comment` VALUES ('1533008165552001025', 'qqqqqwertyuiop', NULL, 106, '0', '1532532629235068930', '2022-06-04 16:50:03', 4, 0, 1);

-- ----------------------------
-- Table structure for tz_prod_order_corr
-- ----------------------------
DROP TABLE IF EXISTS `tz_prod_order_corr`;
CREATE TABLE `tz_prod_order_corr`  (
  `id` bigint(0) NOT NULL,
  `order_id` bigint(0) NOT NULL COMMENT '订单ID',
  `order_prod_id` bigint(0) NOT NULL COMMENT '订单商品ID',
  PRIMARY KEY (`id`) USING BTREE
) ENGINE = InnoDB CHARACTER SET = utf8mb4 COLLATE = utf8mb4_0900_ai_ci COMMENT = '订单与订单商品的对应关系表' ROW_FORMAT = Dynamic;

-- ----------------------------
-- Records of tz_prod_order_corr
-- ----------------------------
INSERT INTO `tz_prod_order_corr` VALUES (1521739806550388737, 18, 100);
INSERT INTO `tz_prod_order_corr` VALUES (1521739806571360258, 18, 91);
INSERT INTO `tz_prod_order_corr` VALUES (1521839010337562626, 19, 138);
INSERT INTO `tz_prod_order_corr` VALUES (1521839010358534145, 19, 139);
INSERT INTO `tz_prod_order_corr` VALUES (1521862544229265409, 20, 140);
INSERT INTO `tz_prod_order_corr` VALUES (1521862544237654018, 20, 141);
INSERT INTO `tz_prod_order_corr` VALUES (1521865050426568706, 21, 142);
INSERT INTO `tz_prod_order_corr` VALUES (1521865050443345921, 21, 143);
INSERT INTO `tz_prod_order_corr` VALUES (1521865280274427906, 22, 144);
INSERT INTO `tz_prod_order_corr` VALUES (1521865280299593729, 22, 145);
INSERT INTO `tz_prod_order_corr` VALUES (1521865544406528002, 23, 146);
INSERT INTO `tz_prod_order_corr` VALUES (1521865544431693826, 23, 147);
INSERT INTO `tz_prod_order_corr` VALUES (1521868357844897793, 24, 148);
INSERT INTO `tz_prod_order_corr` VALUES (1521868357865869313, 24, 149);
INSERT INTO `tz_prod_order_corr` VALUES (1522027140269293570, 25, 150);
INSERT INTO `tz_prod_order_corr` VALUES (1522027140286070785, 25, 151);
INSERT INTO `tz_prod_order_corr` VALUES (1522027140302848002, 25, 152);
INSERT INTO `tz_prod_order_corr` VALUES (1522031093220474881, 26, 153);
INSERT INTO `tz_prod_order_corr` VALUES (1522031093270806529, 26, 154);
INSERT INTO `tz_prod_order_corr` VALUES (1522031093279195137, 26, 155);
INSERT INTO `tz_prod_order_corr` VALUES (1522032424450621441, 27, 156);
INSERT INTO `tz_prod_order_corr` VALUES (1522032424463204354, 27, 157);
INSERT INTO `tz_prod_order_corr` VALUES (1522032424496758786, 27, 158);
INSERT INTO `tz_prod_order_corr` VALUES (1522036165060952065, 28, 159);
INSERT INTO `tz_prod_order_corr` VALUES (1522036165090312194, 28, 160);
INSERT INTO `tz_prod_order_corr` VALUES (1522036165132255233, 28, 161);
INSERT INTO `tz_prod_order_corr` VALUES (1522041238050668546, 29, 162);
INSERT INTO `tz_prod_order_corr` VALUES (1522041238050668547, 29, 163);
INSERT INTO `tz_prod_order_corr` VALUES (1522041238134554625, 29, 164);
INSERT INTO `tz_prod_order_corr` VALUES (1522043641726599169, 30, 165);
INSERT INTO `tz_prod_order_corr` VALUES (1522043641739182082, 30, 166);
INSERT INTO `tz_prod_order_corr` VALUES (1522043641760153602, 30, 167);
INSERT INTO `tz_prod_order_corr` VALUES (1522043957926789121, 31, 168);
INSERT INTO `tz_prod_order_corr` VALUES (1522043957943566337, 31, 169);
INSERT INTO `tz_prod_order_corr` VALUES (1522043957960343554, 31, 170);
INSERT INTO `tz_prod_order_corr` VALUES (1522044260264804354, 32, 171);
INSERT INTO `tz_prod_order_corr` VALUES (1522044963808985089, 33, 172);
INSERT INTO `tz_prod_order_corr` VALUES (1522057777390936066, 34, 173);
INSERT INTO `tz_prod_order_corr` VALUES (1522057777407713282, 34, 174);
INSERT INTO `tz_prod_order_corr` VALUES (1522826900672626689, 35, 175);
INSERT INTO `tz_prod_order_corr` VALUES (1522826900689403905, 35, 176);
INSERT INTO `tz_prod_order_corr` VALUES (1522830100763009025, 36, 177);
INSERT INTO `tz_prod_order_corr` VALUES (1522830100830117890, 36, 178);
INSERT INTO `tz_prod_order_corr` VALUES (1522830115896057858, 37, 179);
INSERT INTO `tz_prod_order_corr` VALUES (1522830115912835073, 37, 180);
INSERT INTO `tz_prod_order_corr` VALUES (1522833318876307458, 38, 181);
INSERT INTO `tz_prod_order_corr` VALUES (1522833318893084674, 38, 182);
INSERT INTO `tz_prod_order_corr` VALUES (1522833510828630017, 39, 183);
INSERT INTO `tz_prod_order_corr` VALUES (1522833510853795841, 39, 184);
INSERT INTO `tz_prod_order_corr` VALUES (1522835047437045762, 40, 185);
INSERT INTO `tz_prod_order_corr` VALUES (1522835047449628674, 40, 186);
INSERT INTO `tz_prod_order_corr` VALUES (1522835521284345858, 41, 187);
INSERT INTO `tz_prod_order_corr` VALUES (1522835521301123073, 41, 188);
INSERT INTO `tz_prod_order_corr` VALUES (1522835728227110914, 42, 189);
INSERT INTO `tz_prod_order_corr` VALUES (1522835728243888130, 42, 190);
INSERT INTO `tz_prod_order_corr` VALUES (1523125538674294785, 43, 191);
INSERT INTO `tz_prod_order_corr` VALUES (1523125538691072001, 43, 192);
INSERT INTO `tz_prod_order_corr` VALUES (1523126304554094594, 44, 193);
INSERT INTO `tz_prod_order_corr` VALUES (1523126304575066114, 44, 194);
INSERT INTO `tz_prod_order_corr` VALUES (1523126642858385409, 45, 195);
INSERT INTO `tz_prod_order_corr` VALUES (1523126642875162625, 45, 196);
INSERT INTO `tz_prod_order_corr` VALUES (1523127782824075266, 46, 197);
INSERT INTO `tz_prod_order_corr` VALUES (1523127782845046785, 46, 198);
INSERT INTO `tz_prod_order_corr` VALUES (1523135881085566977, 52, 199);
INSERT INTO `tz_prod_order_corr` VALUES (1523135907094446082, 53, 200);
INSERT INTO `tz_prod_order_corr` VALUES (1523136827731591169, 54, 201);
INSERT INTO `tz_prod_order_corr` VALUES (1523137350622887938, 55, 202);
INSERT INTO `tz_prod_order_corr` VALUES (1523137364770275330, 56, 203);
INSERT INTO `tz_prod_order_corr` VALUES (1523140234089373698, 57, 204);
INSERT INTO `tz_prod_order_corr` VALUES (1523140593272791041, 58, 205);
INSERT INTO `tz_prod_order_corr` VALUES (1523140904964104193, 59, 206);
INSERT INTO `tz_prod_order_corr` VALUES (1523140976917389313, 60, 207);
INSERT INTO `tz_prod_order_corr` VALUES (1523141419823308801, 61, 208);
INSERT INTO `tz_prod_order_corr` VALUES (1523142257350320130, 62, 209);
INSERT INTO `tz_prod_order_corr` VALUES (1523142510115856386, 63, 210);
INSERT INTO `tz_prod_order_corr` VALUES (1523144134934675458, 64, 211);
INSERT INTO `tz_prod_order_corr` VALUES (1523144383073894401, 65, 212);
INSERT INTO `tz_prod_order_corr` VALUES (1523144868904321026, 66, 213);
INSERT INTO `tz_prod_order_corr` VALUES (1523145365031763969, 67, 214);
INSERT INTO `tz_prod_order_corr` VALUES (1523250912557133826, 68, 215);
INSERT INTO `tz_prod_order_corr` VALUES (1523251769772208130, 69, 216);
INSERT INTO `tz_prod_order_corr` VALUES (1523281542695133185, 70, 217);
INSERT INTO `tz_prod_order_corr` VALUES (1523281640820875266, 71, 218);
INSERT INTO `tz_prod_order_corr` VALUES (1523282829985718273, 72, 219);
INSERT INTO `tz_prod_order_corr` VALUES (1523284512505671681, 73, 220);
INSERT INTO `tz_prod_order_corr` VALUES (1523316921854930946, 74, 221);
INSERT INTO `tz_prod_order_corr` VALUES (1523316932818841602, 75, 222);
INSERT INTO `tz_prod_order_corr` VALUES (1523320181806411777, 76, 223);
INSERT INTO `tz_prod_order_corr` VALUES (1523320904409493506, 77, 224);
INSERT INTO `tz_prod_order_corr` VALUES (1526474901521694721, 78, 225);
INSERT INTO `tz_prod_order_corr` VALUES (1526474901542666242, 78, 226);
INSERT INTO `tz_prod_order_corr` VALUES (1526476301521649665, 79, 227);
INSERT INTO `tz_prod_order_corr` VALUES (1526476301530038273, 79, 228);
INSERT INTO `tz_prod_order_corr` VALUES (1528644267721895937, 80, 229);
INSERT INTO `tz_prod_order_corr` VALUES (1531474717200896001, 81, 230);
INSERT INTO `tz_prod_order_corr` VALUES (1532608799142162434, 82, 231);
INSERT INTO `tz_prod_order_corr` VALUES (1532611215136763905, 87, 232);
INSERT INTO `tz_prod_order_corr` VALUES (1532611831774949378, 88, 233);
INSERT INTO `tz_prod_order_corr` VALUES (1532611874519101441, 89, 234);
INSERT INTO `tz_prod_order_corr` VALUES (1532616676346978305, 90, 235);
INSERT INTO `tz_prod_order_corr` VALUES (1532617053683351554, 91, 236);
INSERT INTO `tz_prod_order_corr` VALUES (1532617252665327618, 92, 237);
INSERT INTO `tz_prod_order_corr` VALUES (1532617726864924673, 93, 238);
INSERT INTO `tz_prod_order_corr` VALUES (1532618638744354818, 94, 239);
INSERT INTO `tz_prod_order_corr` VALUES (1532620578039545858, 95, 240);
INSERT INTO `tz_prod_order_corr` VALUES (1532620731827896322, 96, 241);
INSERT INTO `tz_prod_order_corr` VALUES (1532621967314677761, 97, 242);
INSERT INTO `tz_prod_order_corr` VALUES (1532621967327260674, 97, 243);
INSERT INTO `tz_prod_order_corr` VALUES (1532625505516347394, 98, 244);
INSERT INTO `tz_prod_order_corr` VALUES (1532664518595928066, 100, 245);
INSERT INTO `tz_prod_order_corr` VALUES (1532695216065138690, 101, 246);
INSERT INTO `tz_prod_order_corr` VALUES (1532695216073527297, 101, 247);
INSERT INTO `tz_prod_order_corr` VALUES (1532697390191063042, 102, 248);
INSERT INTO `tz_prod_order_corr` VALUES (1532697893230718978, 103, 249);
INSERT INTO `tz_prod_order_corr` VALUES (1532697922699898881, 104, 250);
INSERT INTO `tz_prod_order_corr` VALUES (1532996935739248641, 105, 251);
INSERT INTO `tz_prod_order_corr` VALUES (1532997546652209154, 106, 252);
INSERT INTO `tz_prod_order_corr` VALUES (1533001141846020097, 107, 253);
INSERT INTO `tz_prod_order_corr` VALUES (1533002254859112450, 108, 254);
INSERT INTO `tz_prod_order_corr` VALUES (1533007494597578753, 109, 255);
INSERT INTO `tz_prod_order_corr` VALUES (1533007621643046914, 110, 256);

-- ----------------------------
-- Table structure for tz_role
-- ----------------------------
DROP TABLE IF EXISTS `tz_role`;
CREATE TABLE `tz_role`  (
  `role_id` int(0) NOT NULL AUTO_INCREMENT,
  `role_name` varchar(100) CHARACTER SET utf8 COLLATE utf8_general_ci NULL DEFAULT NULL COMMENT '角色名称',
  `remark` varchar(100) CHARACTER SET utf8 COLLATE utf8_general_ci NULL DEFAULT NULL COMMENT '备注',
  `create_user_id` varchar(64) CHARACTER SET utf8 COLLATE utf8_general_ci NULL DEFAULT NULL COMMENT '创建者ID',
  `create_time` datetime(0) NULL DEFAULT NULL COMMENT '创建时间',
  PRIMARY KEY (`role_id`) USING BTREE
) ENGINE = InnoDB CHARACTER SET = utf8 COLLATE = utf8_general_ci COMMENT = '角色' ROW_FORMAT = Dynamic;

-- ----------------------------
-- Records of tz_role
-- ----------------------------
INSERT INTO `tz_role` VALUES (1, 'manage', '管理员', NULL, '2019-07-03 08:39:49');
INSERT INTO `tz_role` VALUES (2, 'seller', '卖家', NULL, NULL);
INSERT INTO `tz_role` VALUES (3, 'user', '用户', NULL, NULL);

-- ----------------------------
-- Table structure for tz_sys_menu
-- ----------------------------
DROP TABLE IF EXISTS `tz_sys_menu`;
CREATE TABLE `tz_sys_menu`  (
  `id` int(0) NOT NULL AUTO_INCREMENT,
  `parent_id` int(0) NOT NULL COMMENT '父菜单ID，一级菜单为0',
  `order_number` int(0) NULL DEFAULT NULL COMMENT '排序',
  `href` varchar(200) CHARACTER SET utf8 COLLATE utf8_general_ci NULL DEFAULT NULL COMMENT '菜单URL',
  `title` varchar(50) CHARACTER SET utf8 COLLATE utf8_general_ci NULL DEFAULT NULL COMMENT '菜单名称',
  `icon` varchar(50) CHARACTER SET utf8 COLLATE utf8_general_ci NULL DEFAULT NULL COMMENT '菜单图标',
  `target` varchar(50) CHARACTER SET utf8 COLLATE utf8_general_ci NULL DEFAULT '_self',
  `create_time` datetime(0) NULL DEFAULT NULL,
  `update_time` datetime(0) NULL DEFAULT NULL,
  `create_user_id` varchar(36) CHARACTER SET utf8 COLLATE utf8_general_ci NULL DEFAULT NULL,
  `create_user_name` varchar(50) CHARACTER SET utf8 COLLATE utf8_general_ci NULL DEFAULT NULL,
  PRIMARY KEY (`id`) USING BTREE
) ENGINE = InnoDB AUTO_INCREMENT = 38 CHARACTER SET = utf8 COLLATE = utf8_general_ci COMMENT = '菜单管理' ROW_FORMAT = Dynamic;

-- ----------------------------
-- Records of tz_sys_menu
-- ----------------------------
INSERT INTO `tz_sys_menu` VALUES (1, 0, NULL, NULL, '常规管理', 'fa fa-address-book', '_self', NULL, NULL, NULL, NULL);
INSERT INTO `tz_sys_menu` VALUES (2, 1, NULL, NULL, '主页模板', 'fa fa-home', '_self', NULL, NULL, NULL, NULL);
INSERT INTO `tz_sys_menu` VALUES (3, 2, NULL, 'page/welcome-1.html', '主页一', 'fa fa-tachometer', '_self', NULL, NULL, NULL, NULL);
INSERT INTO `tz_sys_menu` VALUES (4, 2, NULL, 'page/welcome-2.html', '主页二', 'fa fa-tachometer', '_self', NULL, NULL, NULL, NULL);
INSERT INTO `tz_sys_menu` VALUES (5, 2, NULL, 'page/welcome-3.html', '主页三', 'fa fa-tachometer', '_self', NULL, NULL, NULL, NULL);
INSERT INTO `tz_sys_menu` VALUES (6, 1, NULL, 'page/menu/index.html', '菜单管理', 'fa fa-window-maximize', '_self', NULL, NULL, NULL, NULL);
INSERT INTO `tz_sys_menu` VALUES (7, 1, NULL, 'page/setting.html', '系统设置', 'fa fa-gears', '_self', NULL, NULL, NULL, NULL);
INSERT INTO `tz_sys_menu` VALUES (8, 1, NULL, ' page/goods/index.html', '商品管理', 'fa fa-gears', '_self', NULL, NULL, NULL, NULL);
INSERT INTO `tz_sys_menu` VALUES (9, 1, NULL, 'page/category/index.html', '分类管理', 'fa fa-gears', '_self', NULL, NULL, NULL, NULL);
INSERT INTO `tz_sys_menu` VALUES (10, 1, NULL, 'page/user/index.html', '用户管理', 'fa fa-gears', '_self', NULL, NULL, NULL, NULL);
INSERT INTO `tz_sys_menu` VALUES (12, 1, NULL, 'page/bill/index.html', '账单管理', 'fa fa-gears', '_self', NULL, NULL, NULL, NULL);
INSERT INTO `tz_sys_menu` VALUES (13, 1, NULL, 'page/timedTask/index.html', '定时任务', 'fa fa-gears', '_self', NULL, NULL, NULL, NULL);
INSERT INTO `tz_sys_menu` VALUES (14, 1, NULL, 'page/slideshow/index.html', '轮播图管理', 'fa fa-gears', '_self', NULL, NULL, NULL, NULL);
INSERT INTO `tz_sys_menu` VALUES (15, 1, NULL, 'page/table.html', '表格示例', 'fa fa-file-text', '_self', NULL, NULL, NULL, NULL);
INSERT INTO `tz_sys_menu` VALUES (16, 1, NULL, '', '表单示例', 'fa fa-calendar', '_self', NULL, NULL, NULL, NULL);
INSERT INTO `tz_sys_menu` VALUES (17, 16, NULL, 'page/form.html', '普通表单', 'fa fa-list-alt', '_self', NULL, NULL, NULL, NULL);
INSERT INTO `tz_sys_menu` VALUES (18, 16, NULL, 'page/form-step.html', '分步表单', 'fa fa-navicon', '_self', NULL, NULL, NULL, NULL);
INSERT INTO `tz_sys_menu` VALUES (19, 1, NULL, '', '登录模板', 'fa fa-flag-o', '_self', NULL, NULL, NULL, NULL);
INSERT INTO `tz_sys_menu` VALUES (20, 19, NULL, 'page/login-1.html', '登录-1', 'fa fa-stumbleupon-circle', '_blank', NULL, NULL, NULL, NULL);
INSERT INTO `tz_sys_menu` VALUES (21, 19, NULL, 'page/login-2.html', '登录-2', 'fa fa-viacoin', '_blank', NULL, NULL, NULL, NULL);
INSERT INTO `tz_sys_menu` VALUES (22, 1, NULL, NULL, '异常页面', 'fa fa-home', '_self', NULL, NULL, NULL, NULL);
INSERT INTO `tz_sys_menu` VALUES (23, 22, NULL, 'page/404.html', '404页面', 'fa fa-hourglass-end', '_self', NULL, NULL, NULL, NULL);
INSERT INTO `tz_sys_menu` VALUES (24, 1, NULL, NULL, '其它界面', 'fa fa-snowflake-o', '_self', NULL, NULL, NULL, NULL);
INSERT INTO `tz_sys_menu` VALUES (25, 24, NULL, 'page/button.html', '按钮示例', 'fa fa-snowflake-o', '_self', NULL, NULL, NULL, NULL);
INSERT INTO `tz_sys_menu` VALUES (26, 24, NULL, 'page/layer.html', '弹出层', 'fa fa-shield', '_self', NULL, NULL, NULL, NULL);
INSERT INTO `tz_sys_menu` VALUES (27, 0, NULL, NULL, '组件管理', 'fa fa-lemon-o', '_self', NULL, NULL, NULL, NULL);
INSERT INTO `tz_sys_menu` VALUES (28, 27, NULL, 'page/icon.html', '图标列表', 'fa fa-dot-circle-o', '_self', NULL, NULL, NULL, NULL);
INSERT INTO `tz_sys_menu` VALUES (29, 27, NULL, 'page/icon-picker.html', '图标选择', 'fa fa-adn', '_self', NULL, NULL, NULL, NULL);
INSERT INTO `tz_sys_menu` VALUES (30, 27, NULL, 'page/color-select.html', '颜色选择', 'fa fa-dashboard', '_self', NULL, NULL, NULL, NULL);
INSERT INTO `tz_sys_menu` VALUES (31, 27, NULL, 'page/table-select.html', '下拉选择', 'fa fa-angle-double-down', '_self', NULL, NULL, NULL, NULL);
INSERT INTO `tz_sys_menu` VALUES (32, 27, NULL, 'page/upload.html', '文件上传', 'fa fa-arrow-up', '_self', NULL, NULL, NULL, NULL);
INSERT INTO `tz_sys_menu` VALUES (33, 27, NULL, 'page/editor.html', '富文本编辑器', 'fa fa-edit', '_self', NULL, NULL, NULL, NULL);
INSERT INTO `tz_sys_menu` VALUES (34, 27, NULL, 'page/area.html', '省市县区选择器', 'fa fa-rocket', '_self', NULL, NULL, NULL, NULL);
INSERT INTO `tz_sys_menu` VALUES (35, 0, NULL, NULL, '其它管理', 'fa fa-slideshare', '_self', NULL, NULL, NULL, NULL);
INSERT INTO `tz_sys_menu` VALUES (36, 35, NULL, '', '多级菜单', 'fa fa-meetup', '_self', NULL, NULL, NULL, NULL);
INSERT INTO `tz_sys_menu` VALUES (37, 35, NULL, 'page/button.html?v=1', '按钮1', 'fa fa-calendar', '_self', NULL, NULL, NULL, NULL);

-- ----------------------------
-- Table structure for tz_user
-- ----------------------------
DROP TABLE IF EXISTS `tz_user`;
CREATE TABLE `tz_user`  (
  `user_id` varchar(36) CHARACTER SET utf8 COLLATE utf8_general_ci NOT NULL DEFAULT '' COMMENT 'ID',
  `nick_name` varchar(50) CHARACTER SET utf8 COLLATE utf8_general_ci NULL DEFAULT NULL COMMENT '用户昵称',
  `real_name` varchar(50) CHARACTER SET utf8 COLLATE utf8_general_ci NULL DEFAULT NULL COMMENT '真实姓名',
  `user_mail` varchar(100) CHARACTER SET utf8 COLLATE utf8_general_ci NULL DEFAULT NULL COMMENT '用户邮箱',
  `login_password` varchar(255) CHARACTER SET utf8 COLLATE utf8_general_ci NULL DEFAULT NULL COMMENT '登录密码',
  `pay_password` varchar(50) CHARACTER SET utf8 COLLATE utf8_general_ci NULL DEFAULT NULL COMMENT '支付密码',
  `user_mobile` varchar(50) CHARACTER SET utf8 COLLATE utf8_general_ci NULL DEFAULT NULL COMMENT '手机号码',
  `modify_time` datetime(0) NOT NULL COMMENT '修改时间',
  `user_regtime` datetime(0) NOT NULL COMMENT '注册时间',
  `user_regip` varchar(50) CHARACTER SET utf8 COLLATE utf8_general_ci NULL DEFAULT NULL COMMENT '注册IP',
  `user_lasttime` datetime(0) NULL DEFAULT NULL COMMENT '最后登录时间',
  `user_lastip` varchar(50) CHARACTER SET utf8 COLLATE utf8_general_ci NULL DEFAULT NULL COMMENT '最后登录IP',
  `user_memo` varchar(500) CHARACTER SET utf8 COLLATE utf8_general_ci NULL DEFAULT NULL COMMENT '备注',
  `sex` char(1) CHARACTER SET utf8 COLLATE utf8_general_ci NULL DEFAULT 'M' COMMENT 'M(男) or F(女)',
  `birth_date` char(10) CHARACTER SET utf8 COLLATE utf8_general_ci NULL DEFAULT NULL COMMENT '例如：2009-11-27',
  `pic` varchar(255) CHARACTER SET utf8 COLLATE utf8_general_ci NULL DEFAULT 'https://suse-mall.oss-cn-chengdu.aliyuncs.com/q101801413328592.jpg?versionId=CAEQShiBgMC8kfyM_BciIDk3ZjNhODMxZWY0ZDQ2ZDg5ZTdkNTllNDVhODEzMjQ4' COMMENT '头像图片路径',
  `status` int(0) NOT NULL DEFAULT 1 COMMENT '状态 1 正常 0 无效',
  `score` int(0) NULL DEFAULT 0 COMMENT '用户积分',
  PRIMARY KEY (`user_id`) USING BTREE,
  UNIQUE INDEX `ud_user_mail`(`user_mail`) USING BTREE,
  UNIQUE INDEX `ud_user_unique_mobile`(`user_mobile`) USING BTREE
) ENGINE = InnoDB CHARACTER SET = utf8 COLLATE = utf8_general_ci COMMENT = '用户表' ROW_FORMAT = Dynamic;

-- ----------------------------
-- Records of tz_user
-- ----------------------------
INSERT INTO `tz_user` VALUES ('121211', '测试用户-卖家', NULL, NULL, 'root', NULL, '19162803341', '2022-03-17 23:14:01', '2022-03-17 23:14:03', NULL, '2022-04-01 13:29:18', NULL, NULL, 'M', NULL, 'https://suse-mall.oss-cn-chengdu.aliyuncs.com/q101801413328592.jpg?versionId=CAEQShiBgMC8kfyM_BciIDk3ZjNhODMxZWY0ZDQ2ZDg5ZTdkNTllNDVhODEzMjQ4', 0, 0);
INSERT INTO `tz_user` VALUES ('1502911354422542338', 'XMing', NULL, '2872415598@qq.com', '202cb962ac59075b964b07152d234b70', NULL, '18280894627', '2022-03-13 15:36:04', '2022-03-13 15:36:04', '127.0.0.1', NULL, '127.0.0.1', '空空如也~', 'F', NULL, 'https://suse-mall.oss-cn-chengdu.aliyuncs.com/2022/05/d491e9c87224440ca00040dc9210b4e6.png', 1, 99999);
INSERT INTO `tz_user` VALUES ('1532532629235068930', 'LSi', NULL, NULL, '202cb962ac59075b964b07152d234b70', NULL, '19162803340', '2022-06-03 09:20:27', '2022-06-03 09:20:27', '127.0.0.1', NULL, '127.0.0.1', NULL, 'M', NULL, 'https://suse-mall.oss-cn-chengdu.aliyuncs.com/q101801413328592.jpg?versionId=CAEQShiBgMC8kfyM_BciIDk3ZjNhODMxZWY0ZDQ2ZDg5ZTdkNTllNDVhODEzMjQ4', 1, 0);
INSERT INTO `tz_user` VALUES ('2131', '2212312', NULL, NULL, '213312', NULL, '2312322', '2022-03-17 23:14:01', '2022-03-17 23:14:03', NULL, NULL, NULL, NULL, 'M', NULL, 'https://suse-mall.oss-cn-chengdu.aliyuncs.com/q101801413328592.jpg?versionId=CAEQShiBgMC8kfyM_BciIDk3ZjNhODMxZWY0ZDQ2ZDg5ZTdkNTllNDVhODEzMjQ4', 1, 0);
INSERT INTO `tz_user` VALUES ('21312', '2212312', NULL, NULL, '213312', NULL, '23123222', '2022-03-17 23:14:01', '2022-03-17 23:14:03', NULL, NULL, NULL, NULL, 'M', NULL, 'https://suse-mall.oss-cn-chengdu.aliyuncs.com/q101801413328592.jpg?versionId=CAEQShiBgMC8kfyM_BciIDk3ZjNhODMxZWY0ZDQ2ZDg5ZTdkNTllNDVhODEzMjQ4', 1, 0);
INSERT INTO `tz_user` VALUES ('213121', '2212312', NULL, NULL, '2133122', NULL, '2312322222', '2022-03-17 23:14:01', '2022-03-17 23:14:03', NULL, NULL, NULL, NULL, 'M', NULL, 'https://suse-mall.oss-cn-chengdu.aliyuncs.com/q101801413328592.jpg?versionId=CAEQShiBgMC8kfyM_BciIDk3ZjNhODMxZWY0ZDQ2ZDg5ZTdkNTllNDVhODEzMjQ4', 1, 0);
INSERT INTO `tz_user` VALUES ('21312111', '2212312', NULL, NULL, '213312', NULL, '2312322211', '2022-03-17 23:14:01', '2022-03-17 23:14:03', NULL, '2022-04-01 13:29:20', NULL, NULL, 'M', NULL, 'https://suse-mall.oss-cn-chengdu.aliyuncs.com/q101801413328592.jpg?versionId=CAEQShiBgMC8kfyM_BciIDk3ZjNhODMxZWY0ZDQ2ZDg5ZTdkNTllNDVhODEzMjQ4', 1, 0);
INSERT INTO `tz_user` VALUES ('21312312', 'guest', NULL, NULL, '213123', NULL, '21321312', '2022-03-17 23:14:01', '2022-03-17 23:14:03', NULL, NULL, NULL, NULL, 'M', NULL, 'https://suse-mall.oss-cn-chengdu.aliyuncs.com/q101801413328592.jpg?versionId=CAEQShiBgMC8kfyM_BciIDk3ZjNhODMxZWY0ZDQ2ZDg5ZTdkNTllNDVhODEzMjQ4', 1, 0);
INSERT INTO `tz_user` VALUES ('213123122', '2212312', NULL, NULL, '21312312', NULL, '23123123122', '2022-03-17 23:14:01', '2022-03-17 23:14:03', NULL, NULL, NULL, NULL, 'M', NULL, 'https://suse-mall.oss-cn-chengdu.aliyuncs.com/q101801413328592.jpg?versionId=CAEQShiBgMC8kfyM_BciIDk3ZjNhODMxZWY0ZDQ2ZDg5ZTdkNTllNDVhODEzMjQ4', 1, 0);
INSERT INTO `tz_user` VALUES ('2131231221', '221231', NULL, NULL, '2131231', NULL, '2312312312', '2022-03-17 23:14:01', '2022-03-17 23:14:03', NULL, NULL, NULL, NULL, 'M', NULL, 'https://suse-mall.oss-cn-chengdu.aliyuncs.com/q101801413328592.jpg?versionId=CAEQShiBgMC8kfyM_BciIDk3ZjNhODMxZWY0ZDQ2ZDg5ZTdkNTllNDVhODEzMjQ4', 1, 0);
INSERT INTO `tz_user` VALUES ('213213', '2212312', NULL, NULL, '213312', NULL, '23122211', '2022-03-17 23:14:01', '2022-03-17 23:14:03', NULL, NULL, NULL, NULL, 'M', NULL, 'https://suse-mall.oss-cn-chengdu.aliyuncs.com/q101801413328592.jpg?versionId=CAEQShiBgMC8kfyM_BciIDk3ZjNhODMxZWY0ZDQ2ZDg5ZTdkNTllNDVhODEzMjQ4', 0, 0);
INSERT INTO `tz_user` VALUES ('85186516', '游客2', NULL, NULL, '212', NULL, '18280894622', '2022-03-17 22:36:26', '2022-03-17 22:36:31', NULL, NULL, NULL, NULL, 'M', NULL, 'https://suse-mall.oss-cn-chengdu.aliyuncs.com/q101801413328592.jpg?versionId=CAEQShiBgMC8kfyM_BciIDk3ZjNhODMxZWY0ZDQ2ZDg5ZTdkNTllNDVhODEzMjQ4', 1, 0);

-- ----------------------------
-- Table structure for tz_user_addr
-- ----------------------------
DROP TABLE IF EXISTS `tz_user_addr`;
CREATE TABLE `tz_user_addr`  (
  `id` bigint(0) UNSIGNED NOT NULL AUTO_INCREMENT COMMENT 'ID',
  `real_name` varchar(255) CHARACTER SET utf8 COLLATE utf8_general_ci NULL DEFAULT NULL,
  `is_template` tinyint(0) NULL DEFAULT 2 COMMENT '（1是学校地址、2自定义地址）',
  `template_id` int(0) NULL DEFAULT NULL,
  `user_id` varchar(36) CHARACTER SET utf8 COLLATE utf8_general_ci NOT NULL DEFAULT '0' COMMENT '用户ID',
  `region` varchar(255) CHARACTER SET utf8 COLLATE utf8_general_ci NULL DEFAULT NULL COMMENT '地区',
  `receiver` varchar(50) CHARACTER SET utf8 COLLATE utf8_general_ci NULL DEFAULT NULL COMMENT '收货人',
  `addr` varchar(1000) CHARACTER SET utf8 COLLATE utf8_general_ci NULL DEFAULT NULL COMMENT '地址',
  `mobile` varchar(20) CHARACTER SET utf8 COLLATE utf8_general_ci NULL DEFAULT NULL COMMENT '手机',
  `create_time` datetime(0) NULL DEFAULT NULL COMMENT '建立时间',
  `update_time` datetime(0) NULL DEFAULT NULL COMMENT '更新时间',
  `is_default` tinyint(0) NULL DEFAULT NULL COMMENT '是否为默认地址（1-默认）',
  PRIMARY KEY (`id`) USING BTREE
) ENGINE = InnoDB AUTO_INCREMENT = 6 CHARACTER SET = utf8 COLLATE = utf8_general_ci COMMENT = '用户配送地址' ROW_FORMAT = Dynamic;

-- ----------------------------
-- Records of tz_user_addr
-- ----------------------------
INSERT INTO `tz_user_addr` VALUES (4, NULL, 2, NULL, '1502911354422542338', '四川宜宾翠屏区', '邹坤', '四川轻化工大学', '18280894627', '2022-04-30 17:30:07', '2022-06-04 16:46:53', 1);
INSERT INTO `tz_user_addr` VALUES (5, NULL, 2, NULL, '1502911354422542338', '四川省自贡李白河', '邹坤', '四川轻化工大学', '18280894627', '2022-04-30 23:03:55', '2022-04-30 23:50:48', 2);
INSERT INTO `tz_user_addr` VALUES (6, NULL, 2, NULL, '1532532629235068930', '宜宾 翠屏区 SUSE', 'XMing', ' B8', '18280894627', '2022-06-03 14:34:45', '2022-06-03 15:10:39', 2);

-- ----------------------------
-- Table structure for tz_user_addr_order
-- ----------------------------
DROP TABLE IF EXISTS `tz_user_addr_order`;
CREATE TABLE `tz_user_addr_order`  (
  `addr_order_id` bigint(0) UNSIGNED NOT NULL AUTO_INCREMENT COMMENT 'ID',
  `addr_id` bigint(0) UNSIGNED NOT NULL COMMENT '地址ID',
  `user_id` varchar(36) CHARACTER SET utf8 COLLATE utf8_general_ci NOT NULL DEFAULT '0' COMMENT '用户ID',
  `receiver` varchar(50) CHARACTER SET utf8 COLLATE utf8_general_ci NULL DEFAULT NULL COMMENT '收货人',
  `province_id` bigint(0) NULL DEFAULT NULL COMMENT '省ID',
  `province` varchar(100) CHARACTER SET utf8 COLLATE utf8_general_ci NULL DEFAULT NULL COMMENT '省',
  `area_id` bigint(0) NULL DEFAULT NULL COMMENT '区域ID',
  `area` varchar(20) CHARACTER SET utf8 COLLATE utf8_general_ci NULL DEFAULT NULL COMMENT '区',
  `city_id` bigint(0) NULL DEFAULT NULL COMMENT '城市ID',
  `city` varchar(20) CHARACTER SET utf8 COLLATE utf8_general_ci NULL DEFAULT NULL COMMENT '城市',
  `addr` varchar(1000) CHARACTER SET utf8 COLLATE utf8_general_ci NULL DEFAULT NULL COMMENT '地址',
  `post_code` varchar(15) CHARACTER SET utf8 COLLATE utf8_general_ci NULL DEFAULT NULL COMMENT '邮编',
  `mobile` varchar(20) CHARACTER SET utf8 COLLATE utf8_general_ci NULL DEFAULT NULL COMMENT '手机',
  `create_time` datetime(0) NOT NULL COMMENT '建立时间',
  `version` int(0) NOT NULL DEFAULT 0 COMMENT '版本号',
  PRIMARY KEY (`addr_order_id`) USING BTREE
) ENGINE = InnoDB CHARACTER SET = utf8 COLLATE = utf8_general_ci COMMENT = '用户订单配送地址' ROW_FORMAT = Dynamic;

-- ----------------------------
-- Records of tz_user_addr_order
-- ----------------------------

-- ----------------------------
-- Table structure for tz_user_collection
-- ----------------------------
DROP TABLE IF EXISTS `tz_user_collection`;
CREATE TABLE `tz_user_collection`  (
  `id` bigint(0) NOT NULL AUTO_INCREMENT COMMENT '收藏表',
  `prod_id` bigint(0) NULL DEFAULT NULL COMMENT '商品id',
  `user_id` varchar(36) CHARACTER SET utf8 COLLATE utf8_general_ci NOT NULL COMMENT '用户id',
  `create_time` datetime(0) NULL DEFAULT NULL COMMENT '收藏时间',
  PRIMARY KEY (`id`) USING BTREE
) ENGINE = InnoDB CHARACTER SET = utf8 COLLATE = utf8_general_ci ROW_FORMAT = Dynamic;

-- ----------------------------
-- Records of tz_user_collection
-- ----------------------------

-- ----------------------------
-- Table structure for tz_user_role
-- ----------------------------
DROP TABLE IF EXISTS `tz_user_role`;
CREATE TABLE `tz_user_role`  (
  `id` varchar(64) CHARACTER SET utf8 COLLATE utf8_general_ci NOT NULL,
  `user_id` varchar(64) CHARACTER SET utf8 COLLATE utf8_general_ci NOT NULL COMMENT '用户ID',
  `role_id` int(0) NOT NULL COMMENT '角色ID',
  PRIMARY KEY (`id`) USING BTREE
) ENGINE = InnoDB CHARACTER SET = utf8 COLLATE = utf8_general_ci COMMENT = '用户与角色对应关系' ROW_FORMAT = Dynamic;

-- ----------------------------
-- Records of tz_user_role
-- ----------------------------
INSERT INTO `tz_user_role` VALUES ('1', '1502911354422542338', 1);
INSERT INTO `tz_user_role` VALUES ('1532532629318955009', '1532532629235068930', 3);
INSERT INTO `tz_user_role` VALUES ('2', '121211', 2);
INSERT INTO `tz_user_role` VALUES ('3', '1502911354422542338', 3);

-- ----------------------------
-- Table structure for tz_view_prod_his
-- ----------------------------
DROP TABLE IF EXISTS `tz_view_prod_his`;
CREATE TABLE `tz_view_prod_his`  (
  `id` bigint(0) NOT NULL,
  `user_id` varchar(32) CHARACTER SET utf8mb4 COLLATE utf8mb4_0900_ai_ci NOT NULL,
  `prod_id` bigint(0) NOT NULL,
  `create_time` datetime(0) NULL DEFAULT NULL,
  PRIMARY KEY (`id`) USING BTREE
) ENGINE = InnoDB CHARACTER SET = utf8mb4 COLLATE = utf8mb4_0900_ai_ci ROW_FORMAT = Dynamic;

-- ----------------------------
-- Records of tz_view_prod_his
-- ----------------------------
INSERT INTO `tz_view_prod_his` VALUES (1520665633279201281, '1502911354422542338', 98, '2022-05-17 16:03:18');
INSERT INTO `tz_view_prod_his` VALUES (1520671220347998210, '1502911354422542338', 95, '2022-05-25 18:48:42');
INSERT INTO `tz_view_prod_his` VALUES (1520671251490705409, '1502911354422542338', 92, '2022-05-01 15:47:34');
INSERT INTO `tz_view_prod_his` VALUES (1520671543770779650, '1502911354422542338', 96, '2022-05-25 19:58:48');
INSERT INTO `tz_view_prod_his` VALUES (1520671559847546882, '1502911354422542338', 88, '2022-05-25 18:51:22');
INSERT INTO `tz_view_prod_his` VALUES (1520743415774482434, '1502911354422542338', 90, '2022-05-25 19:46:36');
INSERT INTO `tz_view_prod_his` VALUES (1520980659869376513, '1502911354422542338', 103, '2022-05-17 16:14:11');
INSERT INTO `tz_view_prod_his` VALUES (1520997518681358338, '1502911354422542338', 100, '2022-05-25 19:14:09');
INSERT INTO `tz_view_prod_his` VALUES (1521036981725921281, '1502911354422542338', 91, '2022-05-08 11:34:53');
INSERT INTO `tz_view_prod_his` VALUES (1522027122401558530, '1502911354422542338', 93, '2022-05-07 18:55:03');
INSERT INTO `tz_view_prod_his` VALUES (1522056782191648769, '1502911354422542338', 89, '2022-05-25 18:51:27');
INSERT INTO `tz_view_prod_his` VALUES (1522898946899427329, '1502911354422542338', 102, '2022-05-24 16:09:50');
INSERT INTO `tz_view_prod_his` VALUES (1523140966146416642, '1502911354422542338', 94, '2022-05-08 11:38:47');
INSERT INTO `tz_view_prod_his` VALUES (1523250905917550593, '1502911354422542338', 101, '2022-05-25 18:48:54');
INSERT INTO `tz_view_prod_his` VALUES (1527122253769129985, '1502911354422542338', 97, '2022-05-25 18:51:32');
INSERT INTO `tz_view_prod_his` VALUES (1529110083718406146, '1502911354422542338', 104, '2022-05-31 11:16:44');
INSERT INTO `tz_view_prod_his` VALUES (1529110108653543425, '1502911354422542338', 105, '2022-05-25 20:00:09');
INSERT INTO `tz_view_prod_his` VALUES (1532535285257199618, '1532532629235068930', 105, '2022-06-03 18:04:27');
INSERT INTO `tz_view_prod_his` VALUES (1532543493371613186, '1532532629235068930', 106, '2022-06-04 16:51:52');
INSERT INTO `tz_view_prod_his` VALUES (1532548596010864641, '1532532629235068930', 104, '2022-06-03 18:00:10');
INSERT INTO `tz_view_prod_his` VALUES (1532548609726238722, '1532532629235068930', 97, '2022-06-03 10:24:26');
INSERT INTO `tz_view_prod_his` VALUES (1532561239232819201, '1532532629235068930', 108, '2022-06-04 16:07:21');
INSERT INTO `tz_view_prod_his` VALUES (1532562241826705409, '1532532629235068930', 107, '2022-06-03 22:33:01');
INSERT INTO `tz_view_prod_his` VALUES (1532605890404843521, '1532532629235068930', 93, '2022-06-03 18:00:08');
INSERT INTO `tz_view_prod_his` VALUES (1532625488097402882, '1532532629235068930', 95, '2022-06-03 22:31:49');
INSERT INTO `tz_view_prod_his` VALUES (1532663364025671681, '1532532629235068930', 100, '2022-06-04 16:07:47');
INSERT INTO `tz_view_prod_his` VALUES (1532663395025772545, '1532532629235068930', 102, '2022-06-03 18:00:06');
INSERT INTO `tz_view_prod_his` VALUES (1532663431348445186, '1532532629235068930', 88, '2022-06-03 18:00:12');
INSERT INTO `tz_view_prod_his` VALUES (1532663487287877634, '1532532629235068930', 92, '2022-06-03 20:17:05');
INSERT INTO `tz_view_prod_his` VALUES (1532663496913805314, '1532532629235068930', 90, '2022-06-03 18:00:28');
INSERT INTO `tz_view_prod_his` VALUES (1532664563055550466, '1532532629235068930', 101, '2022-06-03 18:04:42');
INSERT INTO `tz_view_prod_his` VALUES (1532666853606830081, '1502911354422542338', 106, '2022-06-04 16:31:06');
INSERT INTO `tz_view_prod_his` VALUES (1532695037257764866, '1532532629235068930', 94, '2022-06-03 20:05:48');
INSERT INTO `tz_view_prod_his` VALUES (1533001122661273602, '1502911354422542338', 108, '2022-06-04 16:43:42');
INSERT INTO `tz_view_prod_his` VALUES (1533005001536835585, '1502911354422542338', 107, '2022-06-04 16:46:39');

SET FOREIGN_KEY_CHECKS = 1;
